Workbook

Sheet Spares
B1: Pace | C1: Number | D1: Type | E1: Alias | F1: Version | G1: Useful
A2: 1 | B2: Business Math | C2: 3 | D2: PACE
A3: 2 | B3: Business Math | C3: 4 | D3: PACE
A4: 3 | B4: Business Math | C4: 6 | D4: PACE
A5: 4 | B5: Business Math | C5: 7 | D5: PACE
A6: 5 | B6: Business Math | C6: 8 | D6: PACE
A7: 6 | B7: Health | C7: 1 | D7: PACE
A8: 7 | B8: Basic Intro to Physical Science | C8: 10 | D8: PACE | E8: College Physical Science
A9: 8 | B9: Basic History of Civilization | C9: 11 | D9: PACE
A10: 9 | B10: OT Survey | C10: 109 | D10: PACE | E10: Biblical Studies II
A11: 10 | B11: Biology Activity Pac | C11: 1 | D11: PACE
A12: 11 | B12: Biology Activity Pac | C12: 2 | D12: PACE
A13: 12 | B13: Biology Activity Pac | C13: 3 | D13: PACE
A14: 13 | B14: Biology Activity Pac | C14: 4 | D14: PACE
A15: 14 | B15: Biology Activity Pac | C15: 5 | D15: PACE
A16: 15 | B16: Biology Activity Pac | C16: 6 | D16: PACE
A17: 16 | B17: Social Studies — US Civics | C17: 4 | D17: PACE
A18: 17 | B18: Successful Living | C18: 1 | D18: PACE
A19: 18 | B19: Successful Living | C19: 2 | D19: PACE
A20: 19 | B20: Successful Living | C20: 3 | D20: PACE
A21: 20 | B21: Successful Living | C21: 5 | D21: PACE
A22: 21 | B22: Apologetics | C22: 1097 | D22: PACE
A23: 22 | B23: Apologetics | C23: 1098-p | D23: PACE
A24: 23 | B24: Apologetics | C24: 1099-p | D24: PACE
A25: 24 | B25: Apologetics | C25: 1100-p | D25: PACE
A26: 25 | B26: Missions | C26: 1 | D26: PACE
A27: 26 | B27: Basic Intro to Christian Counseling | C27: 6 | D27: PACE
A28: 27 | B28: Basic Greek | C28: 122 | D28: PACE
A29: 28 | B29: Basic Greek | C29: 123 | D29: PACE
A30: 29 | B30: Basic Greek | C30: 125 | D30: PACE
A31: 30 | B31: Basic Greek | C31: 126 | D31: PACE
A32: 31 | B32: Spanish I | C32: 2 | D32: PACE
A33: 32 | B33: Speech | C33: 1 | D33: PACE
A34: 33 | B34: Basic Beginning Art | C34: 77 | D34: PACE
A35: 34 | B35: Basic Beginning Art | C35: 78 | D35: PACE
A36: 35 | B36: Nutrition Science | C36: 1 | D36: PACE
A37: 36 | B37: Nutrition Science | C37: 2 | D37: PACE
... A55: 54 | B55: Algebra-II-8 | C55: 128 | D55: PACE
A56: 55 | B56: English | C56: 83 | D56: PACE | F56: Old | G56: 1
A57: 56 | B57: English I-2 | C57: 98 | D57: PACE
A58: 57 | B58: Word Building | C58: 93 | D58: PACE
A59: 58 | B59: Word Building | C59: 97 | D59: PACE
A60: 59 | B60: Word Building | C60: 99 | D60: PACE
A61: 60 | B61: Word Building | C61: 100 | D61: PACE
A62: 61 | B62: Physical Science — 3 | C62: 111 | D62: PACE
A63: 62 | B63: Physical Science — 4 | C63: 112 | D63: PACE
A64: 63 | B64: Physical Science — 5 | C64: 113 | D64: PACE
A65: 64 | B65: Physical Science — 6 | C65: 114 | D65: PACE
A66: 65 | B66: Physical Science — 7 | C66: 115 | D66: PACE
A67: 66 | B67: Physical Science — 8 | C67: 116 | D67: PACE
A68: 67 | B68: Physical Science — 9 | C68: 117 | D68: PACE
... A78: 77 | B78: Literature | C78: 96 | D78: PACE

Sheet Progress
A1: ID | B1: Student | C1: Course | D1: PACE | E1: Added | F1: Date
A2: 1 | B2: Nathanaël | C2: Maths | D2: 79 | F2: 45245
A3: 2 | B3: Nathanaël | C3: English | D3: 83 | F3: 45245
A4: 3 | B4: Nathanaël | C4: Word Building | D4: 84 | F4: 45245
A5: 4 | B5: Nathanaël | C5: Literature | D5: 78 | F5: 45245
A6: 5 | B6: Nathanaël | C6: Science | D6: 83 | F6: 45245
A7: 6 | B7: Nathanaël | C7: Social Studies | F7: 45245
A8: 8 | B8: Nathanaël | C8: Apologetics | F8: 45245
A9: 9 | B9: Nathanaël | C9: Staatsinrichting | D9: 3 | F9: 45245
A10: 10 | B10: Aron | C10: Algebra 1 | D10: 105 | F10: 45245
A11: 11 | B11: Aron | C11: English 1 | D11: 105 | F11: 45245
A12: 12 | B12: Aron | C12: Etymology | D12: 106 | F12: 45245
A13: 13 | B13: Aron | C13: Literature | D13: 108 | F13: 45245
A14: 14 | B14: Aron | C14: Biology | D14: 105 | F14: 45245
A15: 15 | B15: Aron | C15: World Geography | D15: 105 | F15: 45245
A16: 16 | B16: Aron | C16: Successful Living | D16: 11 | F16: 45245
A17: 17 | B17: Aron | C17: Apologetics | D17: 11 | F17: 45245
A18: 18 | B18: Aron | C18: Music | D18: 5 | F18: 45245
A19: 19 | B19: Dani | C19: Maths | D19: 75 | E19: 81 | F19: 45245
A20: 20 | B20: Dani | C20: English | D20: 80 | F20: 45245
A21: 21 | B21: Dani | C21: Word Building | D21: 82 | E21: 88 | F21: 45245
A22: 22 | B22: Dani | C22: Literature | D22: 74 | F22: 45245
A23: 23 | B23: Dani | C23: Science | D23: 82 | F23: 45245
A24: 24 | B24: Dani | C24: Staatsinrichting | D24: 3 | F24: 45245
A25: 25 | B25: Stijn | C25: Algebra 1 | D25: 103 | F25: 45245
A26: 26 | B26: Stijn | C26: English 1 | D26: 104 | F26: 45245
A27: 27 | B27: Stijn | C27: Etymology | D27: 103 | F27: 45245
A28: 28 | B28: Stijn | C28: Literature | D28: 104 | F28: 45245
A29: 29 | B29: Stijn | C29: Biology | D29: 102 | F29: 45245
A30: 30 | B30: Stijn | C30: World Geography | D30: 103 | F30: 45245
A31: 31 | B31: Stijn | C31: Successful Living | D31: 8 | E31: 9 | F31: 45245
A32: 32 | B32: Stijn | C32: Apologetics | D32: 97 | F32: 45245
A33: 33 | B33: Sam | C33: Geometry | D33: 109 | F33: 45245
A34: 34 | B34: Sam | C34: English II | D34: 108 | F34: 45245
A35: 35 | B35: Sam | C35: Biology | D35: 108 | F35: 45245
A36: 36 | B36: Sam | C36: Physical Science | D36: 108 | E36: 112, 113, 114 | F36: 45245
A37: 37 | B37: Sam | C37: World Geography | D37: 108 | F37: 45245
A38: 38 | B38: Sam | C38: History of Civilization 1 | D38: 0 | E38: 9 | F38: 45245
A39: 39 | B39: Sam | C39: Greek 1 | D39: 121 | E39: 125, 126 | F39: 45245
A40: 40 | B40: Sam | C40: NT Christ History | D40: 121 | F40: 45245
A41: 41 | B41: Nathan | C41: Maths | D41: 74 | F41: 45245
A42: 42 | B42: Nathan | C42: English | D42: 75 | F42: 45245
A43: 43 | B43: Nathan | C43: Word Building | D43: 75 | E43: 81 | F43: 45245
A44: 44 | B44: Nathan | C44: Literature | D44: 74 | E44: 8 | F44: 45245
A45: 45 | B45: Nathan | C45: Science | D45: 76 | F45: 45245
A46: 46 | B46: Nathan | C46: Social Studies | D46: 76 | F46: 45245
A47: 47 | B47: Kevin | C47: Algebra 1 | D47: 99 | F47: 45245
A48: 48 | B48: Kevin | C48: English 1 | D48: 100 | F48: 45245
A49: 49 | B49: Kevin | C49: Etymology | D49: 100 | F49: 45245
A50: 50 | B50: Kevin | C50: Literature | D50: 98 | F50: 45245
A51: 51 | B51: Kevin | C51: Biology | D51: 100 | F51: 45245
A52: 52 | B52: Kevin | C52: World Geography | D52: 100 | F52: 45245
A53: 53 | B53: Kevin | C53: Successful Living | D53: 5 | E53: 8 | F53: 45245
A54: 54 | B54: Kevin | C54: Apologetics | F54: 45245
A55: 55 | B55: Kevin | C55: Music | D55: 5 | F55: 45245
A56: 56 | B56: Kevin | C56: American History | D56: 88 | F56: 45245
A57: 57 | B57: Eleazar | C57: General Maths | D57: 91 | F57: 45245
A58: 58 | B58: Eleazar | C58: General English | D58: 92 | F58: 45245
A59: 59 | B59: Eleazar | C59: Word Building | D59: 95 | F59: 45245
A60: 60 | B60: Eleazar | C60: Literature | D60: 88 | F60: 45245
A61: 61 | B61: Eleazar | C61: Earth Science | D61: 93 | F61: 45245
A62: 62 | B62: Eleazar | C62: World History | D62: 101 | F62: 45245
A63: 63 | B63: Eleazar | C63: British & European History | D63: 88 | F63: 45245
A64: 64 | B64: Eleazar | C64: NT Survey | D64: 102 | F64: 45245
A65: 65 | B65: Lukas | C65: General Maths | D65: 84 | F65: 45245
A66: 66 | B66: Lukas | C66: General English | D66: 86 | F66: 45245
... A78: 80 | B78: Dorcas | C78: NT Survey | D78: 104 | F78: 45245
A79: 81 | B79: Noa | C79: Algebra 1 | D79: 97 | E79: 102 | F79: 45245
A80: 82 | B80: Noa | C80: English 1 | D80: 98 | F80: 45245
A81: 83 | B81: Noa | C81: Etymology | D81: 97 | F81: 45245
A82: 84 | B82: Noa | C82: Literature | D82: 99 | F82: 45245
A83: 85 | B83: Noa | C83: Biology | D83: 97 | F83: 45245
A84: 86 | B84: Noa | C84: World Geography | D84: 97 | F84: 45245
A85: 87 | B85: Noa | C85: Apologetics | D85: 1 | F85: 45245
A86: 88 | B86: Deborah | C86: Geometry | D86: 109 | F86: 45245
A87: 89 | B87: Deborah | C87: English II | D87: 109 | F87: 45245
A88: 90 | B88: Deborah | C88: Physical Science | D88: 108 | F88: 45245
A89: 91 | B89: Deborah | C89: History of Civilization 1 | D89: 1 | F89: 45245
A90: 91 | B90: Sam | C90: Basic Intro to Christian Counseling | D90: 1 | E90: 6 | F90: 45245
A91: 92 | B91: Deborah | C91: OT Survey | D91: 110 | F91: 45245
A92: 93 | B92: Deborah | C92: Apologetics II | D92: 1 | F92: 45245

Sheet State
A1: ID | B1: State | C1: Reason
A2: 1 | B2: Enrolled
A3: 2 | B3: Unenrolled | C3: Moved to other location
A4: 3 | B4: Unenrolled | C4: Disagreement
A5: 4 | B5: Unenrolled | C5: Graduated
A6: 0 | B6: Not Applicable

Sheet Person
A1: ID | B1: Surname | C1: SurnamePrefix | D1: FirstNames | E1: CallName | F1: Email | G1: DateOfBirth | H1: AddressID | I1: Status | J1: ClassID | K1: FirstLanguageID | L1: SecondLanguageID | M1: StateID | N1: Baptized__ | O1: Denomination
A2: 1 | B2: Adeleke | D2: Deborah | E2: Deborah | G2: 39083 | H2: 1 | I2: Student | J2: 4 | K2: 2 | L2: 1 | M2: 1 | N2: No | O2: 5
A3: 2 | B3: Adeleke | D3: Oluwatobi Samuel | E3: Oluwatobi | G3: =G2+3*RANDBETWEEN(-365, 365) -> 39200 | H3: 1 | I3: Student | J3: 4 | K3: 2 | L3: 1 | M3: 1 | N3: No | O3: 5
A4: 3 | B4: Adeleke | D4: Dorcas Mayowa Oluwatofarati Temitope Esther | E4: Dorcas | G4: =G3+3*RANDBETWEEN(-365, 365) -> 38480 | H4: 1 | I4: Student | J4: 4 | K4: 2 | L4: 1 | M4: 1 | N4: No | O4: 5
A5: 4 | B5: Benschop | D5: Jannetje Hendrika | E5: Hannah | G5: =G4+3*RANDBETWEEN(-365, 365) -> 38825 | H5: 2 | I5: Student | J5: 4 | K5: 1 | L5: 2 | M5: 4 | N5: No | O5: 0
A6: 5 | B6: Boulahdaraj | D6: Zakariya | E6: Zakariya | G6: =G5+3*RANDBETWEEN(-365, 365) -> 39836 | H6: 3 | I6: Student | J6: 4 | K6: 1 | L6: 5 | M6: 1 | N6: No | O6: 0
A7: 6 | B7: Brand | C7: van den | D7: Ezra | E7: Ezra | G7: =G6+3*RANDBETWEEN(-365, 365) -> 39899 | H7: 4 | I7: Student | J7: 4 | K7: 1 | L7: 2 | M7: 1 | N7: No | O7: 0
A8: 7 | B8: Brand | C8: van den | D8: Lois-Daan | E8: Lois-Daan | G8: =G7+3*RANDBETWEEN(-365, 365) -> 39383 | H8: 4 | I8: Student | J8: 4 | K8: 1 | L8: 2 | M8: 1 | N8: No | O8: 0
A9: 8 | B9: Bruijne | C9: de | D9: Matthias | E9: Matthias | G9: =G8+3*RANDBETWEEN(-365, 365) -> 39248 | H9: 5 | I9: Student | J9: 4 | K9: 1 | L9: 2 | M9: 1 | N9: No | O9: 0
A10: 9 | B10: Choi | D10: Byeol | E10: Byeol | G10: =G9+3*RANDBETWEEN(-365, 365) -> 39335 | H10: 6 | I10: Student | J10: 4 | K10: 1 | L10: 2 | M10: 2 | N10: No | O10: 6
A11: 10 | B11: Gonzalez Rodriguez | D11: Eleazar Leonardo | E11: Eleazar | G11: =G10+3*RANDBETWEEN(-365, 365) -> 38444 | H11: 7 | I11: Student | J11: 4 | K11: 1 | L11: 3 | M11: 1 | N11: No | O11: 3
A12: 11 | B12: Gunnink | D12: Johannes David Bernardus | E12: Daan | G12: =G11+3*RANDBETWEEN(-365, 365) -> 38735 | H12: 8 | I12: Student | J12: 4 | K12: 1 | L12: 2 | M12: 4 | N12: Yes, immersion | O12: 4
A13: 12 | B13: Harkes | D13: Marinus Dirk Martijn | E13: Stijn | G13: =G12+3*RANDBETWEEN(-365, 365) -> 37745 | H13: 9 | I13: Student | J13: 4 | K13: 1 | L13: 2 | M13: 1 | N13: No | O13: 1
A14: 13 | B14: Harkes | D14: Jonathan Anne Theodoor | E14: Jona | G14: =G13+3*RANDBETWEEN(-365, 365) -> 37883 | H14: 9 | I14: Student | J14: 4 | K14: 1 | L14: 2 | M14: 1 | N14: No | O14: 1
A15: 14 | B15: Houweling | C15: van | D15: Benjamin Ezra | E15: Ben | G15: =G14+3*RANDBETWEEN(-365, 365) -> 37868 | H15: 10 | I15: Student | J15: 4 | K15: 1 | L15: 2 | M15: 1 | N15: No | O15: 0
A16: 15 | B16: Houweling | C16: van | D16: Noah Christian | E16: Noah | G16: =G15+3*RANDBETWEEN(-365, 365) -> 37964 | H16: 10 | I16: Student | J16: 4 | K16: 1 | L16: 2 | M16: 1 | N16: No | O16: 0
A17: 16 | B17: Houweling | C17: van | D17: Emma Rhodé | E17: Aimée | G17: =G16+3*RANDBETWEEN(-365, 365) -> 37013 | H17: 10 | I17: Student | J17: 4 | K17: 1 | L17: 2 | M17: 1 | N17: No | O17: 0
A18: 17 | B18: Kleef | C18: van | D18: Loïs Eunice | E18: Loïs | G18: =G17+3*RANDBETWEEN(-365, 365) -> 36428 | H18: 11 | I18: Student | J18: 4 | K18: 1 | L18: 2 | M18: 3 | N18: No | O18: 0
A19: 18 | B19: Kleef | C19: van | D19: Jonathan | E19: Jonathan | G19: =G18+3*RANDBETWEEN(-365, 365) -> 37352 | H19: 11 | I19: Student | J19: 4 | K19: 1 | L19: 2 | M19: 3 | N19: No | O19: 0
A20: 19 | B20: Lee | D20: Kang Kevin | E20: Kevin | G20: =G19+3*RANDBETWEEN(-365, 365) -> 37655 | H20: 12 | I20: Student | J20: 4 | K20: 6 | L20: 2 | M20: 1 | N20: No | O20: 0
A21: 20 | B21: Lee | D21: Myung | E21: Matthew | G21: =G20+3*RANDBETWEEN(-365, 365) -> 37022 | H21: 12 | I21: Student | J21: 4 | K21: 6 | L21: 2 | M21: 1 | N21: No | O21: 0
A22: 21 | B22: Littel | D22: Beline Elizabeth | E22: Lina | G22: =G21+3*RANDBETWEEN(-365, 365) -> 36176 | H22: 13 | I22: Student | J22: 4 | K22: 1 | L22: 2 | M22: 1 | N22: No | O22: 4
A23: 22 | B23: Littel | D23: Simon Johannes | E23: Sam | G23: =G22+3*RANDBETWEEN(-365, 365) -> 35474 | H23: 13 | I23: Student | J23: 4 | K23: 1 | L23: 2 | M23: 1 | N23: Yes, immersion | O23: 4
A24: 23 | B24: Littel | D24: Catharina Johanna | E24: Noa | G24: =G23+3*RANDBETWEEN(-365, 365) -> 34745 | H24: 13 | I24: Student | J24: 4 | K24: 1 | L24: 2 | M24: 1 | N24: Yes, immersion | O24: 4
A25: 24 | B25: Trimp | D25: Elbert Daniël | E25: Dani | G25: =G24+3*RANDBETWEEN(-365, 365) -> 34757 | H25: 14 | I25: Student | J25: 4 | K25: 1 | L25: 3 | M25: 1 | N25: No | O25: 4
A26: 25 | B26: Trimp | D26: Aron Pieter | E26: Aron | G26: =G25+3*RANDBETWEEN(-365, 365) -> 34553 | H26: 14 | I26: Student | J26: 4 | K26: 1 | L26: 3 | M26: 1 | N26: No | O26: 4
A27: 26 | B27: Verwoerd | D27: Cornelia Elisabeth | E27: Isolde | G27: =G26+3*RANDBETWEEN(-365, 365) -> 35150 | H27: 15 | I27: Student | J27: 4 | K27: 1 | L27: 2 | M27: 4 | N27: No | O27: 0
A28: 27 | B28: Verwoerd | D28: Martinus Gerardus | E28: Magnus | G28: =G27+3*RANDBETWEEN(-365, 365) -> 35249 | H28: 15 | I28: Student | J28: 4 | K28: 1 | L28: 2 | M28: 4 | N28: No | O28: 0
A29: 28 | B29: Visser | D29: Loïs | E29: Loïs | G29: =G28+3*RANDBETWEEN(-365, 365) -> 35900 | H29: 16 | I29: Student | J29: 4 | K29: 1 | L29: 2 | M29: 4 | N29: No | O29: 0
A30: 29 | B30: Yong | D30: Joseph Nathan Andrew Jun-Yin | E30: Nathan | G30: 40453 | H30: 17 | I30: Student | J30: 4 | K30: 1 | L30: 4 | M30: 1 | N30: No | O30: 4
A31: 30 | B31: Yong | D31: Andrew | E31: Andrew | F31: a.yong@ceder.nl | G31: 30584 | H31: 17 | I31: Monitor | J31: 0 | K31: 1 | L31: 2 | M31: 0 | N31: Yes, affusion | O31: 4
A32: 31 | B32: Bezemer | D32: Simon | E32: Simon | F32: s.bezemer@ceder.nl | G32: =G31+3*RANDBETWEEN(-365, 365) -> 30983 | H32: 20 | I32: Supervisor | J32: 0 | K32: 1 | L32: 2 | M32: 0 | N32: Unknown | O32: 0
A33: 32 | B33: Visser | D33: Hanna | E33: Hanna | F33: h.visser@ceder.nl | G33: =G32+3*RANDBETWEEN(-365, 365) -> 32060 | H33: 16 | I33: Supervisor | J33: 3 | K33: 1 | L33: 2 | M33: 0 | N33: Unknown | O33: 0
A34: 33 | B34: Trimp | D34: Annelies | E34: Annelies | F34: a.trimp@ceder.nl | G34: =G33+3*RANDBETWEEN(-365, 365) -> 31634 | H34: 14 | I34: Supervisor | J34: 1 | K34: 1 | L34: 2 | M34: 0 | N34: Unknown | O34: 0
A35: 34 | B35: Westerhof | D35: Petra | E35: Petra | G35: =G34+3*RANDBETWEEN(-365, 365) -> 31757 | H35: 20 | I35: Monitor | J35: 0 | K35: 1 | L35: 2 | M35: 0 | N35: Unknown | O35: 0
A36: 35 | B36: Kleef | C36: van | D36: Johanna | E36: Johanna | G36: =G35+3*RANDBETWEEN(-365, 365) -> 31937 | H36: 20 | I36: Supervisor | J36: 2 | K36: 1 | L36: 2 | M36: 0 | N36: Unknown | O36: 0
A37: 36 | B37: Bruin | C37: de | D37: Ada | E37: Ada | G37: =G36+3*RANDBETWEEN(-365, 365) -> 32885 | H37: 21 | I37: Supervisor | J37: 0 | K37: 1 | L37: 2 | M37: 0 | N37: Unknown | O37: 0
A38: 37 | B38: Lee | D38: Irene | E38: Irene | F38: irene7416@naver.com | G38: =G37+3*RANDBETWEEN(-365, 365) -> 32657 | H38: 12 | I38: Monitor | J38: 0 | K38: 6 | L38: 2 | M38: 0 | N38: Unknown | O38: 0
A39: 38 | B39: Steenbeek | D39: Lukas | E39: Lukas | G39: =G38+3*RANDBETWEEN(-365, 365) -> 33590 | H39: 18 | I39: Student | J39: 4 | K39: 1 | L39: 2 | M39: 0 | N39: Unknown | O39: 0
A40: 39 | B40: Steenbeek | D40: Nathanaël | E40: Nathanaël | G40: =G39+3*RANDBETWEEN(-365, 365) -> 33101 | H40: 18 | I40: Student | J40: 4 | K40: 1 | L40: 2 | M40: 0 | N40: Unknown | O40: 0
A41: 40 | B41: Steenbeek | D41: Felicia (?) | E41: Anna | G41: =G40+3*RANDBETWEEN(-365, 365) -> 34016 | H41: 18 | I41: Student | J41: 3 | K41: 1 | L41: 2 | M41: 0 | N41: Unknown | O41: 0
A42: 41 | B42: Brand | C42: van den | D42: Joost | E42: Joost | F42: joostvandenbrand@gmail.com | G42: =G41+3*RANDBETWEEN(-365, 365) -> 33107 | H42: 4 | I42: Parent | J42: 0 | K42: 1 | L42: 2 | M42: 0 | N42: Unknown | O42: 0
A43: 42 | B43: Harkes | D43: F.J. | E43: Frannie | F43: harkesfj@gmail.com | G43: =G42+3*RANDBETWEEN(-365, 365) -> 34019 | H43: 9 | I43: Parent | J43: 0 | K43: 1 | L43: 2 | M43: 0 | N43: Unknown | O43: 0
A44: 43 | B44: Harkes | D44: Claudia | E44: Dennis | G44: =G43+3*RANDBETWEEN(-365, 365) -> 33470 | H44: 9 | I44: Parent | J44: 0 | K44: 1 | M44: 0 | N44: Unknown | O44: 0
A45: 44 | B45: Houweling | C45: van | D45: Rob | E45: Rob | F45: rob@vhouwenling.nl | G45: =G44+3*RANDBETWEEN(-365, 365) -> 32990 | H45: 10 | I45: Parent | J45: 0 | K45: 1 | L45: 2 | M45: 0 | N45: Unknown | O45: 0
A46: 45 | B46: Littel | D46: Annemieke | E46: Annemieke | F46: aplittel@hotmail.com | G46: =G45+3*RANDBETWEEN(-365, 365) -> 32840 | H46: 13 | I46: Parent | J46: 0 | K46: 1 | L46: 2 | M46: 0 | N46: Unknown | O46: 0
A47: 46 | B47: Littel | D47: Paul | E47: Paul | F47: aplittel@hotmail.com | G47: =G46+3*RANDBETWEEN(-365, 365) -> 32252 | H47: 13 | I47: Parent | J47: 0 | K47: 1 | L47: 2 | M47: 0 | N47: Unknown | O47: 0
A48: 47 | B48: Trimp | D48: Hugo | E48: Hugo | F48: hugo@trimp.nl | G48: =G47+3*RANDBETWEEN(-365, 365) -> 32981 | H48: 14 | I48: Parent | J48: 0 | K48: 1 | L48: 2 | M48: 0 | N48: Unknown | O48: 0
A49: 48 | B49: Steenbeek | D49: Robert | E49: Robert | F49: robertsteenbeek@hotmail.com | G49: =G48+3*RANDBETWEEN(-365, 365) -> 31958 | H49: 18 | I49: Parent | J49: 0 | K49: 1 | L49: 2 | M49: 0 | N49: Unknown | O49: 0
A50: 49 | B50: Wijngaarden | C50: van | D50: Jan | E50: Jan | F50: janvanwijngaarden@live.nl | G50: =G49+3*RANDBETWEEN(-365, 365) -> 32615 | H50: 22 | I50: Parent | J50: 0 | K50: 1 | L50: 2 | M50: 0 | N50: Unknown | O50: 0
A51: 50 | B51: Trimp | D51: Claudia | E51: Claudia | F51: claudia@trimp.nl | G51: =G50+3*RANDBETWEEN(-365, 365) -> 32063 | H51: 23 | I51: Parent | J51: 0 | K51: 1 | L51: 2 | M51: 0 | N51: Unknown | O51: 0
A52: 51 | B52: Unknown | D52: Unknown | E52: Unknown | F52: seai81@hotmail.com | G52: =G51+3*RANDBETWEEN(-365, 365) -> 32426 | H52: 24 | I52: Parent | J52: 0 | K52: 1 | L52: 2 | M52: 0 | N52: Unknown | O52: 0
A53: 52 | B53: Hoogendoorn | D53: Claudia | E53: Claudia | G53: =G52+3*RANDBETWEEN(-365, 365) -> 32918 | H53: 25 | I53: Parent | J53: 0 | K53: 1 | M53: 0 | N53: Unknown | O53: 0
A54: 53 | B54: Hoogendoorn | D54: Boaz | E54: Boaz | G54: =G53+3*RANDBETWEEN(-365, 365) -> 31994 | H54: 25 | I54: Student | J54: 3 | K54: 1 | M54: 1 | N54: Unknown | O54: 0
A55: 54 | B55: Steenbeek | E55: Refaja | G55: =G54+3*RANDBETWEEN(-365, 365) -> 31844 | H55: 18 | I55: Student | J55: 1 | K55: 1 | M55: 1 | N55: Unknown | O55: 0
A56: 55 | B56: Steenbeek | D56: Gabriël | E56: Gabriël | G56: =G55+3*RANDBETWEEN(-365, 365) -> 31862 | H56: 18 | I56: Student | J56: 2 | K56: 1 | M56: 1 | N56: Unknown | O56: 0
A57: 56 | B57: Chen | E57: Sofia | G57: =G56+3*RANDBETWEEN(-365, 365) -> 32216 | H57: 26 | I57: Student | J57: 1 | K57: 6 | L57: 1 | M57: 1 | N57: Unknown | O57: 0
A58: 57 | B58: Houweling | C58: van | E58: Eva | G58: =G57+3*RANDBETWEEN(-365, 365) -> 32393 | H58: 10 | I58: Student | J58: 1 | K58: 1 | M58: 1 | N58: Unknown | O58: 0
A59: 58 | B59: Choi | D59: Daniel | E59: Daniel | G59: =G58+3*RANDBETWEEN(-365, 365) -> 31541 | H59: 6 | I59: Student | J59: 3 | K59: 1 | L59: 2 | M59: 2 | N59: Unknown | O59: 0
A60: 59 | B60: Romeijn | C60: Ter Aar | D60: Harold | E60: Harold | G60: =G59+3*RANDBETWEEN(-365, 365) -> 30833 | H60: 27 | I60: Student | J60: 3 | K60: 1
A61: 60 | B61: Romeijn | C61: Ter Aar | D61: Marith | E61: Marith | G61: =G60+3*RANDBETWEEN(-365, 365) -> 30968 | H61: 27 | I61: Student | J61: 2 | K61: 1

Sheet Transaction
A1: ID | B1: StudentID | C1: Date | D1: Type | E1: Graduation Type | F1: Remarks | G1: Count
A2: 1 | B2: 57 | C2: 45159 | D2: Registration new student | E2: To ABCs | G2: 1
A3: 2 | B3: 56 | C3: 45159 | D3: Registration new student | E3: To ABCs | G3: 1
A4: 3 | B4: 9 | C4: 45108 | D4: Left school without graduation | F4: Moved to Switzerland | G4: -1
A5: 4 | B5: 58 | C5: 45108 | D5: Left school without graduation | F5: Moved to Switzerland | G5: -1
A6: 5 | B6: 28 | C6: 45108 | D6: Graduation General Certificate | G6: -1
A7: 6 | B7: 1 | C7: 45108 | D7: Graduation Advanced Certificate | G7: -1
A8: 7 | B8: 29 | C8: 45159 | D8: To new class | E8: To Seniors | G8: 0
A9: 8 | B9: 39 | C9: 45159 | D9: To new class | E9: To Seniors | G9: 0
A10: 9 | B10: 24 | C10: 45159 | D10: To new class | E10: To Seniors | G10: 0
A11: 10 | B11: 5 | C11: 45159 | D11: To new class | E11: To Seniors | G11: 0
A12: 11 | B12: 59 | C12: 45159 | D12: To new class | E12: To Juniors | G12: 0
A13: 12 | B13: 6 | C13: 45108 | D13: Left school without graduation | F13: Moved to South-Korea | G13: -1
A14: 13 | B14: 7 | C14: 45108 | D14: Left school without graduation | F14: Moved to South-Korea | G14: -1

Sheet Denomination
A1: ID | B1: CurrentDenomination | C1: Remark
A2: 0 | B2: Unknown
A3: 1 | B3: Dutch Reformed without certainty of salvation | C3: Such as Gereformeerde Gemeente
A4: 2 | B4: Dutch Reformed with certainty of salvation
A5: 3 | B5: Evangelical
A6: 4 | B6: Non-denominational
A7: 5 | B7: Pentecostal
A8: 6 | B8: Reformed | C8: Other

Sheet Language
A1: ID | B1: Language | C1: Remark
A2: 1 | B2: Dutch
A3: 2 | B3: English
A4: 3 | B4: Spanish
A5: 4 | B5: Mandarin Chinese
A6: 5 | B6: Moroccan Tamazight | C6: Berbers
A7: 6
A8: 7

Sheet Address
A1: ID | B1: Surname+ | C1: Address | D1: HouseNumber | E1: Postal Code | F1: City | G1: TransactionDate
A2: 1 | B2: Adeleke | C2: Adres 1 | D2: 95 | E2: 3459QA | F2: Amsterdam | G2: 44951
A3: 2 | B3: Benschop | C3: Adres 2 | D3: 41 | E3: 4463MM | F3: Rotterdam | G3: 44951
A4: 3 | B4: Boulahdaraj | C4: Adres 3 | D4: 46 | E4: 3654LR | F4: Alphen a/d Rijn | G4: 44951
A5: 4 | B5: Brand | C5: Adres 4 | D5: 10 | E5: 3767DT | F5: Capelle aan den IJssel | G5: 44951
A6: 5 | B6: Bruijne | C6: Adres 5 | D6: 85 | E6: 4915YR | F6: Boskoop | G6: 44951
A7: 6 | B7: Choi | C7: Adres 6 | D7: 73 | E7: 3477XR | F7: Boskoop | G7: 44951
A8: 7 | B8: Gonzalez Rodriguez | C8: Adres 7 | D8: 96 | E8: 4456XW | F8: Gouda | G8: 44951
A9: 8 | B9: Gunnink | C9: Adres 8 | D9: 11 | E9: 3901QI | F9: Woerden | G9: 44951
A10: 9 | B10: Harkes | C10: Adres 9 | D10: 45 | E10: 4750LG | F10: Rotterdam | G10: 44951
A11: 10 | B11: Houweling | C11: Adres 10 | D11: 59 | E11: 3278UE | F11: Den Haag | G11: 44951
A12: 11 | B12: Kleef | C12: Adres 11 | D12: 73 | E12: 4283RT | F12: Leiderdorp | G12: 44951
A13: 12 | B13: Lee | C13: Adres 12 | D13: 50 | E13: 4953GR | F13: Leiderdorp | G13: 44951
... A20: 19 | B20: Hoogendoorn | C20: Adres 18 | D20: 29 | E20: 3067KA | F20: Rotterdam | G20: 44951
A21: 20 | B21: Bezemer | C21: Adres 19

Sheet Date
A1: ID | B1: Date | C1: Weekend | D1: Holiday | E1: DayOff | F1: WeekDay | G1: Remark | H1: Term | I1: TermWeek | J1: Week
A2: 1 | B2: 44792 | C2: =IF(OR(WEEKDAY(B2) = 7, WEEKDAY(B2) = 1), 1, 0) -> 0 | D2: 1 | E2: =IF((C2+D2)>0, 1, 0) -> 1 | F2: =TEXT(B2, "dddd") -> Friday | G2: Zomervakantie | H2: 5 | I2: 5 | J2: =_xludf.ISOWEEKNUM(B2) -> #NAME?
A3: 2 | B3: 44793 | C3: =IF(OR(WEEKDAY(B3) = 7, WEEKDAY(B3) = 1), 1, 0) -> 1 | D3: 1 | E3: =IF((C3+D3)>0, 1, 0) -> 1 | F3: =TEXT(B3, "dddd") -> Saturday | G3: Zomervakantie | H3: 5 | I3: 5 | J3: =_xludf.ISOWEEKNUM(B3) -> #NAME?
A4: 3 | B4: 44794 | C4: =IF(OR(WEEKDAY(B4) = 7, WEEKDAY(B4) = 1), 1, 0) -> 1 | D4: 1 | E4: =IF((C4+D4)>0, 1, 0) -> 1 | F4: =TEXT(B4, "dddd") -> Sunday | G4: Zomervakantie | H4: 5 | I4: 5 | J4: =_xludf.ISOWEEKNUM(B4) -> #NAME?
A5: 4 | B5: 44795 | C5: =IF(OR(WEEKDAY(B5) = 7, WEEKDAY(B5) = 1), 1, 0) -> 0 | D5: 0 | E5: =IF((C5+D5)>0, 1, 0) -> 0 | F5: =TEXT(B5, "dddd") -> Monday | H5: 1 | I5: =IF(J5>J4, IF(H5<>H4,1, I4+1),I4) -> #NAME? | J5: =_xludf.ISOWEEKNUM(B5) -> #NAME?
A6: 5 | B6: 44796 | C6: =IF(OR(WEEKDAY(B6) = 7, WEEKDAY(B6) = 1), 1, 0) -> 0 | D6: 0 | E6: =IF((C6+D6)>0, 1, 0) -> 0 | F6: =TEXT(B6, "dddd") -> Tuesday | H6: 1 | I6: =IF(J6>J5, IF(H6<>H5,1, I5+1),I5) -> #NAME? | J6: =_xludf.ISOWEEKNUM(B6) -> #NAME?
A7: 6 | B7: 44797 | C7: =IF(OR(WEEKDAY(B7) = 7, WEEKDAY(B7) = 1), 1, 0) -> 0 | D7: 0 | E7: =IF((C7+D7)>0, 1, 0) -> 0 | F7: =TEXT(B7, "dddd") -> Wednesday | H7: 1 | I7: =IF(J7>J6, IF(H7<>H6,1, I6+1),I6) -> #NAME? | J7: =_xludf.ISOWEEKNUM(B7) -> #NAME?
A8: 7 | B8: 44798 | C8: =IF(OR(WEEKDAY(B8) = 7, WEEKDAY(B8) = 1), 1, 0) -> 0 | D8: 0 | E8: =IF((C8+D8)>0, 1, 0) -> 0 | F8: =TEXT(B8, "dddd") -> Thursday | H8: 1 | I8: =IF(J8>J7, IF(H8<>H7,1, I7+1),I7) -> #NAME? | J8: =_xludf.ISOWEEKNUM(B8) -> #NAME?
A9: 8 | B9: 44799 | C9: =IF(OR(WEEKDAY(B9) = 7, WEEKDAY(B9) = 1), 1, 0) -> 0 | D9: 0 | E9: =IF((C9+D9)>0, 1, 0) -> 0 | F9: =TEXT(B9, "dddd") -> Friday | H9: 1 | I9: =IF(J9>J8, IF(H9<>H8,1, I8+1),I8) -> #NAME? | J9: =_xludf.ISOWEEKNUM(B9) -> #NAME?
A10: 9 | B10: 44800 | C10: =IF(OR(WEEKDAY(B10) = 7, WEEKDAY(B10) = 1), 1, 0) -> 1 | D10: 0 | E10: =IF((C10+D10)>0, 1, 0) -> 1 | F10: =TEXT(B10, "dddd") -> Saturday | H10: 1 | I10: =IF(J10>J9, IF(H10<>H9,1, I9+1),I9) -> #NAME? | J10: =_xludf.ISOWEEKNUM(B10) -> #NAME?
A11: 10 | B11: 44801 | C11: =IF(OR(WEEKDAY(B11) = 7, WEEKDAY(B11) = 1), 1, 0) -> 1 | D11: 0 | E11: =IF((C11+D11)>0, 1, 0) -> 1 | F11: =TEXT(B11, "dddd") -> Sunday | H11: 1 | I11: =IF(J11>J10, IF(H11<>H10,1, I10+1),I10) -> #NAME? | J11: =_xludf.ISOWEEKNUM(B11) -> #NAME?
A12: 11 | B12: 44802 | C12: =IF(OR(WEEKDAY(B12) = 7, WEEKDAY(B12) = 1), 1, 0) -> 0 | D12: 0 | E12: =IF((C12+D12)>0, 1, 0) -> 0 | F12: =TEXT(B12, "dddd") -> Monday | H12: 1 | I12: =IF(J12>J11, IF(H12<>H11,1, I11+1),I11) -> #NAME? | J12: =_xludf.ISOWEEKNUM(B12) -> #NAME?
A13: 12 | B13: 44803 | C13: =IF(OR(WEEKDAY(B13) = 7, WEEKDAY(B13) = 1), 1, 0) -> 0 | D13: 0 | E13: =IF((C13+D13)>0, 1, 0) -> 0 | F13: =TEXT(B13, "dddd") -> Tuesday | H13: 1 | I13: =IF(J13>J12, IF(H13<>H12,1, I12+1),I12) -> #NAME? | J13: =_xludf.ISOWEEKNUM(B13) -> #NAME?
A14: 13 | B14: 44804 | C14: =IF(OR(WEEKDAY(B14) = 7, WEEKDAY(B14) = 1), 1, 0) -> 0 | D14: 0 | E14: =IF((C14+D14)>0, 1, 0) -> 0 | F14: =TEXT(B14, "dddd") -> Wednesday | H14: 1 | I14: =IF(J14>J13, IF(H14<>H13,1, I13+1),I13) -> #NAME? | J14: =_xludf.ISOWEEKNUM(B14) -> #NAME?
A15: 14 | B15: 44805 | C15: =IF(OR(WEEKDAY(B15) = 7, WEEKDAY(B15) = 1), 1, 0) -> 0 | D15: 0 | E15: =IF((C15+D15)>0, 1, 0) -> 0 | F15: =TEXT(B15, "dddd") -> Thursday | H15: 1 | I15: =IF(J15>J14, IF(H15<>H14,1, I14+1),I14) -> #NAME? | J15: =_xludf.ISOWEEKNUM(B15) -> #NAME?
A16: 15 | B16: 44806 | C16: =IF(OR(WEEKDAY(B16) = 7, WEEKDAY(B16) = 1), 1, 0) -> 0 | D16: 0 | E16: =IF((C16+D16)>0, 1, 0) -> 0 | F16: =TEXT(B16, "dddd") -> Friday | H16: 1 | I16: =IF(J16>J15, IF(H16<>H15,1, I15+1),I15) -> #NAME? | J16: =_xludf.ISOWEEKNUM(B16) -> #NAME?
... A67: 66 | B67: 44857 | C67: =IF(OR(WEEKDAY(B67) = 7, WEEKDAY(B67) = 1), 1, 0) -> 1 | D67: 0 | E67: =IF((C67+D67)>0, 1, 0) -> 1 | F67: =TEXT(B67, "dddd") -> Sunday | H67: 1 | I67: =IF(J67>J66, IF(H67<>H66,1, I66+1),I66) -> #NAME? | J67: =_xludf.ISOWEEKNUM(B67) -> #NAME?
A68: 67 | B68: 44858 | C68: =IF(OR(WEEKDAY(B68) = 7, WEEKDAY(B68) = 1), 1, 0) -> 0 | D68: 1 | E68: =IF((C68+D68)>0, 1, 0) -> 1 | F68: =TEXT(B68, "dddd") -> Monday | G68: Najaarsvakantie | H68: 1 | I68: =IF(J68>J67, IF(H68<>H67,1, I67+1),I67) -> #NAME? | J68: =_xludf.ISOWEEKNUM(B68) -> #NAME?
A69: 68 | B69: 44859 | C69: =IF(OR(WEEKDAY(B69) = 7, WEEKDAY(B69) = 1), 1, 0) -> 0 | D69: 1 | E69: =IF((C69+D69)>0, 1, 0) -> 1 | F69: =TEXT(B69, "dddd") -> Tuesday | G69: Najaarsvakantie | H69: 1 | I69: =IF(J69>J68, IF(H69<>H68,1, I68+1),I68) -> #NAME? | J69: =_xludf.ISOWEEKNUM(B69) -> #NAME?
A70: 69 | B70: 44860 | C70: =IF(OR(WEEKDAY(B70) = 7, WEEKDAY(B70) = 1), 1, 0) -> 0 | D70: 1 | E70: =IF((C70+D70)>0, 1, 0) -> 1 | F70: =TEXT(B70, "dddd") -> Wednesday | G70: Najaarsvakantie | H70: 1 | I70: =IF(J70>J69, IF(H70<>H69,1, I69+1),I69) -> #NAME? | J70: =_xludf.ISOWEEKNUM(B70) -> #NAME?
A71: 70 | B71: 44861 | C71: =IF(OR(WEEKDAY(B71) = 7, WEEKDAY(B71) = 1), 1, 0) -> 0 | D71: 1 | E71: =IF((C71+D71)>0, 1, 0) -> 1 | F71: =TEXT(B71, "dddd") -> Thursday | G71: Najaarsvakantie | H71: 1 | I71: =IF(J71>J70, IF(H71<>H70,1, I70+1),I70) -> #NAME? | J71: =_xludf.ISOWEEKNUM(B71) -> #NAME?
A72: 71 | B72: 44862 | C72: =IF(OR(WEEKDAY(B72) = 7, WEEKDAY(B72) = 1), 1, 0) -> 0 | D72: 1 | E72: =IF((C72+D72)>0, 1, 0) -> 1 | F72: =TEXT(B72, "dddd") -> Friday | G72: Najaarsvakantie | H72: 1 | I72: =IF(J72>J71, IF(H72<>H71,1, I71+1),I71) -> #NAME? | J72: =_xludf.ISOWEEKNUM(B72) -> #NAME?
A73: 72 | B73: 44863 | C73: =IF(OR(WEEKDAY(B73) = 7, WEEKDAY(B73) = 1), 1, 0) -> 1 | D73: 1 | E73: =IF((C73+D73)>0, 1, 0) -> 1 | F73: =TEXT(B73, "dddd") -> Saturday | G73: Najaarsvakantie | H73: 1 | I73: =IF(J73>J72, IF(H73<>H72,1, I72+1),I72) -> #NAME? | J73: =_xludf.ISOWEEKNUM(B73) -> #NAME?
A74: 73 | B74: 44864 | C74: =IF(OR(WEEKDAY(B74) = 7, WEEKDAY(B74) = 1), 1, 0) -> 1 | D74: 1 | E74: =IF((C74+D74)>0, 1, 0) -> 1 | F74: =TEXT(B74, "dddd") -> Sunday | G74: Najaarsvakantie | H74: 1 | I74: =IF(J74>J73, IF(H74<>H73,1, I73+1),I73) -> #NAME? | J74: =_xludf.ISOWEEKNUM(B74) -> #NAME?
A75: 74 | B75: 44865 | C75: =IF(OR(WEEKDAY(B75) = 7, WEEKDAY(B75) = 1), 1, 0) -> 0 | D75: 1 | E75: =IF((C75+D75)>0, 1, 0) -> 1 | F75: =TEXT(B75, "dddd") -> Monday | G75: Studiedag | H75: 2 | I75: =IF(J75>J74, IF(H75<>H74,1, I74+1),I74) -> #NAME? | J75: =_xludf.ISOWEEKNUM(B75) -> #NAME?
A76: 75 | B76: 44866 | C76: =IF(OR(WEEKDAY(B76) = 7, WEEKDAY(B76) = 1), 1, 0) -> 0 | D76: 0 | E76: =IF((C76+D76)>0, 1, 0) -> 0 | F76: =TEXT(B76, "dddd") -> Tuesday | H76: 2 | I76: =IF(J76>J75, IF(H76<>H75,1, I75+1),I75) -> #NAME? | J76: =_xludf.ISOWEEKNUM(B76) -> #NAME?
A77: 76 | B77: 44867 | C77: =IF(OR(WEEKDAY(B77) = 7, WEEKDAY(B77) = 1), 1, 0) -> 0 | D77: 0 | E77: =IF((C77+D77)>0, 1, 0) -> 0 | F77: =TEXT(B77, "dddd") -> Wednesday | H77: 2 | I77: =IF(J77>J76, IF(H77<>H76,1, I76+1),I76) -> #NAME? | J77: =_xludf.ISOWEEKNUM(B77) -> #NAME?
A78: 77 | B78: 44868 | C78: =IF(OR(WEEKDAY(B78) = 7, WEEKDAY(B78) = 1), 1, 0) -> 0 | D78: 0 | E78: =IF((C78+D78)>0, 1, 0) -> 0 | F78: =TEXT(B78, "dddd") -> Thursday | H78: 2 | I78: =IF(J78>J77, IF(H78<>H77,1, I77+1),I77) -> #NAME? | J78: =_xludf.ISOWEEKNUM(B78) -> #NAME?
A79: 78 | B79: 44869 | C79: =IF(OR(WEEKDAY(B79) = 7, WEEKDAY(B79) = 1), 1, 0) -> 0 | D79: 0 | E79: =IF((C79+D79)>0, 1, 0) -> 0 | F79: =TEXT(B79, "dddd") -> Friday | H79: 2 | I79: =IF(J79>J78, IF(H79<>H78,1, I78+1),I78) -> #NAME? | J79: =_xludf.ISOWEEKNUM(B79) -> #NAME?
A80: 79 | B80: 44870 | C80: =IF(OR(WEEKDAY(B80) = 7, WEEKDAY(B80) = 1), 1, 0) -> 1 | D80: 0 | E80: =IF((C80+D80)>0, 1, 0) -> 1 | F80: =TEXT(B80, "dddd") -> Saturday | H80: 2 | I80: =IF(J80>J79, IF(H80<>H79,1, I79+1),I79) -> #NAME? | J80: =_xludf.ISOWEEKNUM(B80) -> #NAME?
A81: 80 | B81: 44871 | C81: =IF(OR(WEEKDAY(B81) = 7, WEEKDAY(B81) = 1), 1, 0) -> 1 | D81: 0 | E81: =IF((C81+D81)>0, 1, 0) -> 1 | F81: =TEXT(B81, "dddd") -> Sunday | H81: 2 | I81: =IF(J81>J80, IF(H81<>H80,1, I80+1),I80) -> #NAME? | J81: =_xludf.ISOWEEKNUM(B81) -> #NAME?
A82: 81 | B82: 44872 | C82: =IF(OR(WEEKDAY(B82) = 7, WEEKDAY(B82) = 1), 1, 0) -> 0 | D82: 0 | E82: =IF((C82+D82)>0, 1, 0) -> 0 | F82: =TEXT(B82, "dddd") -> Monday | H82: 2 | I82: =IF(J82>J81, IF(H82<>H81,1, I81+1),I81) -> #NAME? | J82: =_xludf.ISOWEEKNUM(B82) -> #NAME?
A83: 82 | B83: 44873 | C83: =IF(OR(WEEKDAY(B83) = 7, WEEKDAY(B83) = 1), 1, 0) -> 0 | D83: 0 | E83: =IF((C83+D83)>0, 1, 0) -> 0 | F83: =TEXT(B83, "dddd") -> Tuesday | H83: 2 | I83: =IF(J83>J82, IF(H83<>H82,1, I82+1),I82) -> #NAME? | J83: =_xludf.ISOWEEKNUM(B83) -> #NAME?
A84: 83 | B84: 44874 | C84: =IF(OR(WEEKDAY(B84) = 7, WEEKDAY(B84) = 1), 1, 0) -> 0 | D84: 0 | E84: =IF((C84+D84)>0, 1, 0) -> 0 | F84: =TEXT(B84, "dddd") -> Wednesday | H84: 2 | I84: =IF(J84>J83, IF(H84<>H83,1, I83+1),I83) -> #NAME? | J84: =_xludf.ISOWEEKNUM(B84) -> #NAME?
A85: 84 | B85: 44875 | C85: =IF(OR(WEEKDAY(B85) = 7, WEEKDAY(B85) = 1), 1, 0) -> 0 | D85: 0 | E85: =IF((C85+D85)>0, 1, 0) -> 0 | F85: =TEXT(B85, "dddd") -> Thursday | H85: 2 | I85: =IF(J85>J84, IF(H85<>H84,1, I84+1),I84) -> #NAME? | J85: =_xludf.ISOWEEKNUM(B85) -> #NAME?
A86: 85 | B86: 44876 | C86: =IF(OR(WEEKDAY(B86) = 7, WEEKDAY(B86) = 1), 1, 0) -> 0 | D86: 0 | E86: =IF((C86+D86)>0, 1, 0) -> 0 | F86: =TEXT(B86, "dddd") -> Friday | H86: 2 | I86: =IF(J86>J85, IF(H86<>H85,1, I85+1),I85) -> #NAME? | J86: =_xludf.ISOWEEKNUM(B86) -> #NAME?
A87: 86 | B87: 44877 | C87: =IF(OR(WEEKDAY(B87) = 7, WEEKDAY(B87) = 1), 1, 0) -> 1 | D87: 0 | E87: =IF((C87+D87)>0, 1, 0) -> 1 | F87: =TEXT(B87, "dddd") -> Saturday | H87: 2 | I87: =IF(J87>J86, IF(H87<>H86,1, I86+1),I86) -> #NAME? | J87: =_xludf.ISOWEEKNUM(B87) -> #NAME?
... A129: 128 | B129: 44919 | C129: =IF(OR(WEEKDAY(B129) = 7, WEEKDAY(B129) = 1), 1, 0) -> 1 | D129: 0 | E129: =IF((C129+D129)>0, 1, 0) -> 1 | F129: =TEXT(B129, "dddd") -> Saturday | H129: 2 | I129: =IF(J129>J128, IF(H129<>H128,1, I128+1),I128) -> #NAME? | J129: =_xludf.ISOWEEKNUM(B129) -> #NAME?
A130: 129 | B130: 44920 | C130: =IF(OR(WEEKDAY(B130) = 7, WEEKDAY(B130) = 1), 1, 0) -> 1 | D130: 1 | E130: =IF((C130+D130)>0, 1, 0) -> 1 | F130: =TEXT(B130, "dddd") -> Sunday | G130: Kerstvakantie | H130: 2 | I130: =IF(J130>J129, IF(H130<>H129,1, I129+1),I129) -> #NAME? | J130: =_xludf.ISOWEEKNUM(B130) -> #NAME?
A131: 130 | B131: 44921 | C131: =IF(OR(WEEKDAY(B131) = 7, WEEKDAY(B131) = 1), 1, 0) -> 0 | D131: 1 | E131: =IF((C131+D131)>0, 1, 0) -> 1 | F131: =TEXT(B131, "dddd") -> Monday | G131: Kerstvakantie | H131: 2 | I131: =IF(J131>J130, IF(H131<>H130,1, I130+1),I130) -> #NAME? | J131: =_xludf.ISOWEEKNUM(B131) -> #NAME?
A132: 131 | B132: 44922 | C132: =IF(OR(WEEKDAY(B132) = 7, WEEKDAY(B132) = 1), 1, 0) -> 0 | D132: 1 | E132: =IF((C132+D132)>0, 1, 0) -> 1 | F132: =TEXT(B132, "dddd") -> Tuesday | G132: Kerstvakantie | H132: 2 | I132: =IF(J132>J131, IF(H132<>H131,1, I131+1),I131) -> #NAME? | J132: =_xludf.ISOWEEKNUM(B132) -> #NAME?
A133: 132 | B133: 44923 | C133: =IF(OR(WEEKDAY(B133) = 7, WEEKDAY(B133) = 1), 1, 0) -> 0 | D133: 1 | E133: =IF((C133+D133)>0, 1, 0) -> 1 | F133: =TEXT(B133, "dddd") -> Wednesday | G133: Kerstvakantie | H133: 2 | I133: =IF(J133>J132, IF(H133<>H132,1, I132+1),I132) -> #NAME? | J133: =_xludf.ISOWEEKNUM(B133) -> #NAME?
A134: 133 | B134: 44924 | C134: =IF(OR(WEEKDAY(B134) = 7, WEEKDAY(B134) = 1), 1, 0) -> 0 | D134: 1 | E134: =IF((C134+D134)>0, 1, 0) -> 1 | F134: =TEXT(B134, "dddd") -> Thursday | G134: Kerstvakantie | H134: 2 | I134: =IF(J134>J133, IF(H134<>H133,1, I133+1),I133) -> #NAME? | J134: =_xludf.ISOWEEKNUM(B134) -> #NAME?
A135: 134 | B135: 44925 | C135: =IF(OR(WEEKDAY(B135) = 7, WEEKDAY(B135) = 1), 1, 0) -> 0 | D135: 1 | E135: =IF((C135+D135)>0, 1, 0) -> 1 | F135: =TEXT(B135, "dddd") -> Friday | G135: Kerstvakantie | H135: 2 | I135: =IF(J135>J134, IF(H135<>H134,1, I134+1),I134) -> #NAME? | J135: =_xludf.ISOWEEKNUM(B135) -> #NAME?
A136: 135 | B136: 44926 | C136: =IF(OR(WEEKDAY(B136) = 7, WEEKDAY(B136) = 1), 1, 0) -> 1 | D136: 1 | E136: =IF((C136+D136)>0, 1, 0) -> 1 | F136: =TEXT(B136, "dddd") -> Saturday | G136: Kerstvakantie | H136: 2 | I136: =IF(J136>J135, IF(H136<>H135,1, I135+1),I135) -> #NAME? | J136: =_xludf.ISOWEEKNUM(B136) -> #NAME?
A137: 136 | B137: 44927 | C137: =IF(OR(WEEKDAY(B137) = 7, WEEKDAY(B137) = 1), 1, 0) -> 1 | D137: 1 | E137: =IF((C137+D137)>0, 1, 0) -> 1 | F137: =TEXT(B137, "dddd") -> Sunday | G137: Kerstvakantie | H137: 2 | I137: =IF(J137>J136, IF(H137<>H136,1, I136+1),I136) -> #NAME? | J137: =_xludf.ISOWEEKNUM(B137) -> #NAME?
A138: 137 | B138: 44928 | C138: =IF(OR(WEEKDAY(B138) = 7, WEEKDAY(B138) = 1), 1, 0) -> 0 | D138: 1 | E138: =IF((C138+D138)>0, 1, 0) -> 1 | F138: =TEXT(B138, "dddd") -> Monday | G138: Kerstvakantie | H138: 2 | I138: =IF(J138>J137, IF(H138<>H137,1, I137+1),I137) -> #NAME? | J138: =_xludf.ISOWEEKNUM(B138) -> #NAME?
A139: 138 | B139: 44929 | C139: =IF(OR(WEEKDAY(B139) = 7, WEEKDAY(B139) = 1), 1, 0) -> 0 | D139: 1 | E139: =IF((C139+D139)>0, 1, 0) -> 1 | F139: =TEXT(B139, "dddd") -> Tuesday | G139: Kerstvakantie | H139: 2 | I139: =IF(J139>J138, IF(H139<>H138,1, I138+1),I138) -> #NAME? | J139: =_xludf.ISOWEEKNUM(B139) -> #NAME?
A140: 139 | B140: 44930 | C140: =IF(OR(WEEKDAY(B140) = 7, WEEKDAY(B140) = 1), 1, 0) -> 0 | D140: 1 | E140: =IF((C140+D140)>0, 1, 0) -> 1 | F140: =TEXT(B140, "dddd") -> Wednesday | G140: Kerstvakantie | H140: 2 | I140: =IF(J140>J139, IF(H140<>H139,1, I139+1),I139) -> #NAME? | J140: =_xludf.ISOWEEKNUM(B140) -> #NAME?
A141: 140 | B141: 44931 | C141: =IF(OR(WEEKDAY(B141) = 7, WEEKDAY(B141) = 1), 1, 0) -> 0 | D141: 1 | E141: =IF((C141+D141)>0, 1, 0) -> 1 | F141: =TEXT(B141, "dddd") -> Thursday | G141: Kerstvakantie | H141: 2 | I141: =IF(J141>J140, IF(H141<>H140,1, I140+1),I140) -> #NAME? | J141: =_xludf.ISOWEEKNUM(B141) -> #NAME?
... A145: 144 | B145: 44935 | C145: =IF(OR(WEEKDAY(B145) = 7, WEEKDAY(B145) = 1), 1, 0) -> 0 | D145: 1 | E145: =IF((C145+D145)>0, 1, 0) -> 1 | F145: =TEXT(B145, "dddd") -> Monday | G145: Studiedag | H145: 3 | I145: =IF(J145>J144, IF(H145<>H144,1, I144+1),I144) -> #NAME? | J145: =_xludf.ISOWEEKNUM(B145) -> #NAME?
A146: 145 | B146: 44936 | C146: =IF(OR(WEEKDAY(B146) = 7, WEEKDAY(B146) = 1), 1, 0) -> 0 | D146: 0 | E146: =IF((C146+D146)>0, 1, 0) -> 0 | F146: =TEXT(B146, "dddd") -> Tuesday | H146: 3 | I146: =IF(J146>J145, IF(H146<>H145,1, I145+1),I145) -> #NAME? | J146: =_xludf.ISOWEEKNUM(B146) -> #NAME?
A147: 146 | B147: 44937 | C147: =IF(OR(WEEKDAY(B147) = 7, WEEKDAY(B147) = 1), 1, 0) -> 0 | D147: 0 | E147: =IF((C147+D147)>0, 1, 0) -> 0 | F147: =TEXT(B147, "dddd") -> Wednesday | H147: 3 | I147: =IF(J147>J146, IF(H147<>H146,1, I146+1),I146) -> #NAME? | J147: =_xludf.ISOWEEKNUM(B147) -> #NAME?
A148: 147 | B148: 44938 | C148: =IF(OR(WEEKDAY(B148) = 7, WEEKDAY(B148) = 1), 1, 0) -> 0 | D148: 0 | E148: =IF((C148+D148)>0, 1, 0) -> 0 | F148: =TEXT(B148, "dddd") -> Thursday | H148: 3 | I148: =IF(J148>J147, IF(H148<>H147,1, I147+1),I147) -> #NAME? | J148: =_xludf.ISOWEEKNUM(B148) -> #NAME?
A149: 148 | B149: 44939 | C149: =IF(OR(WEEKDAY(B149) = 7, WEEKDAY(B149) = 1), 1, 0) -> 0 | D149: 0 | E149: =IF((C149+D149)>0, 1, 0) -> 0 | F149: =TEXT(B149, "dddd") -> Friday | H149: 3 | I149: =IF(J149>J148, IF(H149<>H148,1, I148+1),I148) -> #NAME? | J149: =_xludf.ISOWEEKNUM(B149) -> #NAME?
A150: 149 | B150: 44940 | C150: =IF(OR(WEEKDAY(B150) = 7, WEEKDAY(B150) = 1), 1, 0) -> 1 | D150: 0 | E150: =IF((C150+D150)>0, 1, 0) -> 1 | F150: =TEXT(B150, "dddd") -> Saturday | H150: 3 | I150: =IF(J150>J149, IF(H150<>H149,1, I149+1),I149) -> #NAME? | J150: =_xludf.ISOWEEKNUM(B150) -> #NAME?
A151: 150 | B151: 44941 | C151: =IF(OR(WEEKDAY(B151) = 7, WEEKDAY(B151) = 1), 1, 0) -> 1 | D151: 0 | E151: =IF((C151+D151)>0, 1, 0) -> 1 | F151: =TEXT(B151, "dddd") -> Sunday | H151: 3 | I151: =IF(J151>J150, IF(H151<>H150,1, I150+1),I150) -> #NAME? | J151: =_xludf.ISOWEEKNUM(B151) -> #NAME?
A152: 151 | B152: 44942 | C152: =IF(OR(WEEKDAY(B152) = 7, WEEKDAY(B152) = 1), 1, 0) -> 0 | D152: 0 | E152: =IF((C152+D152)>0, 1, 0) -> 0 | F152: =TEXT(B152, "dddd") -> Monday | H152: 3 | I152: =IF(J152>J151, IF(H152<>H151,1, I151+1),I151) -> #NAME? | J152: =_xludf.ISOWEEKNUM(B152) -> #NAME?
A153: 152 | B153: 44943 | C153: =IF(OR(WEEKDAY(B153) = 7, WEEKDAY(B153) = 1), 1, 0) -> 0 | D153: 0 | E153: =IF((C153+D153)>0, 1, 0) -> 0 | F153: =TEXT(B153, "dddd") -> Tuesday | H153: 3 | I153: =IF(J153>J152, IF(H153<>H152,1, I152+1),I152) -> #NAME? | J153: =_xludf.ISOWEEKNUM(B153) -> #NAME?
A154: 153 | B154: 44944 | C154: =IF(OR(WEEKDAY(B154) = 7, WEEKDAY(B154) = 1), 1, 0) -> 0 | D154: 0 | E154: =IF((C154+D154)>0, 1, 0) -> 0 | F154: =TEXT(B154, "dddd") -> Wednesday | H154: 3 | I154: =IF(J154>J153, IF(H154<>H153,1, I153+1),I153) -> #NAME? | J154: =_xludf.ISOWEEKNUM(B154) -> #NAME?
A155: 154 | B155: 44945 | C155: =IF(OR(WEEKDAY(B155) = 7, WEEKDAY(B155) = 1), 1, 0) -> 0 | D155: 0 | E155: =IF((C155+D155)>0, 1, 0) -> 0 | F155: =TEXT(B155, "dddd") -> Thursday | H155: 3 | I155: =IF(J155>J154, IF(H155<>H154,1, I154+1),I154) -> #NAME? | J155: =_xludf.ISOWEEKNUM(B155) -> #NAME?
A156: 155 | B156: 44946 | C156: =IF(OR(WEEKDAY(B156) = 7, WEEKDAY(B156) = 1), 1, 0) -> 0 | D156: 0 | E156: =IF((C156+D156)>0, 1, 0) -> 0 | F156: =TEXT(B156, "dddd") -> Friday | H156: 3 | I156: =IF(J156>J155, IF(H156<>H155,1, I155+1),I155) -> #NAME? | J156: =_xludf.ISOWEEKNUM(B156) -> #NAME?
A157: 156 | B157: 44947 | C157: =IF(OR(WEEKDAY(B157) = 7, WEEKDAY(B157) = 1), 1, 0) -> 1 | D157: 0 | E157: =IF((C157+D157)>0, 1, 0) -> 1 | F157: =TEXT(B157, "dddd") -> Saturday | H157: 3 | I157: =IF(J157>J156, IF(H157<>H156,1, I156+1),I156) -> #NAME? | J157: =_xludf.ISOWEEKNUM(B157) -> #NAME?
... A193: 192 | B193: 44983 | C193: =IF(OR(WEEKDAY(B193) = 7, WEEKDAY(B193) = 1), 1, 0) -> 1 | D193: 0 | E193: =IF((C193+D193)>0, 1, 0) -> 1 | F193: =TEXT(B193, "dddd") -> Sunday | H193: 3 | I193: =IF(J193>J192, IF(H193<>H192,1, I192+1),I192) -> #NAME? | J193: =_xludf.ISOWEEKNUM(B193) -> #NAME?
A194: 193 | B194: 44984 | C194: =IF(OR(WEEKDAY(B194) = 7, WEEKDAY(B194) = 1), 1, 0) -> 0 | D194: 1 | E194: =IF((C194+D194)>0, 1, 0) -> 1 | F194: =TEXT(B194, "dddd") -> Monday | G194: Voorjaarsvakantie | H194: 3 | I194: =IF(J194>J193, IF(H194<>H193,1, I193+1),I193) -> #NAME? | J194: =_xludf.ISOWEEKNUM(B194) -> #NAME?
A195: 194 | B195: 44985 | C195: =IF(OR(WEEKDAY(B195) = 7, WEEKDAY(B195) = 1), 1, 0) -> 0 | D195: 1 | E195: =IF((C195+D195)>0, 1, 0) -> 1 | F195: =TEXT(B195, "dddd") -> Tuesday | G195: Voorjaarsvakantie | H195: 3 | I195: =IF(J195>J194, IF(H195<>H194,1, I194+1),I194) -> #NAME? | J195: =_xludf.ISOWEEKNUM(B195) -> #NAME?
A196: 195 | B196: 44986 | C196: =IF(OR(WEEKDAY(B196) = 7, WEEKDAY(B196) = 1), 1, 0) -> 0 | D196: 1 | E196: =IF((C196+D196)>0, 1, 0) -> 1 | F196: =TEXT(B196, "dddd") -> Wednesday | G196: Voorjaarsvakantie | H196: 3 | I196: =IF(J196>J195, IF(H196<>H195,1, I195+1),I195) -> #NAME? | J196: =_xludf.ISOWEEKNUM(B196) -> #NAME?
A197: 196 | B197: 44987 | C197: =IF(OR(WEEKDAY(B197) = 7, WEEKDAY(B197) = 1), 1, 0) -> 0 | D197: 1 | E197: =IF((C197+D197)>0, 1, 0) -> 1 | F197: =TEXT(B197, "dddd") -> Thursday | G197: Voorjaarsvakantie | H197: 3 | I197: =IF(J197>J196, IF(H197<>H196,1, I196+1),I196) -> #NAME? | J197: =_xludf.ISOWEEKNUM(B197) -> #NAME?
A198: 197 | B198: 44988 | C198: =IF(OR(WEEKDAY(B198) = 7, WEEKDAY(B198) = 1), 1, 0) -> 0 | D198: 1 | E198: =IF((C198+D198)>0, 1, 0) -> 1 | F198: =TEXT(B198, "dddd") -> Friday | G198: Voorjaarsvakantie | H198: 3 | I198: =IF(J198>J197, IF(H198<>H197,1, I197+1),I197) -> #NAME? | J198: =_xludf.ISOWEEKNUM(B198) -> #NAME?
A199: 198 | B199: 44989 | C199: =IF(OR(WEEKDAY(B199) = 7, WEEKDAY(B199) = 1), 1, 0) -> 1 | D199: 1 | E199: =IF((C199+D199)>0, 1, 0) -> 1 | F199: =TEXT(B199, "dddd") -> Saturday | G199: Voorjaarsvakantie | H199: 3 | I199: =IF(J199>J198, IF(H199<>H198,1, I198+1),I198) -> #NAME? | J199: =_xludf.ISOWEEKNUM(B199) -> #NAME?
A200: 199 | B200: 44990 | C200: =IF(OR(WEEKDAY(B200) = 7, WEEKDAY(B200) = 1), 1, 0) -> 1 | D200: 1 | E200: =IF((C200+D200)>0, 1, 0) -> 1 | F200: =TEXT(B200, "dddd") -> Sunday | G200: Voorjaarsvakantie | H200: 3 | I200: =IF(J200>J199, IF(H200<>H199,1, I199+1),I199) -> #NAME? | J200: =_xludf.ISOWEEKNUM(B200) -> #NAME?
A201: 200 | B201: 44991 | C201: =IF(OR(WEEKDAY(B201) = 7, WEEKDAY(B201) = 1), 1, 0) -> 0 | D201: 1 | E201: =IF((C201+D201)>0, 1, 0) -> 1 | F201: =TEXT(B201, "dddd") -> Monday | G201: Studiedag | H201: 4 | I201: =IF(J201>J200, IF(H201<>H200,1, I200+1),I200) -> #NAME? | J201: =_xludf.ISOWEEKNUM(B201) -> #NAME?
A202: 201 | B202: 44992 | C202: =IF(OR(WEEKDAY(B202) = 7, WEEKDAY(B202) = 1), 1, 0) -> 0 | D202: 0 | E202: =IF((C202+D202)>0, 1, 0) -> 0 | F202: =TEXT(B202, "dddd") -> Tuesday | H202: 4 | I202: =IF(J202>J201, IF(H202<>H201,1, I201+1),I201) -> #NAME? | J202: =_xludf.ISOWEEKNUM(B202) -> #NAME?
A203: 202 | B203: 44993 | C203: =IF(OR(WEEKDAY(B203) = 7, WEEKDAY(B203) = 1), 1, 0) -> 0 | D203: 0 | E203: =IF((C203+D203)>0, 1, 0) -> 0 | F203: =TEXT(B203, "dddd") -> Wednesday | H203: 4 | I203: =IF(J203>J202, IF(H203<>H202,1, I202+1),I202) -> #NAME? | J203: =_xludf.ISOWEEKNUM(B203) -> #NAME?
A204: 203 | B204: 44994 | C204: =IF(OR(WEEKDAY(B204) = 7, WEEKDAY(B204) = 1), 1, 0) -> 0 | D204: 0 | E204: =IF((C204+D204)>0, 1, 0) -> 0 | F204: =TEXT(B204, "dddd") -> Thursday | H204: 4 | I204: =IF(J204>J203, IF(H204<>H203,1, I203+1),I203) -> #NAME? | J204: =_xludf.ISOWEEKNUM(B204) -> #NAME?
A205: 204 | B205: 44995 | C205: =IF(OR(WEEKDAY(B205) = 7, WEEKDAY(B205) = 1), 1, 0) -> 0 | D205: 0 | E205: =IF((C205+D205)>0, 1, 0) -> 0 | F205: =TEXT(B205, "dddd") -> Friday | H205: 4 | I205: =IF(J205>J204, IF(H205<>H204,1, I204+1),I204) -> #NAME? | J205: =_xludf.ISOWEEKNUM(B205) -> #NAME?
A206: 205 | B206: 44996 | C206: =IF(OR(WEEKDAY(B206) = 7, WEEKDAY(B206) = 1), 1, 0) -> 1 | D206: 0 | E206: =IF((C206+D206)>0, 1, 0) -> 1 | F206: =TEXT(B206, "dddd") -> Saturday | H206: 4 | I206: =IF(J206>J205, IF(H206<>H205,1, I205+1),I205) -> #NAME? | J206: =_xludf.ISOWEEKNUM(B206) -> #NAME?
A207: 206 | B207: 44997 | C207: =IF(OR(WEEKDAY(B207) = 7, WEEKDAY(B207) = 1), 1, 0) -> 1 | D207: 0 | E207: =IF((C207+D207)>0, 1, 0) -> 1 | F207: =TEXT(B207, "dddd") -> Sunday | H207: 4 | I207: =IF(J207>J206, IF(H207<>H206,1, I206+1),I206) -> #NAME? | J207: =_xludf.ISOWEEKNUM(B207) -> #NAME?
A208: 207 | B208: 44998 | C208: =IF(OR(WEEKDAY(B208) = 7, WEEKDAY(B208) = 1), 1, 0) -> 0 | D208: 0 | E208: =IF((C208+D208)>0, 1, 0) -> 0 | F208: =TEXT(B208, "dddd") -> Monday | H208: 4 | I208: =IF(J208>J207, IF(H208<>H207,1, I207+1),I207) -> #NAME? | J208: =_xludf.ISOWEEKNUM(B208) -> #NAME?
A209: 208 | B209: 44999 | C209: =IF(OR(WEEKDAY(B209) = 7, WEEKDAY(B209) = 1), 1, 0) -> 0 | D209: 0 | E209: =IF((C209+D209)>0, 1, 0) -> 0 | F209: =TEXT(B209, "dddd") -> Tuesday | H209: 4 | I209: =IF(J209>J208, IF(H209<>H208,1, I208+1),I208) -> #NAME? | J209: =_xludf.ISOWEEKNUM(B209) -> #NAME?
A210: 209 | B210: 45000 | C210: =IF(OR(WEEKDAY(B210) = 7, WEEKDAY(B210) = 1), 1, 0) -> 0 | D210: 0 | E210: =IF((C210+D210)>0, 1, 0) -> 0 | F210: =TEXT(B210, "dddd") -> Wednesday | H210: 4 | I210: =IF(J210>J209, IF(H210<>H209,1, I209+1),I209) -> #NAME? | J210: =_xludf.ISOWEEKNUM(B210) -> #NAME?
A211: 210 | B211: 45001 | C211: =IF(OR(WEEKDAY(B211) = 7, WEEKDAY(B211) = 1), 1, 0) -> 0 | D211: 0 | E211: =IF((C211+D211)>0, 1, 0) -> 0 | F211: =TEXT(B211, "dddd") -> Thursday | H211: 4 | I211: =IF(J211>J210, IF(H211<>H210,1, I210+1),I210) -> #NAME? | J211: =_xludf.ISOWEEKNUM(B211) -> #NAME?
A212: 211 | B212: 45002 | C212: =IF(OR(WEEKDAY(B212) = 7, WEEKDAY(B212) = 1), 1, 0) -> 0 | D212: 0 | E212: =IF((C212+D212)>0, 1, 0) -> 0 | F212: =TEXT(B212, "dddd") -> Friday | H212: 4 | I212: =IF(J212>J211, IF(H212<>H211,1, I211+1),I211) -> #NAME? | J212: =_xludf.ISOWEEKNUM(B212) -> #NAME?
A213: 212 | B213: 45003 | C213: =IF(OR(WEEKDAY(B213) = 7, WEEKDAY(B213) = 1), 1, 0) -> 1 | D213: 0 | E213: =IF((C213+D213)>0, 1, 0) -> 1 | F213: =TEXT(B213, "dddd") -> Saturday | H213: 4 | I213: =IF(J213>J212, IF(H213<>H212,1, I212+1),I212) -> #NAME? | J213: =_xludf.ISOWEEKNUM(B213) -> #NAME?
... A254: 253 | B254: 45044 | C254: =IF(OR(WEEKDAY(B254) = 7, WEEKDAY(B254) = 1), 1, 0) -> 0 | D254: 0 | E254: =IF((C254+D254)>0, 1, 0) -> 0 | F254: =TEXT(B254, "dddd") -> Friday | H254: 4 | I254: =IF(J254>J253, IF(H254<>H253,1, I253+1),I253) -> #NAME? | J254: =_xludf.ISOWEEKNUM(B254) -> #NAME?
A255: 254 | B255: 45045 | C255: =IF(OR(WEEKDAY(B255) = 7, WEEKDAY(B255) = 1), 1, 0) -> 1 | D255: 1 | E255: =IF((C255+D255)>0, 1, 0) -> 1 | F255: =TEXT(B255, "dddd") -> Saturday | G255: Meivakantie | H255: 4 | I255: =IF(J255>J254, IF(H255<>H254,1, I254+1),I254) -> #NAME? | J255: =_xludf.ISOWEEKNUM(B255) -> #NAME?
A256: 255 | B256: 45046 | C256: =IF(OR(WEEKDAY(B256) = 7, WEEKDAY(B256) = 1), 1, 0) -> 1 | D256: 1 | E256: =IF((C256+D256)>0, 1, 0) -> 1 | F256: =TEXT(B256, "dddd") -> Sunday | G256: Meivakantie | H256: 4 | I256: =IF(J256>J255, IF(H256<>H255,1, I255+1),I255) -> #NAME? | J256: =_xludf.ISOWEEKNUM(B256) -> #NAME?
A257: 256 | B257: 45047 | C257: =IF(OR(WEEKDAY(B257) = 7, WEEKDAY(B257) = 1), 1, 0) -> 0 | D257: 1 | E257: =IF((C257+D257)>0, 1, 0) -> 1 | F257: =TEXT(B257, "dddd") -> Monday | G257: Meivakantie | H257: 4 | I257: =IF(J257>J256, IF(H257<>H256,1, I256+1),I256) -> #NAME? | J257: =_xludf.ISOWEEKNUM(B257) -> #NAME?
A258: 257 | B258: 45048 | C258: =IF(OR(WEEKDAY(B258) = 7, WEEKDAY(B258) = 1), 1, 0) -> 0 | D258: 1 | E258: =IF((C258+D258)>0, 1, 0) -> 1 | F258: =TEXT(B258, "dddd") -> Tuesday | G258: Meivakantie | H258: 4 | I258: =IF(J258>J257, IF(H258<>H257,1, I257+1),I257) -> #NAME? | J258: =_xludf.ISOWEEKNUM(B258) -> #NAME?
A259: 258 | B259: 45049 | C259: =IF(OR(WEEKDAY(B259) = 7, WEEKDAY(B259) = 1), 1, 0) -> 0 | D259: 1 | E259: =IF((C259+D259)>0, 1, 0) -> 1 | F259: =TEXT(B259, "dddd") -> Wednesday | G259: Meivakantie | H259: 4 | I259: =IF(J259>J258, IF(H259<>H258,1, I258+1),I258) -> #NAME? | J259: =_xludf.ISOWEEKNUM(B259) -> #NAME?
A260: 259 | B260: 45050 | C260: =IF(OR(WEEKDAY(B260) = 7, WEEKDAY(B260) = 1), 1, 0) -> 0 | D260: 1 | E260: =IF((C260+D260)>0, 1, 0) -> 1 | F260: =TEXT(B260, "dddd") -> Thursday | G260: Meivakantie | H260: 4 | I260: =IF(J260>J259, IF(H260<>H259,1, I259+1),I259) -> #NAME? | J260: =_xludf.ISOWEEKNUM(B260) -> #NAME?
A261: 260 | B261: 45051 | C261: =IF(OR(WEEKDAY(B261) = 7, WEEKDAY(B261) = 1), 1, 0) -> 0 | D261: 1 | E261: =IF((C261+D261)>0, 1, 0) -> 1 | F261: =TEXT(B261, "dddd") -> Friday | G261: Meivakantie | H261: 4 | I261: =IF(J261>J260, IF(H261<>H260,1, I260+1),I260) -> #NAME? | J261: =_xludf.ISOWEEKNUM(B261) -> #NAME?
A262: 261 | B262: 45052 | C262: =IF(OR(WEEKDAY(B262) = 7, WEEKDAY(B262) = 1), 1, 0) -> 1 | D262: 1 | E262: =IF((C262+D262)>0, 1, 0) -> 1 | F262: =TEXT(B262, "dddd") -> Saturday | G262: Meivakantie | H262: 4 | I262: =IF(J262>J261, IF(H262<>H261,1, I261+1),I261) -> #NAME? | J262: =_xludf.ISOWEEKNUM(B262) -> #NAME?
A263: 262 | B263: 45053 | C263: =IF(OR(WEEKDAY(B263) = 7, WEEKDAY(B263) = 1), 1, 0) -> 1 | D263: 1 | E263: =IF((C263+D263)>0, 1, 0) -> 1 | F263: =TEXT(B263, "dddd") -> Sunday | G263: Meivakantie | H263: 4 | I263: =IF(J263>J262, IF(H263<>H262,1, I262+1),I262) -> #NAME? | J263: =_xludf.ISOWEEKNUM(B263) -> #NAME?
A264: 263 | B264: 45054 | C264: =IF(OR(WEEKDAY(B264) = 7, WEEKDAY(B264) = 1), 1, 0) -> 0 | D264: 1 | E264: =IF((C264+D264)>0, 1, 0) -> 1 | F264: =TEXT(B264, "dddd") -> Monday | G264: Meivakantie | H264: 4 | I264: =IF(J264>J263, IF(H264<>H263,1, I263+1),I263) -> #NAME? | J264: =_xludf.ISOWEEKNUM(B264) -> #NAME?
A265: 264 | B265: 45055 | C265: =IF(OR(WEEKDAY(B265) = 7, WEEKDAY(B265) = 1), 1, 0) -> 0 | D265: 1 | E265: =IF((C265+D265)>0, 1, 0) -> 1 | F265: =TEXT(B265, "dddd") -> Tuesday | G265: Meivakantie | H265: 4 | I265: =IF(J265>J264, IF(H265<>H264,1, I264+1),I264) -> #NAME? | J265: =_xludf.ISOWEEKNUM(B265) -> #NAME?
A266: 265 | B266: 45056 | C266: =IF(OR(WEEKDAY(B266) = 7, WEEKDAY(B266) = 1), 1, 0) -> 0 | D266: 1 | E266: =IF((C266+D266)>0, 1, 0) -> 1 | F266: =TEXT(B266, "dddd") -> Wednesday | G266: Meivakantie | H266: 4 | I266: =IF(J266>J265, IF(H266<>H265,1, I265+1),I265) -> #NAME? | J266: =_xludf.ISOWEEKNUM(B266) -> #NAME?
... A271: 270 | B271: 45061 | C271: =IF(OR(WEEKDAY(B271) = 7, WEEKDAY(B271) = 1), 1, 0) -> 0 | D271: 1 | E271: =IF((C271+D271)>0, 1, 0) -> 1 | F271: =TEXT(B271, "dddd") -> Monday | G271: Studiedag | H271: 5 | I271: =IF(J271>J270, IF(H271<>H270,1, I270+1),I270) -> #NAME? | J271: =_xludf.ISOWEEKNUM(B271) -> #NAME?
A272: 271 | B272: 45062 | C272: =IF(OR(WEEKDAY(B272) = 7, WEEKDAY(B272) = 1), 1, 0) -> 0 | D272: 0 | E272: =IF((C272+D272)>0, 1, 0) -> 0 | F272: =TEXT(B272, "dddd") -> Tuesday | H272: 5 | I272: =IF(J272>J271, IF(H272<>H271,1, I271+1),I271) -> #NAME? | J272: =_xludf.ISOWEEKNUM(B272) -> #NAME?
A273: 272 | B273: 45063 | C273: =IF(OR(WEEKDAY(B273) = 7, WEEKDAY(B273) = 1), 1, 0) -> 0 | D273: 0 | E273: =IF((C273+D273)>0, 1, 0) -> 0 | F273: =TEXT(B273, "dddd") -> Wednesday | H273: 5 | I273: =IF(J273>J272, IF(H273<>H272,1, I272+1),I272) -> #NAME? | J273: =_xludf.ISOWEEKNUM(B273) -> #NAME?
...

Sheet Grade
A1: ID | B1: StudentID | C1: Date | D1: PaceCourseID | E1: Course | F1: CourseName__ | G1: PACE_ID | H1: Type | I1: Grade | J1: Remarks | K1: Test__
A2: 1 | B2: 2 | C2: 44936 | E2: 117 | F2: Physics | G2: 145 | H2: PACE | I2: 0.819 | K2: 1
A3: 2 | B3: 2 | C3: =C2+1 -> 44937 | E3: 117 | F3: Physics | G3: 146 | H3: PACE | I3: 0.854 | K3: 1
A4: 3 | B4: 2 | C4: =C3+1 -> 44938 | E4: 125 | F4: Life of Christ II | G4: 1212 | H4: PACE | I4: 0.896 | K4: 1
A5: 4 | B5: 2 | C5: =C4+1 -> 44939 | E5: 117 | F5: Physics | G5: 147 | H5: PACE | I5: 0.803 | K5: 1
A6: 5 | B6: 2 | C6: =C5+1 -> 44940 | E6: 117 | F6: Physics | G6: 148 | H6: PACE | I6: 0.851 | K6: 1
A7: 6 | B7: 2 | C7: =C6+1 -> 44941 | E7: 117 | F7: Physics | G7: 149 | H7: PACE | I7: 0.926 | K7: 1
A8: 7 | B8: 2 | C8: =C7+1 -> 44942 | E8: 125 | F8: Life of Christ II | G8: 1213 | H8: PACE | I8: 0.872 | K8: 1
A9: 8 | B9: 2 | C9: =C8+1 -> 44943 | E9: 117 | F9: Physics | G9: 150 | H9: PACE | I9: 0.955 | K9: 1
A10: 9 | B10: 2 | C10: =C9+1 -> 44944 | E10: 117 | F10: Physics | G10: 151 | H10: PACE | I10: 0.918 | K10: 1
A11: 10 | B11: 2 | C11: =C10+1 -> 44945 | E11: 125 | F11: Life of Christ II | G11: 1214 | H11: PACE | I11: 0.921 | K11: 1
A12: 11 | B12: 2 | C12: =C11+1 -> 44946 | E12: 117 | F12: Physics | G12: 152 | H12: PACE | I12: 0.957 | K12: 1
A13: 12 | B13: 2 | C13: =C12+1 -> 44947 | E13: 125 | F13: Life of Christ II | G13: 1215 | H13: PACE | I13: 0.97 | K13: 1
A14: 13 | B14: 2 | C14: =C13+1 -> 44948 | E14: 125 | F14: Life of Christ II | G14: 1216 | H14: PACE | I14: 0.915 | K14: 1
... A50: 49 | B50: 2 | C50: =C49+1 -> 44984 | E50: 111 | F50: Trigonometry | G50: 1097 | H50: PACE | I50: 0.975 | K50: 1
A51: 50 | B51: 29 | C51: 45030 | E51: 38 | F51: English | G51: 451 | H51: PACE | I51: 0.92 | K51: 1
A52: 51 | B52: 29 | C52: 45030 | E52: 39 | F52: Word Building | G52: 463 | H52: PACE | I52: 0.98 | K52: 1
A53: 52 | B53: 29 | C53: 44981 | E53: 38 | F53: English | G53: 283 | H53: PACE | I53: 0.995 | K53: 1
A54: 53 | B54: 29 | C54: 45028 | E54: 41 | F54: Science Level 6 | G54: 487 | H54: PACE | I54: 0.995 | K54: 1
A55: 54 | B55: 29 | C55: 45028 | E55: 42 | F55: Social Studies Level 6 | G55: 499 | H55: PACE | I55: 0.995 | K55: 1
A56: 55 | B56: 29 | C56: 45028 | E56: ? | F56: Grammar | G56: 499 | H56: PACE | I56: 0.995 | K56: 1

Sheet Class
A1: ID | B1: Class
A2: 0 | B2: Not Applicable
A3: 1 | B3: Kindergarten
A4: 2 | B4: ABCs
A5: 3 | B5: Juniors
A6: 4 | B6: Seniors

Sheet SubjectGroup
A1: ID | B1: Name | C1: order
A2: 1 | B2: Christian Studies | C2: 1
A3: 2 | B3: Core Academic Studies | C3: 2
A4: 3 | B4: Core Expanded Studies | C4: 3
A5: 4 | B5: Applied Studies | C5: 4
A6: 5 | B6: Dutch Language | C6: 5
A7: 6 | B7: Supplementary Activities | C7: 6
A8: 7 | B8: Coursework | C8: 7
A9: 8 | B9: Miscellaneous | C9: 8

Sheet Subject
A1: ID | B1: Name | C1: Colour | D1: SubjectLabel | E1: Abbreviation
A2: 1 | B2: Maths | C2: Yellow | D2: Academic | E2: MA
A3: 2 | B3: Language | C3: Red | D3: Academic | E3: LA
A4: 3 | B4: Word Building | C4: Purple | D4: Academic | E4: WB
A5: 4 | B5: Literature | C5: DarkRed | D5: Academic | E5: LI
A6: 5 | B6: Science | C6: Blue | D6: Academic | E6: SC
A7: 6 | B7: Social Studies | C7: Green | D7: Academic | E7: SS
A8: 7 | B8: Biblical Studies | C8: SandOrange | D8: Christian | E8: BS
A9: 8 | B9: Electives | C9: Grey | D9: Elective | E9: EL
A10: 9 | B10: Dutch Language | C10: Orange | D10: Academic | E10: NL
A11: 10 | B11: Supplementary | C11: White | D11: Elective | E11: SU

Sheet ICCE_Certificate
A1: ID | B1: Certificate
A2: 1 | B2: Vocational Level 7
A3: 2 | B3: General Level 9
A4: 3 | B4: Intermediate
A5: 4 | B5: Advanced
A6: 5 | B6: Advanced Higher
A7: 6 | B7: Advanced Maths Bias
A8: 7 | B8: Advanced Social Studies Bias
A9: 8 | B9: Advanced Science Bias
A10: 9 | B10: General Level 8
A11: 10 | B11: Level 2
A12: 11 | B12: Level 3
A13: 12 | B13: Level 4
... A15: 14 | B15: Level 6

Sheet Enrollment
A1: ID | B1: Certificate | C1: CertificateID | D1: CourseName | E1: needChoice | F1: Type | G1: SubjectGroup | H1: SubjectGroupID | I1: StarValue | J1: Note | K1: Order
A2: 1 | B2: =VLOOKUP(C2,ICCE_Certificate!$A$2:$B$10,2, FALSE) -> Advanced | C2: 4 | D2: NT Church History / Life of Christ | E2: T | F2: Biblical Studies | G2: =VLOOKUP(H2, SubjectGroup!$A$2:$B$9, 2, FALSE) -> Christian Studies | H2: 1 | I2: 12
A3: 2 | B3: =VLOOKUP(C3,ICCE_Certificate!$A$2:$B$10,2, FALSE) -> Advanced | C3: 4 | D3: Apologetics III | E3: T | G3: =VLOOKUP(H3, SubjectGroup!$A$2:$B$9, 2, FALSE) -> Christian Studies | H3: 1 | I3: 6
A4: 3 | B4: =VLOOKUP(C4,ICCE_Certificate!$A$2:$B$10,2, FALSE) -> Advanced | C4: 4 | D4: Algebra II | E4: F | G4: =VLOOKUP(H4, SubjectGroup!$A$2:$B$9, 2, FALSE) -> Core Academic Studies | H4: 2 | I4: 12
A5: 4 | B5: =VLOOKUP(C5,ICCE_Certificate!$A$2:$B$10,2, FALSE) -> Advanced | C5: 4 | D5: English III / English IV | E5: T | F5: English | G5: =VLOOKUP(H5, SubjectGroup!$A$2:$B$9, 2, FALSE) -> Core Academic Studies | H5: 2 | I5: 12
A6: 5 | B6: =VLOOKUP(C6,ICCE_Certificate!$A$2:$B$10,2, FALSE) -> Advanced | C6: 4 | D6: Chemistry / Physics | E6: T | F6: Chemistry | G6: =VLOOKUP(H6, SubjectGroup!$A$2:$B$9, 2, FALSE) -> Core Academic Studies | H6: 2 | I6: 12
A7: 6 | B7: =VLOOKUP(C7,ICCE_Certificate!$A$2:$B$10,2, FALSE) -> Advanced | C7: 4 | D7: History of Civilisation II | E7: F | G7: =VLOOKUP(H7, SubjectGroup!$A$2:$B$9, 2, FALSE) -> Core Academic Studies | H7: 2 | I7: 12
A8: 7 | B8: =VLOOKUP(C8,ICCE_Certificate!$A$2:$B$10,2, FALSE) -> Advanced | C8: 4 | D8: Further Credit Option | E8: F | F8: Further Credit Option | G8: =VLOOKUP(H8, SubjectGroup!$A$2:$B$9, 2, FALSE) -> Miscellaneous | H8: 8 | I8: 12
A9: 8 | B9: =VLOOKUP(C9,ICCE_Certificate!$A$2:$B$10,2, FALSE) -> Advanced | C9: 4 | D9: Coursework 1 | E9: T | F9: Coursework | G9: =VLOOKUP(H9, SubjectGroup!$A$2:$B$9, 2, FALSE) -> Coursework | H9: 7 | I9: 2
A10: 9 | B10: =VLOOKUP(C10,ICCE_Certificate!$A$2:$B$10,2, FALSE) -> Advanced | C10: 4 | D10: Coursework 2 | E10: T | F10: Coursework | G10: =VLOOKUP(H10, SubjectGroup!$A$2:$B$9, 2, FALSE) -> Coursework | H10: 7 | I10: 2
A11: 10 | B11: =VLOOKUP(C11,ICCE_Certificate!$A$2:$B$10,2, FALSE) -> Advanced | C11: 4 | D11: Coursework 3 | E11: T | F11: Coursework | G11: =VLOOKUP(H11, SubjectGroup!$A$2:$B$9, 2, FALSE) -> Coursework | H11: 7 | I11: 2
A12: 11 | B12: =VLOOKUP(C12,ICCE_Certificate!$A$2:$B$10,2, FALSE) -> Advanced Maths Bias | C12: 6 | D12: NT Church History / Life of Christ | E12: T | F12: Biblical Studies | G12: =VLOOKUP(H12, SubjectGroup!$A$2:$B$9, 2, FALSE) -> Christian Studies | H12: 1 | I12: 12 | K12: 10
A13: 12 | B13: =VLOOKUP(C13,ICCE_Certificate!$A$2:$B$10,2, FALSE) -> Advanced Maths Bias | C13: 6 | D13: Apologetics III | E13: T | F13: Biblical Studies | G13: =VLOOKUP(H13, SubjectGroup!$A$2:$B$9, 2, FALSE) -> Christian Studies | H13: 1 | I13: 6 | K13: 11
A14: 13 | B14: =VLOOKUP(C14,ICCE_Certificate!$A$2:$B$10,2, FALSE) -> Advanced Maths Bias | C14: 6 | D14: Algebra II | E14: F | G14: =VLOOKUP(H14, SubjectGroup!$A$2:$B$9, 2, FALSE) -> Core Academic Studies | H14: 2 | I14: 12 | K14: 1
A15: 14 | B15: =VLOOKUP(C15,ICCE_Certificate!$A$2:$B$10,2, FALSE) -> Advanced Maths Bias | C15: 6 | D15: Trigonometry | E15: F | G15: =VLOOKUP(H15, SubjectGroup!$A$2:$B$9, 2, FALSE) -> Core Academic Studies | H15: 2 | I15: 6 | K15: =K14+1 -> 2
A16: 15 | B16: =VLOOKUP(C16,ICCE_Certificate!$A$2:$B$10,2, FALSE) -> Advanced Maths Bias | C16: 6 | D16: Higher Maths | E16: F | G16: =VLOOKUP(H16, SubjectGroup!$A$2:$B$9, 2, FALSE) -> Core Academic Studies | H16: 2 | I16: 6 | K16: =K15+1 -> 3
A17: 16 | B17: =VLOOKUP(C17,ICCE_Certificate!$A$2:$B$10,2, FALSE) -> Advanced Maths Bias | C17: 6 | D17: College Maths I | E17: F | G17: =VLOOKUP(H17, SubjectGroup!$A$2:$B$9, 2, FALSE) -> Core Academic Studies | H17: 2 | I17: 12 | K17: =K16+1 -> 4
A18: 17 | B18: =VLOOKUP(C18,ICCE_Certificate!$A$2:$B$10,2, FALSE) -> Advanced Maths Bias | C18: 6 | D18: College Maths II | E18: F | G18: =VLOOKUP(H18, SubjectGroup!$A$2:$B$9, 2, FALSE) -> Core Academic Studies | H18: 2 | I18: 12 | K18: =K17+1 -> 5
A19: 18 | B19: =VLOOKUP(C19,ICCE_Certificate!$A$2:$B$10,2, FALSE) -> Advanced Maths Bias | C19: 6 | D19: Physics | E19: F | G19: =VLOOKUP(H19, SubjectGroup!$A$2:$B$9, 2, FALSE) -> Core Academic Studies | H19: 2 | I19: 12 | K19: 7
A20: 19 | B20: =VLOOKUP(C20,ICCE_Certificate!$A$2:$B$10,2, FALSE) -> Advanced Maths Bias | C20: 6 | D20: ICT Course | E20: T | F20: ICT Course | G20: =VLOOKUP(H20, SubjectGroup!$A$2:$B$9, 2, FALSE) -> Core Expanded Studies | H20: 3 | I20: 12 | K20: 12
A21: 20 | B21: =VLOOKUP(C21,ICCE_Certificate!$A$2:$B$10,2, FALSE) -> Advanced Maths Bias | C21: 6 | D21: Further Credit Option | E21: T | F21: Further Credit Option | G21: =VLOOKUP(H21, SubjectGroup!$A$2:$B$9, 2, FALSE) -> Core Academic Studies | H21: 2 | I21: 12 | K21: =K20+1 -> 13
A22: 21 | B22: =VLOOKUP(C22,ICCE_Certificate!$A$2:$B$10,2, FALSE) -> Advanced Maths Bias | C22: 6 | D22: Coursework 1 | E22: T | F22: Coursework | G22: =VLOOKUP(H22, SubjectGroup!$A$2:$B$9, 2, FALSE) -> Coursework | H22: 7 | I22: 2 | K22: 6
A23: 22 | B23: =VLOOKUP(C23,ICCE_Certificate!$A$2:$B$10,2, FALSE) -> Advanced Maths Bias | C23: 6 | D23: Coursework 2 | E23: T | F23: Coursework | G23: =VLOOKUP(H23, SubjectGroup!$A$2:$B$9, 2, FALSE) -> Coursework | H23: 7 | I23: 2 | K23: 8
A24: 23 | B24: =VLOOKUP(C24,ICCE_Certificate!$A$2:$B$10,2, FALSE) -> Advanced Maths Bias | C24: 6 | D24: Coursework 3 | E24: T | F24: Coursework | G24: =VLOOKUP(H24, SubjectGroup!$A$2:$B$9, 2, FALSE) -> Coursework | H24: 7 | I24: 2 | K24: 9
A25: 24 | B25: =VLOOKUP(C25,ICCE_Certificate!$A$2:$B$10,2, FALSE) -> Advanced Social Studies Bias | C25: 7 | D25: NT Church History / Life of Christ | E25: T | F25: Biblical Studies | G25: =VLOOKUP(H25, SubjectGroup!$A$2:$B$9, 2, FALSE) -> Christian Studies | H25: 1 | I25: 12
A26: 25 | B26: =VLOOKUP(C26,ICCE_Certificate!$A$2:$B$10,2, FALSE) -> Advanced Social Studies Bias | C26: 7 | D26: Apologetics III | E26: F | G26: =VLOOKUP(H26, SubjectGroup!$A$2:$B$9, 2, FALSE) -> Christian Studies | H26: 1 | I26: 6
A27: 26 | B27: =VLOOKUP(C27,ICCE_Certificate!$A$2:$B$10,2, FALSE) -> Advanced Social Studies Bias | C27: 7 | D27: English III | E27: F | G27: =VLOOKUP(H27, SubjectGroup!$A$2:$B$9, 2, FALSE) -> Core Academic Studies | H27: 2 | I27: 12
A28: 27 | B28: =VLOOKUP(C28,ICCE_Certificate!$A$2:$B$10,2, FALSE) -> Advanced Social Studies Bias | C28: 7 | D28: English Composition II | E28: F | G28: =VLOOKUP(H28, SubjectGroup!$A$2:$B$9, 2, FALSE) -> Core Academic Studies | H28: 2 | I28: 12 | J28: Andere nummers in PACE
A29: 28 | B29: =VLOOKUP(C29,ICCE_Certificate!$A$2:$B$10,2, FALSE) -> Advanced Social Studies Bias | C29: 7 | D29: History of Civilisation II | E29: F | G29: =VLOOKUP(H29, SubjectGroup!$A$2:$B$9, 2, FALSE) -> Core Academic Studies | H29: 2 | I29: 12
A30: 29 | B30: =VLOOKUP(C30,ICCE_Certificate!$A$2:$B$10,2, FALSE) -> Advanced Social Studies Bias | C30: 7 | D30: Economics and Civics | E30: F | G30: =VLOOKUP(H30, SubjectGroup!$A$2:$B$9, 2, FALSE) -> Core Academic Studies | H30: 2 | I30: 12 | J30: Andere naam dan in FCO
A31: 30 | B31: =VLOOKUP(C31,ICCE_Certificate!$A$2:$B$10,2, FALSE) -> Advanced Social Studies Bias | C31: 7 | D31: Further Credit Option | E31: T | F31: Further Credit Option | G31: =VLOOKUP(H31, SubjectGroup!$A$2:$B$9, 2, FALSE) -> Miscellaneous | H31: 8 | I31: 12
A32: 31 | B32: =VLOOKUP(C32,ICCE_Certificate!$A$2:$B$10,2, FALSE) -> Advanced Social Studies Bias | C32: 7 | D32: Coursework 1 | E32: T | F32: Coursework | G32: =VLOOKUP(H32, SubjectGroup!$A$2:$B$9, 2, FALSE) -> Coursework | H32: 7 | I32: 2
A33: 32 | B33: =VLOOKUP(C33,ICCE_Certificate!$A$2:$B$10,2, FALSE) -> Advanced Social Studies Bias | C33: 7 | D33: Coursework 2 | E33: T | F33: Coursework | G33: =VLOOKUP(H33, SubjectGroup!$A$2:$B$9, 2, FALSE) -> Coursework | H33: 7 | I33: 2
A34: 33 | B34: =VLOOKUP(C34,ICCE_Certificate!$A$2:$B$10,2, FALSE) -> Advanced Social Studies Bias | C34: 7 | D34: Coursework 3 | E34: T | F34: Coursework | G34: =VLOOKUP(H34, SubjectGroup!$A$2:$B$9, 2, FALSE) -> Coursework | H34: 7 | I34: 2
A35: 34 | B35: =VLOOKUP(C35,ICCE_Certificate!$A$2:$B$10,2, FALSE) -> Advanced Science Bias | C35: 8 | D35: NT Church History / Life of Christ | E35: T | G35: =VLOOKUP(H35, SubjectGroup!$A$2:$B$9, 2, FALSE) -> Christian Studies | H35: 1 | I35: 12
A36: 35 | B36: =VLOOKUP(C36,ICCE_Certificate!$A$2:$B$10,2, FALSE) -> Advanced Science Bias | C36: 8 | D36: Apologetics III | E36: F | G36: =VLOOKUP(H36, SubjectGroup!$A$2:$B$9, 2, FALSE) -> Christian Studies | H36: 1 | I36: 6
A37: 36 | B37: =VLOOKUP(C37,ICCE_Certificate!$A$2:$B$10,2, FALSE) -> Advanced Science Bias | C37: 8 | D37: Algebra II | E37: F | G37: =VLOOKUP(H37, SubjectGroup!$A$2:$B$9, 2, FALSE) -> Core Academic Studies | H37: 2 | I37: 12
A38: 37 | B38: =VLOOKUP(C38,ICCE_Certificate!$A$2:$B$10,2, FALSE) -> Advanced Science Bias | C38: 8 | D38: Trigonometry | E38: F | G38: =VLOOKUP(H38, SubjectGroup!$A$2:$B$9, 2, FALSE) -> Core Academic Studies | H38: 2 | I38: 6
A39: 38 | B39: =VLOOKUP(C39,ICCE_Certificate!$A$2:$B$10,2, FALSE) -> Advanced Science Bias | C39: 8 | D39: Higher Maths | E39: F | G39: =VLOOKUP(H39, SubjectGroup!$A$2:$B$9, 2, FALSE) -> Core Academic Studies | H39: 2 | I39: 6
A40: 39 | B40: =VLOOKUP(C40,ICCE_Certificate!$A$2:$B$10,2, FALSE) -> Advanced Science Bias | C40: 8 | D40: Chemistry | E40: F | G40: =VLOOKUP(H40, SubjectGroup!$A$2:$B$9, 2, FALSE) -> Core Academic Studies | H40: 2 | I40: 12
A41: 40 | B41: =VLOOKUP(C41,ICCE_Certificate!$A$2:$B$10,2, FALSE) -> Advanced Science Bias | C41: 8 | D41: Physics | E41: F | G41: =VLOOKUP(H41, SubjectGroup!$A$2:$B$9, 2, FALSE) -> Core Academic Studies | H41: 2 | I41: 12
A42: 41 | B42: =VLOOKUP(C42,ICCE_Certificate!$A$2:$B$10,2, FALSE) -> Advanced Science Bias | C42: 8 | D42: Biology (Apologia) | E42: F | G42: =VLOOKUP(H42, SubjectGroup!$A$2:$B$9, 2, FALSE) -> Core Academic Studies | H42: 2 | I42: 12
A43: 42 | B43: =VLOOKUP(C43,ICCE_Certificate!$A$2:$B$10,2, FALSE) -> Advanced Science Bias | C43: 8 | D43: Further Credit Option | E43: F | G43: =VLOOKUP(H43, SubjectGroup!$A$2:$B$9, 2, FALSE) -> Miscellaneous | H43: 8 | I43: 12
A44: 43 | B44: =VLOOKUP(C44,ICCE_Certificate!$A$2:$B$10,2, FALSE) -> Advanced Science Bias | C44: 8 | D44: Coursework 1 | E44: T | F44: Coursework | G44: =VLOOKUP(H44, SubjectGroup!$A$2:$B$9, 2, FALSE) -> Coursework | H44: 7 | I44: 2
A45: 44 | B45: =VLOOKUP(C45,ICCE_Certificate!$A$2:$B$10,2, FALSE) -> Advanced Science Bias | C45: 8 | D45: Coursework 2 | E45: T | F45: Coursework | G45: =VLOOKUP(H45, SubjectGroup!$A$2:$B$9, 2, FALSE) -> Coursework | H45: 7 | I45: 2
A46: 45 | B46: =VLOOKUP(C46,ICCE_Certificate!$A$2:$B$10,2, FALSE) -> Advanced Science Bias | C46: 8 | D46: Coursework 3 | E46: T | F46: Coursework | G46: =VLOOKUP(H46, SubjectGroup!$A$2:$B$9, 2, FALSE) -> Coursework | H46: 7 | I46: 2
A47: 46 | B47: =VLOOKUP(C47,ICCE_Certificate!$A$2:$B$20,2, FALSE) -> Vocational Level 7 | C47: 1 | D47: Maths Level 7 | E47: F | G47: =VLOOKUP(H47, SubjectGroup!$A$2:$B$9, 2, FALSE) -> Core Academic Studies | H47: 2 | I47: 12
A48: 47 | B48: =VLOOKUP(C48,ICCE_Certificate!$A$2:$B$20,2, FALSE) -> Vocational Level 7 | C48: 1 | D48: English Level 7 | E48: F | G48: =VLOOKUP(H48, SubjectGroup!$A$2:$B$9, 2, FALSE) -> Core Academic Studies | H48: 2 | I48: 12
A49: 48 | B49: =VLOOKUP(C49,ICCE_Certificate!$A$2:$B$20,2, FALSE) -> Vocational Level 7 | C49: 1 | D49: Beginning Art | E49: F | G49: =VLOOKUP(H49, SubjectGroup!$A$2:$B$9, 2, FALSE) -> Core Academic Studies | H49: 2 | I49: 12
A50: 49 | B50: =VLOOKUP(C50,ICCE_Certificate!$A$2:$B$20,2, FALSE) -> Vocational Level 7 | C50: 1 | D50: Word Building Level 7 | E50: F | G50: =VLOOKUP(H50, SubjectGroup!$A$2:$B$9, 2, FALSE) -> Core Academic Studies | H50: 2 | I50: 12
A51: 50 | B51: =VLOOKUP(C51,ICCE_Certificate!$A$2:$B$20,2, FALSE) -> Vocational Level 7 | C51: 1 | D51: Literature Level 7 | E51: F | G51: =VLOOKUP(H51, SubjectGroup!$A$2:$B$9, 2, FALSE) -> Core Academic Studies | H51: 2 | I51: 6
A52: 51 | B52: =VLOOKUP(C52,ICCE_Certificate!$A$2:$B$20,2, FALSE) -> Vocational Level 7 | C52: 1 | D52: Science Level 7 | E52: F | G52: =VLOOKUP(H52, SubjectGroup!$A$2:$B$9, 2, FALSE) -> Core Academic Studies | H52: 2 | I52: 12
A53: 52 | B53: =VLOOKUP(C53,ICCE_Certificate!$A$2:$B$20,2, FALSE) -> Vocational Level 7 | C53: 1 | D53: Social Studies Level 7 | E53: F | G53: =VLOOKUP(H53, SubjectGroup!$A$2:$B$9, 2, FALSE) -> Core Academic Studies | H53: 2 | I53: 6
A54: 53 | B54: =VLOOKUP(C54,ICCE_Certificate!$A$2:$B$20,2, FALSE) -> Vocational Level 7 | C54: 1 | D54: Staatsinrichting | E54: F | G54: =VLOOKUP(H54, SubjectGroup!$A$2:$B$9, 2, FALSE) -> Core Academic Studies | H54: 2 | I54: 3
A55: 54 | B55: =VLOOKUP(C55,ICCE_Certificate!$A$2:$B$20,2, FALSE) -> General Level 8 | C55: 9 | D55: General Maths | E55: F | G55: =VLOOKUP(H55, SubjectGroup!$A$2:$B$9, 2, FALSE) -> Core Academic Studies | H55: 2 | I55: 12
A56: 55 | B56: =VLOOKUP(C56,ICCE_Certificate!$A$2:$B$20,2, FALSE) -> General Level 8 | C56: 9 | D56: General English | E56: F | G56: =VLOOKUP(H56, SubjectGroup!$A$2:$B$9, 2, FALSE) -> Core Academic Studies | H56: 2 | I56: 12
A57: 56 | B57: =VLOOKUP(C57,ICCE_Certificate!$A$2:$B$20,2, FALSE) -> General Level 8 | C57: 9 | D57: Word Building Level 8 | E57: F | G57: =VLOOKUP(H57, SubjectGroup!$A$2:$B$9, 2, FALSE) -> Core Academic Studies | H57: 2 | I57: 12
A58: 57 | B58: =VLOOKUP(C58,ICCE_Certificate!$A$2:$B$20,2, FALSE) -> General Level 8 | C58: 9 | D58: Literature Level 8 | E58: F | G58: =VLOOKUP(H58, SubjectGroup!$A$2:$B$9, 2, FALSE) -> Core Academic Studies | H58: 2 | I58: 6
A59: 58 | B59: =VLOOKUP(C59,ICCE_Certificate!$A$2:$B$20,2, FALSE) -> General Level 8 | C59: 9 | D59: Biology Level 8 | E59: F | G59: =VLOOKUP(H59, SubjectGroup!$A$2:$B$9, 2, FALSE) -> Core Academic Studies | H59: 2 | I59: 12
A60: 59 | B60: =VLOOKUP(C60,ICCE_Certificate!$A$2:$B$20,2, FALSE) -> General Level 8 | C60: 9 | D60: British and European History / World History | E60: T | F60: Further Credit Option | G60: =VLOOKUP(H60, SubjectGroup!$A$2:$B$9, 2, FALSE) -> Core Academic Studies | H60: 2 | I60: 12
A61: 60 | B61: =VLOOKUP(C61,ICCE_Certificate!$A$2:$B$20,2, FALSE) -> General Level 8 | C61: 9 | D61: New Testament Survey | E61: F | G61: =VLOOKUP(H61, SubjectGroup!$A$2:$B$9, 2, FALSE) -> Christian Studies | H61: 1 | I61: 12
A62: 61 | B62: =VLOOKUP(C62,ICCE_Certificate!$A$2:$B$20,2, FALSE) -> General Level 9 | C62: 2 | D62: Algebra I | E62: F | G62: =VLOOKUP(H62, SubjectGroup!$A$2:$B$9, 2, FALSE) -> Core Academic Studies | H62: 2 | I62: 12
A63: 62 | B63: =VLOOKUP(C63,ICCE_Certificate!$A$2:$B$20,2, FALSE) -> General Level 9 | C63: 2 | D63: English I | E63: F | G63: =VLOOKUP(H63, SubjectGroup!$A$2:$B$9, 2, FALSE) -> Core Academic Studies | H63: 2 | I63: 12
A64: 63 | B64: =VLOOKUP(C64,ICCE_Certificate!$A$2:$B$20,2, FALSE) -> General Level 9 | C64: 2 | D64: Etymology | E64: F | G64: =VLOOKUP(H64, SubjectGroup!$A$2:$B$9, 2, FALSE) -> Core Academic Studies | H64: 2 | I64: 12
A65: 64 | B65: =VLOOKUP(C65,ICCE_Certificate!$A$2:$B$20,2, FALSE) -> General Level 9 | C65: 2 | D65: ICCE Literature Level 9 / Literature Level 9 | E65: T | G65: =VLOOKUP(H65, SubjectGroup!$A$2:$B$9, 2, FALSE) -> Core Academic Studies | H65: 2 | I65: 6
A66: 65 | B66: =VLOOKUP(C66,ICCE_Certificate!$A$2:$B$20,2, FALSE) -> General Level 9 | C66: 2 | D66: Biology Level 9 | E66: F | G66: =VLOOKUP(H66, SubjectGroup!$A$2:$B$9, 2, FALSE) -> Core Academic Studies | H66: 2 | I66: 12
A67: 66 | B67: =VLOOKUP(C67,ICCE_Certificate!$A$2:$B$20,2, FALSE) -> General Level 9 | C67: 2 | D67: World Geography | E67: F | G67: =VLOOKUP(H67, SubjectGroup!$A$2:$B$9, 2, FALSE) -> Core Academic Studies | H67: 2 | I67: 12
A68: 67 | B68: =VLOOKUP(C68,ICCE_Certificate!$A$2:$B$20,2, FALSE) -> General Level 9 | C68: 2 | D68: Apologetics I | E68: T | F68: Biblical Studies | G68: =VLOOKUP(H68, SubjectGroup!$A$2:$B$9, 2, FALSE) -> Christian Studies | H68: 1 | I68: 6 | J68: Voor de "Enrollment-Course" van "Apologetics I" moet er een vak gekozen worden, "Apologetics I-A" of "Apologetics I-B". Let op dat de oude namen van deze twee vakken respectievelijk zijn "Apologetics I" en "Apologetics II".
A69: 68 | B69: =VLOOKUP(C69,ICCE_Certificate!$A$2:$B$20,2, FALSE) -> General Level 9 | C69: 2 | D69: Successful Living | E69: F | F69: Biblical Studies | G69: =VLOOKUP(H69, SubjectGroup!$A$2:$B$9, 2, FALSE) -> Christian Studies | H69: 1 | I69: 12
A70: 69 | B70: =VLOOKUP(C70,ICCE_Certificate!$A$2:$B$20,2, FALSE) -> General Level 9 | C70: 2 | D70: Further Credit Option | E70: T | F70: Further Credit Option | G70: =VLOOKUP(H70, SubjectGroup!$A$2:$B$9, 2, FALSE) -> Core Academic Studies | H70: 2 | I70: 12
A71: 70 | B71: =VLOOKUP(C71,ICCE_Certificate!$A$2:$B$20,2, FALSE) -> General Level 9 | C71: 2 | D71: Coursework 1 | E71: T | F71: Coursework | G71: =VLOOKUP(H71, SubjectGroup!$A$2:$B$9, 2, FALSE) -> Core Academic Studies | H71: 2 | I71: 3
A72: 71 | B72: =VLOOKUP(C72,ICCE_Certificate!$A$2:$B$20,2, FALSE) -> General Level 9 | C72: 2 | D72: Coursework 2 | E72: T | F72: Coursework | G72: =VLOOKUP(H72, SubjectGroup!$A$2:$B$9, 2, FALSE) -> Coursework | H72: 7 | I72: 3
A73: 72 | B73: =VLOOKUP(C73,ICCE_Certificate!$A$2:$B$20,2, FALSE) -> Intermediate | C73: 3 | D73: Geometry | E73: F | G73: =VLOOKUP(H73, SubjectGroup!$A$2:$B$9, 2, FALSE) -> Core Academic Studies | H73: 2 | I73: 12
A74: 73 | B74: =VLOOKUP(C74,ICCE_Certificate!$A$2:$B$20,2, FALSE) -> Intermediate | C74: 3 | D74: English II | E74: F | G74: =VLOOKUP(H74, SubjectGroup!$A$2:$B$9, 2, FALSE) -> Core Academic Studies | H74: 2 | I74: 12
A75: 74 | B75: =VLOOKUP(C75,ICCE_Certificate!$A$2:$B$20,2, FALSE) -> Intermediate | C75: 3 | D75: Apologetics II | E75: F | G75: =VLOOKUP(H75, SubjectGroup!$A$2:$B$9, 2, FALSE) -> Christian Studies | H75: 1 | I75: 6 | J75: Voor de "Enrollment-Course" van "Apologetics II" moet er een vak gekozen worden, "Apologetics I-A" of "Apologetics I-B". Let op dat de oude namen van deze twee vakken respectievelijk zijn "Apologetics I" en "Apologetics II".
A76: 75 | B76: =VLOOKUP(C76,ICCE_Certificate!$A$2:$B$20,2, FALSE) -> Intermediate | C76: 3 | D76: Old Testament Survey | E76: F | G76: =VLOOKUP(H76, SubjectGroup!$A$2:$B$9, 2, FALSE) -> Christian Studies | H76: 1 | I76: 12
A77: 76 | B77: =VLOOKUP(C77,ICCE_Certificate!$A$2:$B$20,2, FALSE) -> Intermediate | C77: 3 | D77: Physical Science | E77: F | G77: =VLOOKUP(H77, SubjectGroup!$A$2:$B$9, 2, FALSE) -> Core Academic Studies | H77: 2 | I77: 12
A78: 77 | B78: =VLOOKUP(C78,ICCE_Certificate!$A$2:$B$20,2, FALSE) -> Intermediate | C78: 3 | D78: History of Civilisation I | E78: F | G78: =VLOOKUP(H78, SubjectGroup!$A$2:$B$9, 2, FALSE) -> Core Academic Studies | H78: 2 | I78: 12
A79: 78 | B79: =VLOOKUP(C79,ICCE_Certificate!$A$2:$B$20,2, FALSE) -> Intermediate | C79: 3 | D79: Further Credit Option | E79: T | F79: Further Credit Option | G79: =VLOOKUP(H79, SubjectGroup!$A$2:$B$9, 2, FALSE) -> Core Academic Studies | H79: 2 | I79: 12
A80: 79 | B80: =VLOOKUP(C80,ICCE_Certificate!$A$2:$B$20,2, FALSE) -> Intermediate | C80: 3 | D80: Further Credit Option | E80: T | F80: Further Credit Option | G80: =VLOOKUP(H80, SubjectGroup!$A$2:$B$9, 2, FALSE) -> Applied Studies | H80: 4 | I80: 12
A81: 80 | B81: =VLOOKUP(C81,ICCE_Certificate!$A$2:$B$20,2, FALSE) -> Intermediate | C81: 3 | D81: Coursework 1 | E81: T | G81: =VLOOKUP(H81, SubjectGroup!$A$2:$B$9, 2, FALSE) -> Coursework | H81: 7 | I81: 2
A82: 81 | B82: =VLOOKUP(C82,ICCE_Certificate!$A$2:$B$20,2, FALSE) -> Intermediate | C82: 3 | D82: Coursework 2 | E82: T | G82: =VLOOKUP(H82, SubjectGroup!$A$2:$B$9, 2, FALSE) -> Coursework | H82: 7 | I82: 2
A83: 82 | B83: =VLOOKUP(C83,ICCE_Certificate!$A$2:$B$20,2, FALSE) -> Intermediate | C83: 3 | D83: Coursework 3 | E83: T | G83: =VLOOKUP(H83, SubjectGroup!$A$2:$B$9, 2, FALSE) -> Coursework | H83: 7 | I83: 2

Sheet Course
A1: ID | B1: Name | C1: Alias | D1: ICCE-Alias | E1: Level | F1: PaceNrStart | G1: PaceNrEnd | H1: PaceCount__ | I1: StarValue | J1: SubjectID | K1: Subject_temp | L1: SubjectAbb | M1: Remarks | N1: Specification | O1: SubjectGroupID | P1: SubjectGroup__ | Q1: CourseType | R1: Course | S1: PassThreshold | T1: Status
A2: 1 | C2: Maths Reading Readiness | E2: 0 | F2: 1 | G2: 12 | H2: =G2-F2+1 -> 12 | I2: 12 | J2: 1 | K2: =VLOOKUP(J2, Subject!$A$2:$B$15, 2, FALSE) -> Maths | L2: =VLOOKUP(J2, Subject!$A$2:$E$11, 5, FALSE) -> MA | N2: RR | O2: 2 | P2: =VLOOKUP(O2, SubjectGroup!$A$2:$B$8, 2, FALSE) -> Core Academic Studies | Q2: Core | R2: =C2 -> Maths Reading Readiness | S2: 0.8
A3: 2 | C3: Maths Level 1 | E3: 1 | F3: 1 | G3: 12 | H3: =G3-F3+1 -> 12 | I3: 12 | J3: 1 | K3: =VLOOKUP(J3, Subject!$A$2:$B$15, 2, FALSE) -> Maths | L3: =VLOOKUP(J3, Subject!$A$2:$E$11, 5, FALSE) -> MA | N3: MA | O3: 2 | P3: =VLOOKUP(O3, SubjectGroup!$A$2:$B$8, 2, FALSE) -> Core Academic Studies | Q3: Core | R3: =C3 -> Maths Level 1 | S3: 0.8
A4: 3 | C4: English Level 1 | E4: 1 | F4: 1 | G4: 12 | H4: =G4-F4+1 -> 12 | I4: 12 | J4: 2 | K4: =VLOOKUP(J4, Subject!$A$2:$B$15, 2, FALSE) -> Language | L4: =VLOOKUP(J4, Subject!$A$2:$E$11, 5, FALSE) -> LA | N4: EN | O4: 2 | P4: =VLOOKUP(O4, SubjectGroup!$A$2:$B$8, 2, FALSE) -> Core Academic Studies | Q4: Core | R4: =C4 -> English Level 1 | S4: 0.8
A5: 4 | C5: Word Building Level 1 | E5: 1 | F5: 1 | G5: 12 | H5: =G5-F5+1 -> 12 | I5: 12 | J5: 3 | K5: =VLOOKUP(J5, Subject!$A$2:$B$15, 2, FALSE) -> Word Building | L5: =VLOOKUP(J5, Subject!$A$2:$E$11, 5, FALSE) -> WB | N5: WB | O5: 2 | P5: =VLOOKUP(O5, SubjectGroup!$A$2:$B$8, 2, FALSE) -> Core Academic Studies | Q5: Core | R5: =C5 -> Word Building Level 1 | S5: 0.9
A6: 5 | C6: Literature and Creative Writing Level 1 | E6: 1 | F6: 1 | G6: 12 | H6: =G6-F6+1 -> 12 | I6: 12 | J6: 4 | K6: =VLOOKUP(J6, Subject!$A$2:$B$15, 2, FALSE) -> Literature | L6: =VLOOKUP(J6, Subject!$A$2:$E$11, 5, FALSE) -> LI | N6: LC | O6: 2 | P6: =VLOOKUP(O6, SubjectGroup!$A$2:$B$8, 2, FALSE) -> Core Academic Studies | Q6: Core | R6: =C6 -> Literature and Creative Writing Level 1 | S6: 0.8
A7: 6 | B7: Science 1 | C7: Science Level 1 | E7: 1 | F7: 1 | G7: 12 | H7: =G7-F7+1 -> 12 | I7: 12 | J7: 5 | K7: =VLOOKUP(J7, Subject!$A$2:$B$15, 2, FALSE) -> Science | L7: =VLOOKUP(J7, Subject!$A$2:$E$11, 5, FALSE) -> SC | N7: SC | O7: 2 | P7: =VLOOKUP(O7, SubjectGroup!$A$2:$B$8, 2, FALSE) -> Core Academic Studies | Q7: Core | R7: =C7 -> Science Level 1 | S7: 0.8
A8: 7 | C8: Social Studies Level 1 | E8: 1 | F8: 1 | G8: 12 | H8: =G8-F8+1 -> 12 | I8: 12 | J8: 6 | K8: =VLOOKUP(J8, Subject!$A$2:$B$15, 2, FALSE) -> Social Studies | L8: =VLOOKUP(J8, Subject!$A$2:$E$11, 5, FALSE) -> SS | N8: SS | O8: 2 | P8: =VLOOKUP(O8, SubjectGroup!$A$2:$B$8, 2, FALSE) -> Core Academic Studies | Q8: Core | R8: =C8 -> Social Studies Level 1 | S8: 0.8
A9: 8 | C9: Bible Reading Level 1 | E9: 1 | F9: 1 | G9: 12 | H9: =G9-F9+1 -> 12 | I9: 12 | J9: 7 | K9: =VLOOKUP(J9, Subject!$A$2:$B$15, 2, FALSE) -> Biblical Studies | L9: =VLOOKUP(J9, Subject!$A$2:$E$11, 5, FALSE) -> BS | N9: BR | O9: 1 | P9: =VLOOKUP(O9, SubjectGroup!$A$2:$B$8, 2, FALSE) -> Christian Studies | Q9: Core | R9: =C9 -> Bible Reading Level 1 | S9: 0.8
A10: 9 | C10: Maths Level 2 | E10: 2 | F10: 13 | G10: 24 | H10: =G10-F10+1 -> 12 | I10: 12 | J10: 1 | K10: =VLOOKUP(J10, Subject!$A$2:$B$15, 2, FALSE) -> Maths | L10: =VLOOKUP(J10, Subject!$A$2:$E$11, 5, FALSE) -> MA | N10: MA | O10: 2 | P10: =VLOOKUP(O10, SubjectGroup!$A$2:$B$8, 2, FALSE) -> Core Academic Studies | Q10: Core | R10: =C10 -> Maths Level 2 | S10: 0.8
A11: 10 | C11: English Level 2 | E11: 2 | F11: 13 | G11: 24 | H11: =G11-F11+1 -> 12 | I11: 12 | J11: 2 | K11: =VLOOKUP(J11, Subject!$A$2:$B$15, 2, FALSE) -> Language | L11: =VLOOKUP(J11, Subject!$A$2:$E$11, 5, FALSE) -> LA | N11: EN | O11: 2 | P11: =VLOOKUP(O11, SubjectGroup!$A$2:$B$8, 2, FALSE) -> Core Academic Studies | Q11: Core | R11: =C11 -> English Level 2 | S11: 0.8
A12: 11 | C12: Word Building Level 2 | E12: 2 | F12: 13 | G12: 24 | H12: =G12-F12+1 -> 12 | I12: 12 | J12: 3 | K12: =VLOOKUP(J12, Subject!$A$2:$B$15, 2, FALSE) -> Word Building | L12: =VLOOKUP(J12, Subject!$A$2:$E$11, 5, FALSE) -> WB | N12: WB | O12: 2 | P12: =VLOOKUP(O12, SubjectGroup!$A$2:$B$8, 2, FALSE) -> Core Academic Studies | Q12: Core | R12: =C12 -> Word Building Level 2 | S12: 0.9
A13: 12 | C13: Literature and Creative Writing Level 2 | E13: 2 | F13: 13 | G13: 24 | H13: =G13-F13+1 -> 12 | I13: 12 | J13: 4 | K13: =VLOOKUP(J13, Subject!$A$2:$B$15, 2, FALSE) -> Literature | L13: =VLOOKUP(J13, Subject!$A$2:$E$11, 5, FALSE) -> LI | N13: LC | O13: 2 | P13: =VLOOKUP(O13, SubjectGroup!$A$2:$B$8, 2, FALSE) -> Core Academic Studies | Q13: Core | R13: =C13 -> Literature and Creative Writing Level 2 | S13: 0.8
A14: 13 | B14: Science 2 | C14: Science Level 2 | E14: 2 | F14: 13 | G14: 24 | H14: =G14-F14+1 -> 12 | I14: 12 | J14: 5 | K14: =VLOOKUP(J14, Subject!$A$2:$B$15, 2, FALSE) -> Science | L14: =VLOOKUP(J14, Subject!$A$2:$E$11, 5, FALSE) -> SC | N14: SC | O14: 2 | P14: =VLOOKUP(O14, SubjectGroup!$A$2:$B$8, 2, FALSE) -> Core Academic Studies | Q14: Core | R14: =C14 -> Science Level 2 | S14: 0.8
A15: 14 | C15: Social Studies Level 2 | E15: 2 | F15: 13 | G15: 24 | H15: =G15-F15+1 -> 12 | I15: 12 | J15: 6 | K15: =VLOOKUP(J15, Subject!$A$2:$B$15, 2, FALSE) -> Social Studies | L15: =VLOOKUP(J15, Subject!$A$2:$E$11, 5, FALSE) -> SS | N15: SS | O15: 2 | P15: =VLOOKUP(O15, SubjectGroup!$A$2:$B$8, 2, FALSE) -> Core Academic Studies | Q15: Core | R15: =C15 -> Social Studies Level 2 | S15: 0.8
A16: 15 | C16: Bible Reading Level 2 | E16: 2 | F16: 13 | G16: 24 | H16: =G16-F16+1 -> 12 | I16: 12 | J16: 7 | K16: =VLOOKUP(J16, Subject!$A$2:$B$15, 2, FALSE) -> Biblical Studies | L16: =VLOOKUP(J16, Subject!$A$2:$E$11, 5, FALSE) -> BS | N16: BR | O16: 1 | P16: =VLOOKUP(O16, SubjectGroup!$A$2:$B$8, 2, FALSE) -> Christian Studies | Q16: Core | R16: =C16 -> Bible Reading Level 2 | S16: 0.8
A17: 16 | C17: Maths Level 3 | E17: 3 | F17: 25 | G17: 36 | H17: =G17-F17+1 -> 12 | I17: 12 | J17: 1 | K17: =VLOOKUP(J17, Subject!$A$2:$B$15, 2, FALSE) -> Maths | L17: =VLOOKUP(J17, Subject!$A$2:$E$11, 5, FALSE) -> MA | N17: MA | O17: 2 | P17: =VLOOKUP(O17, SubjectGroup!$A$2:$B$8, 2, FALSE) -> Core Academic Studies | Q17: Core | R17: =C17 -> Maths Level 3 | S17: 0.8
A18: 17 | C18: English Level 3 | E18: 3 | F18: 25 | G18: 36 | H18: =G18-F18+1 -> 12 | I18: 12 | J18: 2 | K18: =VLOOKUP(J18, Subject!$A$2:$B$15, 2, FALSE) -> Language | L18: =VLOOKUP(J18, Subject!$A$2:$E$11, 5, FALSE) -> LA | N18: EN | O18: 2 | P18: =VLOOKUP(O18, SubjectGroup!$A$2:$B$8, 2, FALSE) -> Core Academic Studies | Q18: Core | R18: =C18 -> English Level 3 | S18: 0.8
A19: 18 | C19: Word Building Level 3 | E19: 3 | F19: 25 | G19: 36 | H19: =G19-F19+1 -> 12 | I19: 12 | J19: 3 | K19: =VLOOKUP(J19, Subject!$A$2:$B$15, 2, FALSE) -> Word Building | L19: =VLOOKUP(J19, Subject!$A$2:$E$11, 5, FALSE) -> WB | N19: WB | O19: 2 | P19: =VLOOKUP(O19, SubjectGroup!$A$2:$B$8, 2, FALSE) -> Core Academic Studies | Q19: Core | R19: =C19 -> Word Building Level 3 | S19: 0.9
A20: 19 | C20: Literature and Creative Writing Level 3 | E20: 3 | F20: 25 | G20: 36 | H20: =G20-F20+1 -> 12 | I20: 12 | J20: 4 | K20: =VLOOKUP(J20, Subject!$A$2:$B$15, 2, FALSE) -> Literature | L20: =VLOOKUP(J20, Subject!$A$2:$E$11, 5, FALSE) -> LI | N20: LC | O20: 2 | P20: =VLOOKUP(O20, SubjectGroup!$A$2:$B$8, 2, FALSE) -> Core Academic Studies | Q20: Core | R20: =C20 -> Literature and Creative Writing Level 3 | S20: 0.8
A21: 20 | B21: Science 3 | C21: Science Level 3 | E21: 3 | F21: 25 | G21: 36 | H21: =G21-F21+1 -> 12 | I21: 12 | J21: 5 | K21: =VLOOKUP(J21, Subject!$A$2:$B$15, 2, FALSE) -> Science | L21: =VLOOKUP(J21, Subject!$A$2:$E$11, 5, FALSE) -> SC | N21: SC | O21: 2 | P21: =VLOOKUP(O21, SubjectGroup!$A$2:$B$8, 2, FALSE) -> Core Academic Studies | Q21: Core | R21: =C21 -> Science Level 3 | S21: 0.8
A22: 21 | C22: Social Studies Level 3 | E22: 3 | F22: 25 | G22: 36 | H22: =G22-F22+1 -> 12 | I22: 12 | J22: 6 | K22: =VLOOKUP(J22, Subject!$A$2:$B$15, 2, FALSE) -> Social Studies | L22: =VLOOKUP(J22, Subject!$A$2:$E$11, 5, FALSE) -> SS | N22: SS | O22: 2 | P22: =VLOOKUP(O22, SubjectGroup!$A$2:$B$8, 2, FALSE) -> Core Academic Studies | Q22: Core | R22: =C22 -> Social Studies Level 3 | S22: 0.8
A23: 22 | C23: Bible Reading Level 3 | E23: 3 | F23: 25 | G23: 36 | H23: =G23-F23+1 -> 12 | I23: 12 | J23: 7 | K23: =VLOOKUP(J23, Subject!$A$2:$B$15, 2, FALSE) -> Biblical Studies | L23: =VLOOKUP(J23, Subject!$A$2:$E$11, 5, FALSE) -> BS | N23: BR | O23: 1 | P23: =VLOOKUP(O23, SubjectGroup!$A$2:$B$8, 2, FALSE) -> Christian Studies | Q23: Core | R23: =C23 -> Bible Reading Level 3 | S23: 0.8
A24: 23 | C24: Maths Level 4 | E24: 4 | F24: 37 | G24: 48 | H24: =G24-F24+1 -> 12 | I24: 12 | J24: 1 | K24: =VLOOKUP(J24, Subject!$A$2:$B$15, 2, FALSE) -> Maths | L24: =VLOOKUP(J24, Subject!$A$2:$E$11, 5, FALSE) -> MA | N24: MA | O24: 2 | P24: =VLOOKUP(O24, SubjectGroup!$A$2:$B$8, 2, FALSE) -> Core Academic Studies | Q24: Core | R24: =C24 -> Maths Level 4 | S24: 0.8
A25: 24 | C25: English Level 4 | E25: 4 | F25: 37 | G25: 48 | H25: =G25-F25+1 -> 12 | I25: 12 | J25: 2 | K25: =VLOOKUP(J25, Subject!$A$2:$B$15, 2, FALSE) -> Language | L25: =VLOOKUP(J25, Subject!$A$2:$E$11, 5, FALSE) -> LA | N25: EN | O25: 2 | P25: =VLOOKUP(O25, SubjectGroup!$A$2:$B$8, 2, FALSE) -> Core Academic Studies | Q25: Core | R25: =C25 -> English Level 4 | S25: 0.8
A26: 25 | C26: Word Building Level 4 | E26: 4 | F26: 37 | G26: 48 | H26: =G26-F26+1 -> 12 | I26: 12 | J26: 3 | K26: =VLOOKUP(J26, Subject!$A$2:$B$15, 2, FALSE) -> Word Building | L26: =VLOOKUP(J26, Subject!$A$2:$E$11, 5, FALSE) -> WB | N26: WB | O26: 2 | P26: =VLOOKUP(O26, SubjectGroup!$A$2:$B$8, 2, FALSE) -> Core Academic Studies | Q26: Core | R26: =C26 -> Word Building Level 4 | S26: 0.9
A27: 26 | C27: Literature and Creative Writing Level 4 | E27: 4 | F27: 37 | G27: 48 | H27: =G27-F27+1 -> 12 | I27: 12 | J27: 4 | K27: =VLOOKUP(J27, Subject!$A$2:$B$15, 2, FALSE) -> Literature | L27: =VLOOKUP(J27, Subject!$A$2:$E$11, 5, FALSE) -> LI | N27: LC | O27: 2 | P27: =VLOOKUP(O27, SubjectGroup!$A$2:$B$8, 2, FALSE) -> Core Academic Studies | Q27: Core | R27: =C27 -> Literature and Creative Writing Level 4 | S27: 0.8
A28: 27 | B28: Science 4 | C28: Science Level 4 | E28: 4 | F28: 37 | G28: 48 | H28: =G28-F28+1 -> 12 | I28: 12 | J28: 5 | K28: =VLOOKUP(J28, Subject!$A$2:$B$15, 2, FALSE) -> Science | L28: =VLOOKUP(J28, Subject!$A$2:$E$11, 5, FALSE) -> SC | N28: SC | O28: 2 | P28: =VLOOKUP(O28, SubjectGroup!$A$2:$B$8, 2, FALSE) -> Core Academic Studies | Q28: Core | R28: =C28 -> Science Level 4 | S28: 0.8
A29: 28 | C29: Social Studies Level 4 | E29: 4 | F29: 37 | G29: 48 | H29: =G29-F29+1 -> 12 | I29: 12 | J29: 6 | K29: =VLOOKUP(J29, Subject!$A$2:$B$15, 2, FALSE) -> Social Studies | L29: =VLOOKUP(J29, Subject!$A$2:$E$11, 5, FALSE) -> SS | N29: SS | O29: 2 | P29: =VLOOKUP(O29, SubjectGroup!$A$2:$B$8, 2, FALSE) -> Core Academic Studies | Q29: Core | R29: =C29 -> Social Studies Level 4 | S29: 0.8
A30: 29 | C30: Bible Reading Level 4 | E30: 4 | F30: 37 | G30: 48 | H30: =G30-F30+1 -> 12 | I30: 12 | J30: 7 | K30: =VLOOKUP(J30, Subject!$A$2:$B$15, 2, FALSE) -> Biblical Studies | L30: =VLOOKUP(J30, Subject!$A$2:$E$11, 5, FALSE) -> BS | N30: BR | O30: 1 | P30: =VLOOKUP(O30, SubjectGroup!$A$2:$B$8, 2, FALSE) -> Christian Studies | Q30: Core | R30: =C30 -> Bible Reading Level 4 | S30: 0.8
A31: 30 | C31: Maths Level 5 | E31: 5 | F31: 49 | G31: 60 | H31: =G31-F31+1 -> 12 | I31: 12 | J31: 1 | K31: =VLOOKUP(J31, Subject!$A$2:$B$15, 2, FALSE) -> Maths | L31: =VLOOKUP(J31, Subject!$A$2:$E$11, 5, FALSE) -> MA | N31: MA | O31: 2 | P31: =VLOOKUP(O31, SubjectGroup!$A$2:$B$8, 2, FALSE) -> Core Academic Studies | Q31: Core | R31: =C31 -> Maths Level 5 | S31: 0.8
A32: 31 | C32: English Level 5 | E32: 5 | F32: 49 | G32: 60 | H32: =G32-F32+1 -> 12 | I32: 12 | J32: 2 | K32: =VLOOKUP(J32, Subject!$A$2:$B$15, 2, FALSE) -> Language | L32: =VLOOKUP(J32, Subject!$A$2:$E$11, 5, FALSE) -> LA | N32: EN | O32: 2 | P32: =VLOOKUP(O32, SubjectGroup!$A$2:$B$8, 2, FALSE) -> Core Academic Studies | Q32: Core | R32: =C32 -> English Level 5 | S32: 0.8
A33: 32 | C33: Word Building Level 5 | E33: 5 | F33: 49 | G33: 60 | H33: =G33-F33+1 -> 12 | I33: 12 | J33: 3 | K33: =VLOOKUP(J33, Subject!$A$2:$B$15, 2, FALSE) -> Word Building | L33: =VLOOKUP(J33, Subject!$A$2:$E$11, 5, FALSE) -> WB | N33: WB | O33: 2 | P33: =VLOOKUP(O33, SubjectGroup!$A$2:$B$8, 2, FALSE) -> Core Academic Studies | Q33: Core | R33: =C33 -> Word Building Level 5 | S33: 0.9
A34: 33 | C34: Literature and Creative Writing Level 5 | E34: 5 | F34: 49 | G34: 60 | H34: =G34-F34+1 -> 12 | I34: 12 | J34: 4 | K34: =VLOOKUP(J34, Subject!$A$2:$B$15, 2, FALSE) -> Literature | L34: =VLOOKUP(J34, Subject!$A$2:$E$11, 5, FALSE) -> LI | N34: LC | O34: 2 | P34: =VLOOKUP(O34, SubjectGroup!$A$2:$B$8, 2, FALSE) -> Core Academic Studies | Q34: Core | R34: =C34 -> Literature and Creative Writing Level 5 | S34: 0.8
A35: 34 | B35: Science 5 | C35: Science Level 5 | E35: 5 | F35: 49 | G35: 60 | H35: =G35-F35+1 -> 12 | I35: 12 | J35: 5 | K35: =VLOOKUP(J35, Subject!$A$2:$B$15, 2, FALSE) -> Science | L35: =VLOOKUP(J35, Subject!$A$2:$E$11, 5, FALSE) -> SC | N35: SC | O35: 2 | P35: =VLOOKUP(O35, SubjectGroup!$A$2:$B$8, 2, FALSE) -> Core Academic Studies | Q35: Core | R35: =C35 -> Science Level 5 | S35: 0.8
A36: 35 | C36: Social Studies Level 5 | E36: 5 | F36: 49 | G36: 60 | H36: =G36-F36+1 -> 12 | I36: 12 | J36: 6 | K36: =VLOOKUP(J36, Subject!$A$2:$B$15, 2, FALSE) -> Social Studies | L36: =VLOOKUP(J36, Subject!$A$2:$E$11, 5, FALSE) -> SS | N36: SS | O36: 2 | P36: =VLOOKUP(O36, SubjectGroup!$A$2:$B$8, 2, FALSE) -> Core Academic Studies | Q36: Core | R36: =C36 -> Social Studies Level 5 | S36: 0.8
A37: 36 | C37: Bible Reading Level 5 | E37: 5 | F37: 49 | G37: 60 | H37: =G37-F37+1 -> 12 | I37: 12 | J37: 7 | K37: =VLOOKUP(J37, Subject!$A$2:$B$15, 2, FALSE) -> Biblical Studies | L37: =VLOOKUP(J37, Subject!$A$2:$E$11, 5, FALSE) -> BS | N37: BR | O37: 1 | P37: =VLOOKUP(O37, SubjectGroup!$A$2:$B$8, 2, FALSE) -> Christian Studies | Q37: Core | R37: =C37 -> Bible Reading Level 5 | S37: 0.8
A38: 37 | C38: Maths Level 6 | E38: 6 | F38: 61 | G38: 72 | H38: =G38-F38+1 -> 12 | I38: 12 | J38: 1 | K38: =VLOOKUP(J38, Subject!$A$2:$B$15, 2, FALSE) -> Maths | L38: =VLOOKUP(J38, Subject!$A$2:$E$11, 5, FALSE) -> MA | N38: MA | O38: 2 | P38: =VLOOKUP(O38, SubjectGroup!$A$2:$B$8, 2, FALSE) -> Core Academic Studies | Q38: Core | R38: =C38 -> Maths Level 6 | S38: 0.8
A39: 38 | C39: English Level 6 | E39: 6 | F39: 61 | G39: 72 | H39: =G39-F39+1 -> 12 | I39: 12 | J39: 2 | K39: =VLOOKUP(J39, Subject!$A$2:$B$15, 2, FALSE) -> Language | L39: =VLOOKUP(J39, Subject!$A$2:$E$11, 5, FALSE) -> LA | N39: EN | O39: 2 | P39: =VLOOKUP(O39, SubjectGroup!$A$2:$B$8, 2, FALSE) -> Core Academic Studies | Q39: Core | R39: =C39 -> English Level 6 | S39: 0.8
A40: 39 | C40: Word Building Level 6 | E40: 6 | F40: 61 | G40: 72 | H40: =G40-F40+1 -> 12 | I40: 12 | J40: 3 | K40: =VLOOKUP(J40, Subject!$A$2:$B$15, 2, FALSE) -> Word Building | L40: =VLOOKUP(J40, Subject!$A$2:$E$11, 5, FALSE) -> WB | N40: WB | O40: 2 | P40: =VLOOKUP(O40, SubjectGroup!$A$2:$B$8, 2, FALSE) -> Core Academic Studies | Q40: Core | R40: =C40 -> Word Building Level 6 | S40: 0.9
A41: 40 | C41: Literature and Creative Writing Level 6 | E41: 6 | F41: 61 | G41: 72 | H41: =G41-F41+1 -> 12 | I41: 12 | J41: 4 | K41: =VLOOKUP(J41, Subject!$A$2:$B$15, 2, FALSE) -> Literature | L41: =VLOOKUP(J41, Subject!$A$2:$E$11, 5, FALSE) -> LI | N41: LC | O41: 2 | P41: =VLOOKUP(O41, SubjectGroup!$A$2:$B$8, 2, FALSE) -> Core Academic Studies | Q41: Core | R41: =C41 -> Literature and Creative Writing Level 6 | S41: 0.8
A42: 41 | B42: Science 6 | C42: Science Level 6 | E42: 6 | F42: 61 | G42: 72 | H42: =G42-F42+1 -> 12 | I42: 12 | J42: 5 | K42: =VLOOKUP(J42, Subject!$A$2:$B$15, 2, FALSE) -> Science | L42: =VLOOKUP(J42, Subject!$A$2:$E$11, 5, FALSE) -> SC | N42: SC | O42: 2 | P42: =VLOOKUP(O42, SubjectGroup!$A$2:$B$8, 2, FALSE) -> Core Academic Studies | Q42: Core | R42: =C42 -> Science Level 6 | S42: 0.8
A43: 42 | C43: Social Studies Level 6 | E43: 6 | F43: 61 | G43: 72 | H43: =G43-F43+1 -> 12 | I43: 12 | J43: 6 | K43: =VLOOKUP(J43, Subject!$A$2:$B$15, 2, FALSE) -> Social Studies | L43: =VLOOKUP(J43, Subject!$A$2:$E$11, 5, FALSE) -> SS | N43: SS | O43: 2 | P43: =VLOOKUP(O43, SubjectGroup!$A$2:$B$8, 2, FALSE) -> Core Academic Studies | Q43: Core | R43: =C43 -> Social Studies Level 6 | S43: 0.8
A44: 43 | C44: Bible Reading Level 6 | E44: 6 | F44: 61 | G44: 72 | H44: =G44-F44+1 -> 12 | I44: 12 | J44: 7 | K44: =VLOOKUP(J44, Subject!$A$2:$B$15, 2, FALSE) -> Biblical Studies | L44: =VLOOKUP(J44, Subject!$A$2:$E$11, 5, FALSE) -> BS | N44: BR | O44: 1 | P44: =VLOOKUP(O44, SubjectGroup!$A$2:$B$8, 2, FALSE) -> Christian Studies | Q44: Core | R44: =C44 -> Bible Reading Level 6 | S44: 0.8
A45: 44 | C45: Maths Level 7 | E45: 7 | F45: 73 | G45: 84 | H45: =G45-F45+1 -> 12 | I45: 12 | J45: 1 | K45: =VLOOKUP(J45, Subject!$A$2:$B$15, 2, FALSE) -> Maths | L45: =VLOOKUP(J45, Subject!$A$2:$E$11, 5, FALSE) -> MA | N45: MA | O45: 2 | P45: =VLOOKUP(O45, SubjectGroup!$A$2:$B$8, 2, FALSE) -> Core Academic Studies | Q45: Core | R45: =C45 -> Maths Level 7 | S45: 0.8
A46: 45 | C46: English Level 7 | E46: 7 | F46: 73 | G46: 84 | H46: =G46-F46+1 -> 12 | I46: 12 | J46: 2 | K46: =VLOOKUP(J46, Subject!$A$2:$B$15, 2, FALSE) -> Language | L46: =VLOOKUP(J46, Subject!$A$2:$E$11, 5, FALSE) -> LA | N46: EN | O46: 2 | P46: =VLOOKUP(O46, SubjectGroup!$A$2:$B$8, 2, FALSE) -> Core Academic Studies | Q46: Core | R46: =C46 -> English Level 7 | S46: 0.8
A47: 46 | C47: Beginning Art | E47: 7 | F47: 73 | G47: 84 | H47: =G47-F47+1 -> 12 | I47: 12 | J47: 3 | K47: =VLOOKUP(J47, Subject!$A$2:$B$15, 2, FALSE) -> Word Building | L47: =VLOOKUP(J47, Subject!$A$2:$E$11, 5, FALSE) -> WB | N47: BA | O47: 2 | P47: =VLOOKUP(O47, SubjectGroup!$A$2:$B$8, 2, FALSE) -> Core Academic Studies | Q47: Core | R47: =C47 -> Beginning Art | S47: 0.8
A48: 47 | C48: Word Building Level 7 | E48: 7 | F48: 73 | G48: 84 | H48: =G48-F48+1 -> 12 | I48: 12 | J48: 3 | K48: =VLOOKUP(J48, Subject!$A$2:$B$15, 2, FALSE) -> Word Building | L48: =VLOOKUP(J48, Subject!$A$2:$E$11, 5, FALSE) -> WB | N48: WB | O48: 2 | P48: =VLOOKUP(O48, SubjectGroup!$A$2:$B$8, 2, FALSE) -> Core Academic Studies | Q48: Core | R48: =C48 -> Word Building Level 7 | S48: 0.9
A49: 48 | C49: Literature Level 7 | E49: 7 | F49: 73 | G49: 84 | H49: =G49-F49+1 -> 12 | I49: ? | J49: 4 | K49: =VLOOKUP(J49, Subject!$A$2:$B$15, 2, FALSE) -> Literature | L49: =VLOOKUP(J49, Subject!$A$2:$E$11, 5, FALSE) -> LI | M49: Alleen even getallen hebben PACE beschikbaar | N49: LC | O49: 2 | P49: =VLOOKUP(O49, SubjectGroup!$A$2:$B$8, 2, FALSE) -> Core Academic Studies | Q49: Core | R49: =C49 -> Literature Level 7 | S49: 0.8
A50: 49 | B50: Science 7 | C50: Science Level 7 | E50: 7 | F50: 73 | G50: 84 | H50: =G50-F50+1 -> 12 | I50: 12 | J50: 5 | K50: =VLOOKUP(J50, Subject!$A$2:$B$15, 2, FALSE) -> Science | L50: =VLOOKUP(J50, Subject!$A$2:$E$11, 5, FALSE) -> SC | N50: SC | O50: 2 | P50: =VLOOKUP(O50, SubjectGroup!$A$2:$B$8, 2, FALSE) -> Core Academic Studies | Q50: Core | R50: =C50 -> Science Level 7 | S50: 0.8
A51: 50 | C51: Social Studies Level 7 | E51: 7 | F51: 73 | G51: 78 | H51: =G51-F51+1 -> 6 | I51: 6 | J51: 6 | K51: =VLOOKUP(J51, Subject!$A$2:$B$15, 2, FALSE) -> Social Studies | L51: =VLOOKUP(J51, Subject!$A$2:$E$11, 5, FALSE) -> SS | M51: Deze zes PACEs gaan over "Career" en de volgende zes (79-84) over "American Constitution", maar die worden niet gedaan in Nederland. In plaats daarvan worden drie PACEs "Staatsinrichting" gedaan. | N51: SS | O51: 2 | P51: =VLOOKUP(O51, SubjectGroup!$A$2:$B$8, 2, FALSE) -> Core Academic Studies | Q51: Core | R51: =C51 -> Social Studies Level 7 | S51: 0.8
A52: 51 | C52: Staatsinrichting | E52: 7 | F52: 1 | G52: 3 | H52: =G52-F52+1 -> 3 | I52: 3 | J52: 6 | K52: =VLOOKUP(J52, Subject!$A$2:$B$15, 2, FALSE) -> Social Studies | L52: =VLOOKUP(J52, Subject!$A$2:$E$11, 5, FALSE) -> SS | M52: Bij bestellen rekening houden dat dit 1 boek is. | N52: SI | O52: 2 | P52: =VLOOKUP(O52, SubjectGroup!$A$2:$B$8, 2, FALSE) -> Core Academic Studies | Q52: Core | R52: =C52 -> Staatsinrichting | S52: 0.8
A53: 52 | C53: Bible Reading Level 7 | E53: 7 | F53: 73 | G53: 84 | H53: =G53-F53+1 -> 12 | I53: 12 | J53: 7 | K53: =VLOOKUP(J53, Subject!$A$2:$B$15, 2, FALSE) -> Biblical Studies | L53: =VLOOKUP(J53, Subject!$A$2:$E$11, 5, FALSE) -> BS | M53: Dit bestaat nog niet. Misschien komt er later nog materiaal beschikbaar voor dit niveau. | N53: BR | O53: 2 | P53: =VLOOKUP(O53, SubjectGroup!$A$2:$B$8, 2, FALSE) -> Core Academic Studies | Q53: Core | R53: =C53 -> Bible Reading Level 7 | S53: 0.8
A54: 53 | C54: General Maths | E54: 8 | F54: 85 | G54: 96 | H54: =G54-F54+1 -> 12 | I54: 12 | J54: 1 | K54: =VLOOKUP(J54, Subject!$A$2:$B$15, 2, FALSE) -> Maths | L54: =VLOOKUP(J54, Subject!$A$2:$E$11, 5, FALSE) -> MA | N54: GM | O54: 2 | P54: =VLOOKUP(O54, SubjectGroup!$A$2:$B$8, 2, FALSE) -> Core Academic Studies | Q54: Core | R54: =C54 -> General Maths | S54: 0.8
A55: 54 | C55: General English | E55: 8 | F55: 85 | G55: 96 | H55: =G55-F55+1 -> 12 | I55: 12 | J55: 2 | K55: =VLOOKUP(J55, Subject!$A$2:$B$15, 2, FALSE) -> Language | L55: =VLOOKUP(J55, Subject!$A$2:$E$11, 5, FALSE) -> LA | N55: EN | O55: 1 | P55: =VLOOKUP(O55, SubjectGroup!$A$2:$B$8, 2, FALSE) -> Christian Studies | Q55: Core | R55: =C55 -> General English | S55: 0.8
A56: 55 | C56: Word Building Level 8 | E56: 8 | F56: 85 | G56: 96 | H56: =G56-F56+1 -> 12 | I56: 12 | J56: 3 | K56: =VLOOKUP(J56, Subject!$A$2:$B$15, 2, FALSE) -> Word Building | L56: =VLOOKUP(J56, Subject!$A$2:$E$11, 5, FALSE) -> WB | N56: WB | O56: 1 | P56: =VLOOKUP(O56, SubjectGroup!$A$2:$B$8, 2, FALSE) -> Christian Studies | Q56: Core | R56: =C56 -> Word Building Level 8 | S56: 0.9
A57: 56 | C57: Literature Level 8 | E57: 8 | F57: 86 | G57: 96 | H57: =G57-F57+1 -> 11 | I57: ? | J57: 4 | K57: =VLOOKUP(J57, Subject!$A$2:$B$15, 2, FALSE) -> Literature | L57: =VLOOKUP(J57, Subject!$A$2:$E$11, 5, FALSE) -> LI | M57: Alleen even getallen hebben PACE beschikbaar | N57: LC | O57: 1 | P57: =VLOOKUP(O57, SubjectGroup!$A$2:$B$8, 2, FALSE) -> Christian Studies | Q57: Core | R57: =C57 -> Literature Level 8 | S57: 0.8
A58: 57 | B58: Science 8 | C58: Earth Science | E58: 8 | F58: 85 | G58: 96 | H58: =G58-F58+1 -> 12 | I58: 12 | J58: 5 | K58: =VLOOKUP(J58, Subject!$A$2:$B$15, 2, FALSE) -> Science | L58: =VLOOKUP(J58, Subject!$A$2:$E$11, 5, FALSE) -> SC | N58: ES | O58: 2 | P58: =VLOOKUP(O58, SubjectGroup!$A$2:$B$8, 2, FALSE) -> Core Academic Studies | Q58: Core | R58: Science Level 8 | S58: 0.8
A59: 58 | C59: British and European History | D59: Social Studies I-B | E59: 8 | F59: 97 | G59: 108 | H59: =G59-F59+1 -> 12 | I59: 12 | J59: 6 | K59: =VLOOKUP(J59, Subject!$A$2:$B$15, 2, FALSE) -> Social Studies | L59: =VLOOKUP(J59, Subject!$A$2:$E$11, 5, FALSE) -> SS | M59: SS Level 8 bestaat uit History en Geography. Binnen History moet gekozen worden voor dit vak (British European) OF voor American History. Daarna volgt World Geography | N59: UK | O59: 1 | P59: =VLOOKUP(O59, SubjectGroup!$A$2:$B$8, 2, FALSE) -> Christian Studies | Q59: Further Credit Option | R59: Social Studies Level 8 British and European History | S59: 0.8
A60: 59 | B60: World History | C60: World History | D60: Social Studies II-B | E60: 10 | F60: 97 | G60: 108 | H60: =G60-F60+1 -> 12 | I60: 12 | J60: 6 | K60: =VLOOKUP(J60, Subject!$A$2:$B$15, 2, FALSE) -> Social Studies | L60: =VLOOKUP(J60, Subject!$A$2:$E$11, 5, FALSE) -> SS | M60: Dit was tot 1/1/2024 een optie voor het Enrollment-Course "British and European History / World History" binnen General (level 8), waarbij de leerling mag kiezen tussen Eur. of World History (alleen de 3rd Edition mocht dan gebruikt worden). Na deze periode is dit een keuzevak geworden binnen Intermediate (level 10) en alleen met de 4th Editions. | N60: WH | O60: 1 | P60: =VLOOKUP(O60, SubjectGroup!$A$2:$B$8, 2, FALSE) -> Christian Studies | Q60: Further Credit Option | R60: Social Studies Level 9 World History | S60: 0.8 | T60: Inactive
A61: 60 | B61: Biblical Studies I: New Testament Survey | C61: New Testament Survey | E61: 8 | F61: 97 | G61: 108 | H61: =G61-F61+1 -> 12 | I61: 12 | J61: 7 | K61: =VLOOKUP(J61, Subject!$A$2:$B$15, 2, FALSE) -> Biblical Studies | L61: =VLOOKUP(J61, Subject!$A$2:$E$11, 5, FALSE) -> BS | N61: NT | O61: 1 | P61: =VLOOKUP(O61, SubjectGroup!$A$2:$B$8, 2, FALSE) -> Christian Studies | Q61: Core | R61: =C61 -> New Testament Survey | S61: 0.8
A62: 61 | C62: Algebra I | D62: Mathematics-IA | E62: 9 | F62: 97 | G62: 108 | H62: =G62-F62+1 -> 12 | I62: 12 | J62: 1 | K62: =VLOOKUP(J62, Subject!$A$2:$B$15, 2, FALSE) -> Maths | L62: =VLOOKUP(J62, Subject!$A$2:$E$11, 5, FALSE) -> MA | N62: AL | O62: 1 | P62: =VLOOKUP(O62, SubjectGroup!$A$2:$B$8, 2, FALSE) -> Christian Studies | Q62: Core | R62: =C62 -> Algebra I | S62: 0.8
A63: 62 | C63: English I | E63: 9 | F63: 97 | G63: 108 | H63: =G63-F63+1 -> 12 | I63: 12 | J63: 2 | K63: =VLOOKUP(J63, Subject!$A$2:$B$15, 2, FALSE) -> Language | L63: =VLOOKUP(J63, Subject!$A$2:$E$11, 5, FALSE) -> LA | N63: EN | O63: 1 | P63: =VLOOKUP(O63, SubjectGroup!$A$2:$B$8, 2, FALSE) -> Christian Studies | Q63: Core | R63: =C63 -> English I | S63: 0.8
A64: 63 | C64: French I | E64: 9 | F64: 97 | G64: 108 | H64: =G64-F64+1 -> 12 | I64: 12 | J64: 2 | K64: =VLOOKUP(J64, Subject!$A$2:$B$15, 2, FALSE) -> Language | L64: =VLOOKUP(J64, Subject!$A$2:$E$11, 5, FALSE) -> LA | N64: FR | O64: 1 | P64: =VLOOKUP(O64, SubjectGroup!$A$2:$B$8, 2, FALSE) -> Christian Studies | Q64: Further Credit Option | R64: =C64 -> French I | S64: 0.8
A65: 64 | C65: Rosetta Stone Level 9 | E65: 9 | F65: 1 | G65: 2 | H65: =G65-F65+1 -> 2 | J65: 2 | K65: =VLOOKUP(J65, Subject!$A$2:$B$15, 2, FALSE) -> Language | L65: =VLOOKUP(J65, Subject!$A$2:$E$11, 5, FALSE) -> LA | M65: Extended Levels only | N65: RS | O65: 1 | P65: =VLOOKUP(O65, SubjectGroup!$A$2:$B$8, 2, FALSE) -> Christian Studies | Q65: Further Credit Option | R65: =C65 -> Rosetta Stone Level 9 | S65: 0.8
A66: 65 | C66: Spanish I | E66: 9 | F66: 1 | G66: 12 | H66: =G66-F66+1 -> 12 | I66: 12 | J66: 2 | K66: =VLOOKUP(J66, Subject!$A$2:$B$15, 2, FALSE) -> Language | L66: =VLOOKUP(J66, Subject!$A$2:$E$11, 5, FALSE) -> LA | N66: ES | O66: 1 | P66: =VLOOKUP(O66, SubjectGroup!$A$2:$B$8, 2, FALSE) -> Christian Studies | Q66: Further Credit Option | R66: =C66 -> Spanish I | S66: 0.8
A67: 66 | C67: Advanced Art | E67: 9 | F67: 97 | G67: 108 | H67: =G67-F67+1 -> 12 | I67: 12 | J67: 10 | K67: =VLOOKUP(J67, Subject!$A$2:$B$15, 2, FALSE) -> Supplementary | L67: =VLOOKUP(J67, Subject!$A$2:$E$11, 5, FALSE) -> SU | N67: AA | O67: 2 | P67: =VLOOKUP(O67, SubjectGroup!$A$2:$B$8, 2, FALSE) -> Core Academic Studies | Q67: Further Credit Option | R67: =C67 -> Advanced Art | S67: 0.8
A68: 67 | C68: Complete Art | E68: 9 | F68: 1 | G68: 10 | H68: =G68-F68+1 -> 10 | J68: 10 | K68: =VLOOKUP(J68, Subject!$A$2:$B$15, 2, FALSE) -> Supplementary | L68: =VLOOKUP(J68, Subject!$A$2:$E$11, 5, FALSE) -> SU | N68: CA | O68: 2 | P68: =VLOOKUP(O68, SubjectGroup!$A$2:$B$8, 2, FALSE) -> Core Academic Studies | Q68: Further Credit Option | R68: =C68 -> Complete Art | S68: 0.8
A69: 68 | C69: Word Building / Etymology | E69: 9 | F69: 97 | G69: 108 | H69: =G69-F69+1 -> 12 | I69: 12 | J69: 3 | K69: =VLOOKUP(J69, Subject!$A$2:$B$15, 2, FALSE) -> Word Building | L69: =VLOOKUP(J69, Subject!$A$2:$E$11, 5, FALSE) -> WB | N69: ET | O69: 1 | P69: =VLOOKUP(O69, SubjectGroup!$A$2:$B$8, 2, FALSE) -> Christian Studies | Q69: Core | R69: Word Building Level 9 | S69: 0.9
A70: 69 | C70: Music | E70: 9 | F70: 1 | G70: 6 | H70: =G70-F70+1 -> 6 | J70: 10 | K70: =VLOOKUP(J70, Subject!$A$2:$B$15, 2, FALSE) -> Supplementary | L70: =VLOOKUP(J70, Subject!$A$2:$E$11, 5, FALSE) -> SU | N70: MU | O70: 3 | P70: =VLOOKUP(O70, SubjectGroup!$A$2:$B$8, 2, FALSE) -> Core Expanded Studies | Q70: Further Credit Option | R70: =C70 -> Music | S70: 0.8
A71: 70 | C71: Music Theory/Performance Grade 5 | E71: 9 | F71: 5 | G71: 6 | H71: =G71-F71+1 -> 2 | I71: 12 | J71: 10 | K71: =VLOOKUP(J71, Subject!$A$2:$B$15, 2, FALSE) -> Supplementary | L71: =VLOOKUP(J71, Subject!$A$2:$E$11, 5, FALSE) -> SU | N71: MT | O71: 3 | P71: =VLOOKUP(O71, SubjectGroup!$A$2:$B$8, 2, FALSE) -> Core Expanded Studies | Q71: Further Credit Option | R71: =C71 -> Music Theory/Performance Grade 5 | S71: 0.8
A72: 71 | C72: Music Theory/Performance | E72: 9 | F72: 5 | G72: 6 | H72: =G72-F72+1 -> 2 | I72: 12 | J72: 10 | K72: =VLOOKUP(J72, Subject!$A$2:$B$15, 2, FALSE) -> Supplementary | L72: =VLOOKUP(J72, Subject!$A$2:$E$11, 5, FALSE) -> SU | M72: Is duplicate of 70? Or perhaps the other one is theory and this one is performance | N72: MT | O72: 3 | P72: =VLOOKUP(O72, SubjectGroup!$A$2:$B$8, 2, FALSE) -> Core Expanded Studies | Q72: Further Credit Option | R72: =C72 -> Music Theory/Performance | S72: 0.8
A73: 72 | C73: Speech | E73: 9 | F73: 1 | G73: 6 | H73: =G73-F73+1 -> 6 | J73: 3 | K73: =VLOOKUP(J73, Subject!$A$2:$B$15, 2, FALSE) -> Word Building | L73: =VLOOKUP(J73, Subject!$A$2:$E$11, 5, FALSE) -> WB | N73: SP | O73: 3 | P73: =VLOOKUP(O73, SubjectGroup!$A$2:$B$8, 2, FALSE) -> Core Expanded Studies | Q73: Core | R73: =C73 -> Speech | S73: 0.8
A74: 73 | C74: ICCE Literature Level 9 | E74: 9 | F74: 1 | G74: 4 | H74: =G74-F74+1 -> 4 | I74: 6 | J74: 4 | K74: =VLOOKUP(J74, Subject!$A$2:$B$15, 2, FALSE) -> Literature | L74: =VLOOKUP(J74, Subject!$A$2:$E$11, 5, FALSE) -> LI | M74: Voor Essays vanaf een bepaald niveau worden er geen sterren gegeven. Dit vak heeft geen lesmateriaal. Het zijn gewoon vier boeken waar een essay voor moet worden geschreven. | N74: I9 | O74: 2 | P74: =VLOOKUP(O74, SubjectGroup!$A$2:$B$8, 2, FALSE) -> Core Academic Studies | Q74: Core | R74: =C74 -> ICCE Literature Level 9 | S74: 0.8
A75: 74 | C75: Astronomy | E75: 9 | F75: 1 | G75: 5 | H75: =G75-F75+1 -> 5 | J75: 5 | K75: =VLOOKUP(J75, Subject!$A$2:$B$15, 2, FALSE) -> Science | L75: =VLOOKUP(J75, Subject!$A$2:$E$11, 5, FALSE) -> SC | N75: AS | O75: 2 | P75: =VLOOKUP(O75, SubjectGroup!$A$2:$B$8, 2, FALSE) -> Core Academic Studies | Q75: Further Credit Option | R75: =C75 -> Astronomy | S75: 0.8
A76: 75 | B76: Science 9 | C76: Biology / Science Level 9 | E76: 9 | F76: 97 | G76: 108 | H76: =G76-F76+1 -> 12 | I76: 12 | J76: 5 | K76: =VLOOKUP(J76, Subject!$A$2:$B$15, 2, FALSE) -> Science | L76: =VLOOKUP(J76, Subject!$A$2:$E$11, 5, FALSE) -> SC | N76: BI | O76: 2 | P76: =VLOOKUP(O76, SubjectGroup!$A$2:$B$8, 2, FALSE) -> Core Academic Studies | Q76: Core | R76: Science Level 9 | S76: 0.8
A77: 76 | C77: Health | E77: 9 | F77: 1 | G77: 6 | H77: =G77-F77+1 -> 6 | J77: 5 | K77: =VLOOKUP(J77, Subject!$A$2:$B$15, 2, FALSE) -> Science | L77: =VLOOKUP(J77, Subject!$A$2:$E$11, 5, FALSE) -> SC | N77: HE | O77: 2 | P77: =VLOOKUP(O77, SubjectGroup!$A$2:$B$8, 2, FALSE) -> Core Academic Studies | Q77: Further Credit Option | R77: =C77 -> Health | S77: 0.8
A78: 77 | C78: Nutrition Science | E78: 9 | F78: 1 | G78: 6 | H78: =G78-F78+1 -> 6 | J78: 5 | K78: =VLOOKUP(J78, Subject!$A$2:$B$15, 2, FALSE) -> Science | L78: =VLOOKUP(J78, Subject!$A$2:$E$11, 5, FALSE) -> SC | N78: NS | O78: 2 | P78: =VLOOKUP(O78, SubjectGroup!$A$2:$B$8, 2, FALSE) -> Core Academic Studies | Q78: Further Credit Option | R78: =C78 -> Nutrition Science | S78: 0.8
A79: 78 | C79: Sport + Health | E79: 9 | F79: 1 | G79: 4 | H79: =G79-F79+1 -> 4 | I79: 12 | J79: 5 | K79: =VLOOKUP(J79, Subject!$A$2:$B$15, 2, FALSE) -> Science | L79: =VLOOKUP(J79, Subject!$A$2:$E$11, 5, FALSE) -> SC | M79: Is een combinatie vak dat alleen met Health samen gedaan kan worden? ON HOLD Informatie moet nog bevestigd worden | N79: SP | O79: 3 | P79: =VLOOKUP(O79, SubjectGroup!$A$2:$B$8, 2, FALSE) -> Core Expanded Studies | Q79: Further Credit Option | R79: =C79 -> Sport + Health | S79: 0.8
A80: 79 | C80: A.C.E. Training | E80: 9 | H80: =G80-F80+1 -> 1 | I80: 6 | J80: 10 | K80: =VLOOKUP(J80, Subject!$A$2:$B$15, 2, FALSE) -> Supplementary | L80: =VLOOKUP(J80, Subject!$A$2:$E$11, 5, FALSE) -> SU | N80: AC | O80: 4 | P80: =VLOOKUP(O80, SubjectGroup!$A$2:$B$8, 2, FALSE) -> Applied Studies | Q80: Further Credit Option | R80: =C80 -> A.C.E. Training | S80: 0.8
A81: 80 | C81: World Geography | D81: Social Studies I-C | E81: 9 | F81: 97 | G81: 108 | H81: =G81-F81+1 -> 12 | I81: 12 | J81: 6 | K81: =VLOOKUP(J81, Subject!$A$2:$B$15, 2, FALSE) -> Social Studies | L81: =VLOOKUP(J81, Subject!$A$2:$E$11, 5, FALSE) -> SS | N81: WG | O81: 2 | P81: =VLOOKUP(O81, SubjectGroup!$A$2:$B$8, 2, FALSE) -> Core Academic Studies | Q81: Core | R81: Social Studies Level 9 World Geography | S81: 0.8
A82: 81 | C82: Apologetics I | D82: Apologetics I-A (2022) (ICCE-C17) | E82: 9 | F82: 1 | G82: 2 | H82: =G82-F82+1 -> 2 | I82: 3 | J82: 7 | K82: =VLOOKUP(J82, Subject!$A$2:$B$15, 2, FALSE) -> Biblical Studies | L82: =VLOOKUP(J82, Subject!$A$2:$E$11, 5, FALSE) -> BS | M82: 2 sterren voor de twee toetsen, en 1 ster voor het essay | N82: AP | O82: 1 | P82: =VLOOKUP(O82, SubjectGroup!$A$2:$B$8, 2, FALSE) -> Christian Studies | Q82: Core | R82: =C82 -> Apologetics I | S82: 0.8
A83: 82 | C83: Missions | E83: 9 | F83: 1 | G83: 6 | H83: =G83-F83+1 -> 6 | I83: 6 | J83: 7 | K83: =VLOOKUP(J83, Subject!$A$2:$B$15, 2, FALSE) -> Biblical Studies | L83: =VLOOKUP(J83, Subject!$A$2:$E$11, 5, FALSE) -> BS | N83: MI | O83: 1 | P83: =VLOOKUP(O83, SubjectGroup!$A$2:$B$8, 2, FALSE) -> Christian Studies | Q83: Further Credit Option | R83: =C83 -> Missions | S83: 0.8
A84: 83 | B84: Successful Living | C84: Successful Living | E84: 9 | F84: 1 | G84: 12 | H84: =G84-F84+1 -> 12 | I84: 12 | J84: 7 | K84: =VLOOKUP(J84, Subject!$A$2:$B$15, 2, FALSE) -> Biblical Studies | L84: =VLOOKUP(J84, Subject!$A$2:$E$11, 5, FALSE) -> BS | M84: Vroeger kwam dit na BS Level 9 (NTS). Dit is vanaf 2024-01 een keuze voor General en Intermediate geworden (verplichting is vervallen). In plaats daarvan is ICCE Phys Science verplicht geworden in Level 9. | N84: SL | O84: 1 | P84: =VLOOKUP(O84, SubjectGroup!$A$2:$B$8, 2, FALSE) -> Christian Studies | Q84: Core | R84: =C84 -> Successful Living | S84: 0.8
A85: 84 | C85: A.C.E. Training + 30 hours of service | E85: 9 | H85: =G85-F85+1 -> 1 | I85: 12 | J85: 10 | K85: =VLOOKUP(J85, Subject!$A$2:$B$15, 2, FALSE) -> Supplementary | L85: =VLOOKUP(J85, Subject!$A$2:$E$11, 5, FALSE) -> SU | N85: AT | O85: 4 | P85: =VLOOKUP(O85, SubjectGroup!$A$2:$B$8, 2, FALSE) -> Applied Studies | Q85: Further Credit Option | R85: =C85 -> A.C.E. Training + 30 hours of service | S85: 0.8
A86: 85 | C86: ECDL Course | E86: 9 | F86: 1 | G86: 8 | H86: =G86-F86+1 -> 8 | J86: 10 | K86: =VLOOKUP(J86, Subject!$A$2:$B$15, 2, FALSE) -> Supplementary | L86: =VLOOKUP(J86, Subject!$A$2:$E$11, 5, FALSE) -> SU | M86: Wat is dit? | N86: ED | O86: 3 | P86: =VLOOKUP(O86, SubjectGroup!$A$2:$B$8, 2, FALSE) -> Core Expanded Studies | Q86: Core | R86: =C86 -> ECDL Course | S86: 0.8
A87: 86 | C87: Geometry | D87: Mathematics-IIA | E87: 10 | F87: 109 | G87: 120 | H87: =G87-F87+1 -> 12 | I87: 12 | J87: 1 | K87: =VLOOKUP(J87, Subject!$A$2:$B$15, 2, FALSE) -> Maths | L87: =VLOOKUP(J87, Subject!$A$2:$E$11, 5, FALSE) -> MA | N87: GE | O87: 2 | P87: =VLOOKUP(O87, SubjectGroup!$A$2:$B$8, 2, FALSE) -> Core Academic Studies | Q87: Core | R87: =C87 -> Geometry | S87: 0.8
A88: 87 | C88: English II | E88: 10 | F88: 109 | G88: 120 | H88: =G88-F88+1 -> 12 | I88: 12 | J88: 2 | K88: =VLOOKUP(J88, Subject!$A$2:$B$15, 2, FALSE) -> Language | L88: =VLOOKUP(J88, Subject!$A$2:$E$11, 5, FALSE) -> LA | N88: EN | O88: 2 | P88: =VLOOKUP(O88, SubjectGroup!$A$2:$B$8, 2, FALSE) -> Core Academic Studies | Q88: Core | R88: =C88 -> English II | S88: 0.8
A89: 88 | C89: Rosetta Stone Level 10 | E89: 10 | F89: 3 | G89: 5 | H89: =G89-F89+1 -> 3 | I89: 6 | J89: 2 | K89: =VLOOKUP(J89, Subject!$A$2:$B$15, 2, FALSE) -> Language | L89: =VLOOKUP(J89, Subject!$A$2:$E$11, 5, FALSE) -> LA | M89: Each six stars | N89: RS | O89: 2 | P89: =VLOOKUP(O89, SubjectGroup!$A$2:$B$8, 2, FALSE) -> Core Academic Studies | Q89: Further Credit Option | R89: =C89 -> Rosetta Stone Level 10 | S89: 0.8
A90: 89 | C90: Music Theory/Performance Grade 6 | E90: 10 | H90: =G90-F90+1 -> 1 | I90: 12 | J90: 10 | K90: =VLOOKUP(J90, Subject!$A$2:$B$15, 2, FALSE) -> Supplementary | L90: =VLOOKUP(J90, Subject!$A$2:$E$11, 5, FALSE) -> SU | N90: MT | O90: 3 | P90: =VLOOKUP(O90, SubjectGroup!$A$2:$B$8, 2, FALSE) -> Core Expanded Studies | Q90: Further Credit Option | R90: =C90 -> Music Theory/Performance Grade 6 | S90: 0.8
A91: 90 | B91: Science 10 | C91: Physical Science | E91: 10 | F91: 109 | G91: 120 | H91: =G91-F91+1 -> 12 | I91: 12 | J91: 5 | K91: =VLOOKUP(J91, Subject!$A$2:$B$15, 2, FALSE) -> Science | L91: =VLOOKUP(J91, Subject!$A$2:$E$11, 5, FALSE) -> SC | M91: Dat klopt | N91: PS | O91: 2 | P91: =VLOOKUP(O91, SubjectGroup!$A$2:$B$8, 2, FALSE) -> Core Academic Studies | Q91: Core | R91: Science Level 10 | S91: 0.8
A92: 91 | B92: History of Civilisation I | C92: History of Civilisation I | D92: Social Studies II-B | E92: 10 | F92: 1 | G92: 10 | H92: =G92-F92+1 -> 10 | I92: 12 | J92: 6 | K92: =VLOOKUP(J92, Subject!$A$2:$B$15, 2, FALSE) -> Social Studies | L92: =VLOOKUP(J92, Subject!$A$2:$E$11, 5, FALSE) -> SS | N92: HC | O92: 2 | P92: =VLOOKUP(O92, SubjectGroup!$A$2:$B$8, 2, FALSE) -> Core Academic Studies | Q92: Core | R92: Social Studies Level 10 | S92: 0.8
A93: 92 | C93: Apologetics II | D93: Apologetics I-B (2022) (ICCE-C18) | E93: 10 | F93: 7 | G93: 10 | H93: =G93-F93+1 -> 4 | I93: 3 | J93: 7 | K93: =VLOOKUP(J93, Subject!$A$2:$B$15, 2, FALSE) -> Biblical Studies | L93: =VLOOKUP(J93, Subject!$A$2:$E$11, 5, FALSE) -> BS | M93: Zie opmerking bij 152. Hier mag gekozen worden voor het VAK "Apologetics II" (i.e. boekjes 7-10) of een ander vak uit Groep 1 (i.e. Christian Studies, van Intermediate). Er zijn geen toetsen bij Apologetics II, maar wel een essay, waar drie sterren voor wordt gegeven. | N93: AP | O93: 1 | P93: =VLOOKUP(O93, SubjectGroup!$A$2:$B$8, 2, FALSE) -> Christian Studies | Q93: Further Credit Option | R93: =C93 -> Apologetics II | S93: 0.8
A94: 93 | C94: Christian Counselling I | E94: 10 | F94: 1 | G94: 5 | H94: =G94-F94+1 -> 5 | I94: 6 | J94: 7 | K94: =VLOOKUP(J94, Subject!$A$2:$B$15, 2, FALSE) -> Biblical Studies | L94: =VLOOKUP(J94, Subject!$A$2:$E$11, 5, FALSE) -> BS | M94: Correct gespeld? Is Amerikaans materiaal maar Britse spelling? | N94: CC | O94: 1 | P94: =VLOOKUP(O94, SubjectGroup!$A$2:$B$8, 2, FALSE) -> Christian Studies | Q94: Further Credit Option | R94: =C94 -> Christian Counselling I | S94: 0.8
A95: 94 | C95: Life of Christ I | E95: 10 | F95: 133 | G95: 138 | H95: =G95-F95+1 -> 6 | J95: 7 | K95: =VLOOKUP(J95, Subject!$A$2:$B$15, 2, FALSE) -> Biblical Studies | L95: =VLOOKUP(J95, Subject!$A$2:$E$11, 5, FALSE) -> BS | N95: LC | O95: 1 | P95: =VLOOKUP(O95, SubjectGroup!$A$2:$B$8, 2, FALSE) -> Christian Studies | Q95: Further Credit Option | R95: =C95 -> Life of Christ I | S95: 0.8
A96: 95 | B96: Biblical Studies II | C96: Old Testament Survey | D96: Biblical Studies II: Old Testament Survey ICCE-C25 | E96: 10 | F96: 109 | G96: 120 | H96: =G96-F96+1 -> 12 | I96: 12 | J96: 7 | K96: =VLOOKUP(J96, Subject!$A$2:$B$15, 2, FALSE) -> Biblical Studies | L96: =VLOOKUP(J96, Subject!$A$2:$E$11, 5, FALSE) -> BS | M96: Ik kan alleen PACEs 1-10 vinden, zijn waarschijnlijk oude edities | N96: OT | O96: 1 | P96: =VLOOKUP(O96, SubjectGroup!$A$2:$B$8, 2, FALSE) -> Christian Studies | Q96: Core | R96: =C96 -> Old Testament Survey | S96: 0.8
A97: 96 | C97: Auto Mechanics | E97: 10 | F97: 109 | G97: 114 | H97: =G97-F97+1 -> 6 | J97: 10 | K97: =VLOOKUP(J97, Subject!$A$2:$B$15, 2, FALSE) -> Supplementary | L97: =VLOOKUP(J97, Subject!$A$2:$E$11, 5, FALSE) -> SU | N97: AM | O97: 3 | P97: =VLOOKUP(O97, SubjectGroup!$A$2:$B$8, 2, FALSE) -> Core Expanded Studies | Q97: Further Credit Option | R97: =C97 -> Auto Mechanics | S97: 0.8
A98: 97 | C98: ICT Course | E98: 10 | H98: =G98-F98+1 -> 1 | I98: 12 | J98: 10 | K98: =VLOOKUP(J98, Subject!$A$2:$B$15, 2, FALSE) -> Supplementary | L98: =VLOOKUP(J98, Subject!$A$2:$E$11, 5, FALSE) -> SU | M98: From approved list | N98: IC | O98: 3 | P98: =VLOOKUP(O98, SubjectGroup!$A$2:$B$8, 2, FALSE) -> Core Expanded Studies | Q98: Further Credit Option | R98: =C98 -> ICT Course | S98: 0.8
A99: 98 | C99: Algebra II | E99: 11 | F99: 121 | G99: 132 | H99: =G99-F99+1 -> 12 | I99: 12 | J99: 1 | K99: =VLOOKUP(J99, Subject!$A$2:$B$15, 2, FALSE) -> Maths | L99: =VLOOKUP(J99, Subject!$A$2:$E$11, 5, FALSE) -> MA | N99: AL | O99: 2 | P99: =VLOOKUP(O99, SubjectGroup!$A$2:$B$8, 2, FALSE) -> Core Academic Studies | Q99: Core | R99: =C99 -> Algebra II | S99: 0.8
A100: 99 | C100: British Literature | E100: 11 | F100: 1 | G100: 5 | H100: =G100-F100+1 -> 5 | I100: ? | J100: 4 | K100: =VLOOKUP(J100, Subject!$A$2:$B$15, 2, FALSE) -> Literature | L100: =VLOOKUP(J100, Subject!$A$2:$E$11, 5, FALSE) -> LI | N100: BL | O100: 2 | P100: =VLOOKUP(O100, SubjectGroup!$A$2:$B$8, 2, FALSE) -> Core Academic Studies | Q100: Core | R100: =C100 -> British Literature | S100: 0.8
...

Sheet PaceCourse
A1: ID | B1: PaceID | C1: CourseID | D1: Alias__ | E1: Number__ | F1: Code__ | G1: CreditValuePace | H1: PassThreshold__ | I1: Active | J1: Remark
A2: 1 | B2: 1 | C2: 1 | D2: =VLOOKUP(C2,Course!$A$1:$C$229, 2, FALSE) -> 0 | E2: 2 | F2: MA02RR03PT | G2: 1 | H2: 0.8 | I2: 1
A3: 2 | B3: 2 | C3: 1 | D3: =VLOOKUP(C3,Course!$A$1:$C$229, 2, FALSE) -> 0 | E3: 3 | F3: MA03RR03PT | G3: 1 | H3: 0.8 | I3: 1
A4: 3 | B4: 3 | C4: 1 | D4: =VLOOKUP(C4,Course!$A$1:$C$229, 2, FALSE) -> 0 | E4: 4 | F4: MA04RR03PT | G4: 1 | H4: 0.8 | I4: 1
A5: 4 | B5: 4 | C5: 1 | D5: =VLOOKUP(C5,Course!$A$1:$C$229, 2, FALSE) -> 0 | E5: 5 | F5: MA05RR03PT | G5: 1 | H5: 0.8 | I5: 1
A6: 5 | B6: 5 | C6: 1 | D6: =VLOOKUP(C6,Course!$A$1:$C$229, 2, FALSE) -> 0 | E6: 6 | F6: MA06RR03PT | G6: 1 | H6: 0.8 | I6: 1
A7: 6 | B7: 6 | C7: 1 | D7: =VLOOKUP(C7,Course!$A$1:$C$229, 2, FALSE) -> 0 | E7: 7 | F7: MA07RR03PT | G7: 1 | H7: 0.8 | I7: 1
A8: 7 | B8: 7 | C8: 1 | D8: =VLOOKUP(C8,Course!$A$1:$C$229, 2, FALSE) -> 0 | E8: 8 | F8: MA08RR03PT | G8: 1 | H8: 0.8 | I8: 1
A9: 8 | B9: 8 | C9: 1 | D9: =VLOOKUP(C9,Course!$A$1:$C$229, 2, FALSE) -> 0 | E9: 9 | F9: MA09RR03PT | G9: 1 | H9: 0.8 | I9: 1
A10: 9 | B10: 9 | C10: 1 | D10: =VLOOKUP(C10,Course!$A$1:$C$229, 2, FALSE) -> 0 | E10: 10 | F10: MA10RR03PT | G10: 1 | H10: 0.8 | I10: 1
A11: 10 | B11: 10 | C11: 1 | D11: =VLOOKUP(C11,Course!$A$1:$C$229, 2, FALSE) -> 0 | E11: 11 | F11: MA11RR03PT | G11: 1 | H11: 0.8 | I11: 1
A12: 11 | B12: 11 | C12: 1 | D12: =VLOOKUP(C12,Course!$A$1:$C$229, 2, FALSE) -> 0 | E12: 12 | F12: MA12RR03PT | G12: 1 | H12: 0.8 | I12: 1
A13: 12 | B13: 12 | C13: 2 | D13: =VLOOKUP(C13,Course!$A$1:$C$229, 2, FALSE) -> 0 | E13: 1 | F13: MA01MA03PT | G13: 1 | H13: 0.8 | I13: 1
... A564: 563 | B564: 563 | C564: 47 | D564: =VLOOKUP(C564,Course!$A$1:$C$229, 2, FALSE) -> 0 | E564: 84 | F564: WB84WB03PT | G564: 1 | H564: 0.9 | I564: 1
A565: 564 | B565: 564 | C565: 48 | D565: =VLOOKUP(C565,Course!$A$1:$C$229, 2, FALSE) -> 0 | E565: 74 | F565: LI74LC03PT | G565: =1/6/2 -> 0.083333333 | H565: 0.8 | I565: 1
A566: 566 | B566: 566 | C566: 48 | D566: =VLOOKUP(C566,Course!$A$1:$C$229, 2, FALSE) -> 0 | E566: 76 | F566: LI76LC03PT | G566: =1/6/2 -> 0.083333333 | H566: 0.8 | I566: 1
A567: 568 | B567: 568 | C567: 48 | D567: =VLOOKUP(C567,Course!$A$1:$C$229, 2, FALSE) -> 0 | E567: 78 | F567: LI78LC03PT | G567: =1/6/2 -> 0.083333333 | H567: 0.8 | I567: 1
A568: 570 | B568: 570 | C568: 48 | D568: =VLOOKUP(C568,Course!$A$1:$C$229, 2, FALSE) -> 0 | E568: 80 | F568: LI80LC03PT | G568: =1/6/2 -> 0.083333333 | H568: 0.8 | I568: 1
A569: 572 | B569: 572 | C569: 48 | D569: =VLOOKUP(C569,Course!$A$1:$C$229, 2, FALSE) -> 0 | E569: 82 | F569: LI82LC03PT | G569: =1/6/2 -> 0.083333333 | H569: 0.8 | I569: 1
A570: 574 | B570: 574 | C570: 48 | D570: =VLOOKUP(C570,Course!$A$1:$C$229, 2, FALSE) -> 0 | E570: 84 | F570: LI84LC03PT | G570: =1/6/2 -> 0.083333333 | H570: 0.8 | I570: 1
A571: 575 | B571: 575 | C571: 49 | D571: =VLOOKUP(C571,Course!$A$1:$C$229, 2, FALSE) -> Science 7 | E571: 73 | F571: SC73SC03PT | G571: 1 | H571: 0.8 | I571: 1
A572: 576 | B572: 576 | C572: 49 | D572: =VLOOKUP(C572,Course!$A$1:$C$229, 2, FALSE) -> Science 7 | E572: 74 | F572: SC74SC03PT | G572: 1 | H572: 0.8 | I572: 1
A573: 577 | B573: 577 | C573: 49 | D573: =VLOOKUP(C573,Course!$A$1:$C$229, 2, FALSE) -> Science 7 | E573: 75 | F573: SC75SC03PT | G573: 1 | H573: 0.8 | I573: 1
A574: 578 | B574: 578 | C574: 49 | D574: =VLOOKUP(C574,Course!$A$1:$C$229, 2, FALSE) -> Science 7 | E574: 76 | F574: SC76SC03PT | G574: 1 | H574: 0.8 | I574: 1
A575: 579 | B575: 579 | C575: 49 | D575: =VLOOKUP(C575,Course!$A$1:$C$229, 2, FALSE) -> Science 7 | E575: 77 | F575: SC77SC03PT | G575: 1 | H575: 0.8 | I575: 1
A576: 580 | B576: 580 | C576: 49 | D576: =VLOOKUP(C576,Course!$A$1:$C$229, 2, FALSE) -> Science 7 | E576: 78 | F576: SC78SC03PT | G576: 1 | H576: 0.8 | I576: 1
A577: 581 | B577: 581 | C577: 49 | D577: =VLOOKUP(C577,Course!$A$1:$C$229, 2, FALSE) -> Science 7 | E577: 79 | F577: SC79SC03PT | G577: 1 | H577: 0.8 | I577: 1
A578: 582 | B578: 582 | C578: 49 | D578: =VLOOKUP(C578,Course!$A$1:$C$229, 2, FALSE) -> Science 7 | E578: 80 | F578: SC80SC03PT | G578: 1 | H578: 0.8 | I578: 1
A579: 583 | B579: 583 | C579: 49 | D579: =VLOOKUP(C579,Course!$A$1:$C$229, 2, FALSE) -> Science 7 | E579: 81 | F579: SC81SC03PT | G579: 1 | H579: 0.8 | I579: 1
A580: 584 | B580: 584 | C580: 49 | D580: =VLOOKUP(C580,Course!$A$1:$C$229, 2, FALSE) -> Science 7 | E580: 82 | F580: SC82SC03PT | G580: 1 | H580: 0.8 | I580: 1
A581: 585 | B581: 585 | C581: 49 | D581: =VLOOKUP(C581,Course!$A$1:$C$229, 2, FALSE) -> Science 7 | E581: 83 | F581: SC83SC03PT | G581: 1 | H581: 0.8 | I581: 1
A582: 586 | B582: 586 | C582: 49 | D582: =VLOOKUP(C582,Course!$A$1:$C$229, 2, FALSE) -> Science 7 | E582: 84 | F582: SC84SC03PT | G582: 1 | H582: 0.8 | I582: 1
... A639: 643 | B639: 643 | C639: 55 | D639: =VLOOKUP(C639,Course!$A$1:$C$229, 2, FALSE) -> 0 | E639: 96 | F639: WB96WB03PT | G639: 1 | H639: 0.9 | I639: 1
A640: 644 | B640: 644 | C640: 56 | D640: =VLOOKUP(C640,Course!$A$1:$C$229, 2, FALSE) -> 0 | E640: 86 | F640: LI86LC03PT | G640: =1/6/2 -> 0.083333333 | H640: 0.8 | I640: 1
A641: 646 | B641: 646 | C641: 56 | D641: =VLOOKUP(C641,Course!$A$1:$C$229, 2, FALSE) -> 0 | E641: 88 | F641: LI88LC03PT | G641: =1/6/2 -> 0.083333333 | H641: 0.8 | I641: 1
A642: 648 | B642: 648 | C642: 56 | D642: =VLOOKUP(C642,Course!$A$1:$C$229, 2, FALSE) -> 0 | E642: 90 | F642: LI90LC03PT | G642: =1/6/2 -> 0.083333333 | H642: 0.8 | I642: 1
A643: 650 | B643: 650 | C643: 56 | D643: =VLOOKUP(C643,Course!$A$1:$C$229, 2, FALSE) -> 0 | E643: 92 | F643: LI92LC03PT | G643: =1/6/2 -> 0.083333333 | H643: 0.8 | I643: 1
A644: 652 | B644: 652 | C644: 56 | D644: =VLOOKUP(C644,Course!$A$1:$C$229, 2, FALSE) -> 0 | E644: 94 | F644: LI94LC03PT | G644: =1/6/2 -> 0.083333333 | H644: 0.8 | I644: 1
A645: 654 | B645: 654 | C645: 56 | D645: =VLOOKUP(C645,Course!$A$1:$C$229, 2, FALSE) -> 0 | E645: 96 | F645: LI96LC03PT | G645: =1/6/2 -> 0.083333333 | H645: 0.8 | I645: 1
A646: 655 | B646: 655 | C646: 57 | D646: =VLOOKUP(C646,Course!$A$1:$C$229, 2, FALSE) -> Science 8 | E646: 85 | F646: SC85ES03PT | G646: 1 | H646: 0.8 | I646: 1
A647: 656 | B647: 656 | C647: 57 | D647: =VLOOKUP(C647,Course!$A$1:$C$229, 2, FALSE) -> Science 8 | E647: 86 | F647: SC86ES03PT | G647: 1 | H647: 0.8 | I647: 1
A648: 657 | B648: 657 | C648: 57 | D648: =VLOOKUP(C648,Course!$A$1:$C$229, 2, FALSE) -> Science 8 | E648: 87 | F648: SC87ES03PT | G648: 1 | H648: 0.8 | I648: 1
A649: 658 | B649: 658 | C649: 57 | D649: =VLOOKUP(C649,Course!$A$1:$C$229, 2, FALSE) -> Science 8 | E649: 88 | F649: SC88ES03PT | G649: 1 | H649: 0.8 | I649: 1
A650: 659 | B650: 659 | C650: 57 | D650: =VLOOKUP(C650,Course!$A$1:$C$229, 2, FALSE) -> Science 8 | E650: 89 | F650: SC89ES03PT | G650: 1 | H650: 0.8 | I650: 1
A651: 660 | B651: 660 | C651: 57 | D651: =VLOOKUP(C651,Course!$A$1:$C$229, 2, FALSE) -> Science 8 | E651: 90 | F651: SC90ES03PT | G651: 1 | H651: 0.8 | I651: 1
A652: 661 | B652: 661 | C652: 57 | D652: =VLOOKUP(C652,Course!$A$1:$C$229, 2, FALSE) -> Science 8 | E652: 91 | F652: SC91ES03PT | G652: 1 | H652: 0.8 | I652: 1
A653: 662 | B653: 662 | C653: 57 | D653: =VLOOKUP(C653,Course!$A$1:$C$229, 2, FALSE) -> Science 8 | E653: 92 | F653: SC92ES03PT | G653: 1 | H653: 0.8 | I653: 1
A654: 663 | B654: 663 | C654: 57 | D654: =VLOOKUP(C654,Course!$A$1:$C$229, 2, FALSE) -> Science 8 | E654: 93 | F654: SC93ES03PT | G654: 1 | H654: 0.8 | I654: 1
A655: 664 | B655: 664 | C655: 57 | D655: =VLOOKUP(C655,Course!$A$1:$C$229, 2, FALSE) -> Science 8 | E655: 94 | F655: SC94ES03PT | G655: 1 | H655: 0.8 | I655: 1
A656: 665 | B656: 665 | C656: 57 | D656: =VLOOKUP(C656,Course!$A$1:$C$229, 2, FALSE) -> Science 8 | E656: 95 | F656: SC95ES03PT | G656: 1 | H656: 0.8 | I656: 1
A657: 666 | B657: 666 | C657: 57 | D657: =VLOOKUP(C657,Course!$A$1:$C$229, 2, FALSE) -> Science 8 | E657: 96 | F657: SC96ES03PT | G657: 1 | H657: 0.8 | I657: 1
... A669: 678 | B669: 678 | C669: 58 | D669: =VLOOKUP(C669,Course!$A$1:$C$229, 2, FALSE) -> 0 | E669: 108 | F669: SS96UK03PT | G669: 1 | H669: 0.8 | I669: 1
A670: 679 | B670: 679 | C670: 59 | D670: World History 3rd Edition | E670: 97 | F670: SS85WH03PT | G670: 1 | H670: 0.8 | I670: 1
A671: 680 | B671: 680 | C671: 59 | D671: World History 3rd Edition | E671: 98 | F671: SS86WH03PT | G671: 1 | H671: 0.8 | I671: 1
A672: 681 | B672: 681 | C672: 59 | D672: World History 3rd Edition | E672: 99 | F672: SS87WH03PT | G672: 1 | H672: 0.8 | I672: 1
A673: 682 | B673: 682 | C673: 59 | D673: World History 3rd Edition | E673: 100 | F673: SS88WH03PT | G673: 1 | H673: 0.8 | I673: 1
A674: 683 | B674: 683 | C674: 59 | D674: World History 3rd Edition | E674: 101 | F674: SS89WH03PT | G674: 1 | H674: 0.8 | I674: 1
A675: 684 | B675: 684 | C675: 59 | D675: World History 3rd Edition | E675: 102 | F675: SS90WH03PT | G675: 1 | H675: 0.8 | I675: 1
A676: 685 | B676: 685 | C676: 59 | D676: World History 3rd Edition | E676: 103 | F676: SS91WH03PT | G676: 1 | H676: 0.8 | I676: 1
A677: 686 | B677: 686 | C677: 59 | D677: World History 3rd Edition | E677: 104 | F677: SS92WH03PT | G677: 1 | H677: 0.8 | I677: 1
A678: 687 | B678: 687 | C678: 59 | D678: World History 3rd Edition | E678: 105 | F678: SS93WH03PT | G678: 1 | H678: 0.8 | I678: 1
A679: 688 | B679: 688 | C679: 59 | D679: World History 3rd Edition | E679: 106 | F679: SS94WH03PT | G679: 1 | H679: 0.8 | I679: 1
A680: 689 | B680: 689 | C680: 59 | D680: World History 3rd Edition | E680: 107 | F680: SS95WH03PT | G680: 1 | H680: 0.8 | I680: 1
A681: 690 | B681: 690 | C681: 59 | D681: World History 3rd Edition | E681: 108 | F681: SS96WH03PT | G681: 1 | H681: 0.8 | I681: 1
A682: 691 | B682: 691 | C682: 60 | D682: =VLOOKUP(C682,Course!$A$1:$C$229, 2, FALSE) -> Biblical Studies I: New Testament Survey | E682: 97 | F682: BS97NT03PT | G682: 1 | H682: 0.8 | I682: 1
A683: 692 | B683: 692 | C683: 60 | D683: =VLOOKUP(C683,Course!$A$1:$C$229, 2, FALSE) -> Biblical Studies I: New Testament Survey | E683: 98 | F683: BS98NT03PT | G683: 1 | H683: 0.8 | I683: 1
A684: 693 | B684: 693 | C684: 60 | D684: =VLOOKUP(C684,Course!$A$1:$C$229, 2, FALSE) -> Biblical Studies I: New Testament Survey | E684: 99 | F684: BS99NT03PT | G684: 1 | H684: 0.8 | I684: 1
A685: 694 | B685: 694 | C685: 60 | D685: =VLOOKUP(C685,Course!$A$1:$C$229, 2, FALSE) -> Biblical Studies I: New Testament Survey | E685: 100 | F685: BS00NT03PT | G685: 1 | H685: 0.8 | I685: 1
A686: 695 | B686: 695 | C686: 60 | D686: =VLOOKUP(C686,Course!$A$1:$C$229, 2, FALSE) -> Biblical Studies I: New Testament Survey | E686: 101 | F686: BS01NT03PT | G686: 1 | H686: 0.8 | I686: 1
A687: 696 | B687: 696 | C687: 60 | D687: =VLOOKUP(C687,Course!$A$1:$C$229, 2, FALSE) -> Biblical Studies I: New Testament Survey | E687: 102 | F687: BS02NT03PT | G687: 1 | H687: 0.8 | I687: 1
A688: 697 | B688: 697 | C688: 61 | D688: =VLOOKUP(C688,Course!$A$1:$C$229, 2, FALSE) -> 0 | E688: 97 | F688: MA97AL03PT | G688: 1 | H688: 0.8 | I688: 1
A689: 698 | B689: 698 | C689: 61 | D689: =VLOOKUP(C689,Course!$A$1:$C$229, 2, FALSE) -> 0 | E689: 98 | F689: MA98AL03PT | G689: 1 | H689: 0.8 | I689: 1
A690: 699 | B690: 699 | C690: 61 | D690: =VLOOKUP(C690,Course!$A$1:$C$229, 2, FALSE) -> 0 | E690: 99 | F690: MA99AL03PT | G690: 1 | H690: 0.8 | I690: 1
A691: 700 | B691: 700 | C691: 61 | D691: =VLOOKUP(C691,Course!$A$1:$C$229, 2, FALSE) -> 0 | E691: 100 | F691: MA00AL03PT | G691: 1 | H691: 0.8 | I691: 1
A692: 701 | B692: 701 | C692: 61 | D692: =VLOOKUP(C692,Course!$A$1:$C$229, 2, FALSE) -> 0 | E692: 101 | F692: MA01AL03PT | G692: 1 | H692: 0.8 | I692: 1
A693: 702 | B693: 702 | C693: 61 | D693: =VLOOKUP(C693,Course!$A$1:$C$229, 2, FALSE) -> 0 | E693: 102 | F693: MA02AL03PT | G693: 1 | H693: 0.8 | I693: 1
... A791: 800 | B791: 800 | C791: 73 | D791: =VLOOKUP(C791,Course!$A$1:$C$229, 2, FALSE) -> 0 | E791: 4 | F791: LI04I903PT | G791: 1 | H791: 0.8 | I791: 1
A792: 801 | B792: 801 | C792: 146 | D792: =VLOOKUP(C792,Course!$A$1:$C$229, 2, FALSE) -> 0 | E792: 98 | F792: LI98LC03PT | G792: =1/6 -> 0.16666667 | H792: 0.8 | I792: 1
A793: 803 | B793: 803 | C793: 146 | D793: =VLOOKUP(C793,Course!$A$1:$C$229, 2, FALSE) -> 0 | E793: 100 | F793: LI00LC03PT | G793: =1/6 -> 0.16666667 | H793: 0.8 | I793: 1
A794: 805 | B794: 805 | C794: 146 | D794: =VLOOKUP(C794,Course!$A$1:$C$229, 2, FALSE) -> 0 | E794: 102 | F794: LI02LC03PT | G794: =1/6 -> 0.16666667 | H794: 0.8 | I794: 1
A795: 807 | B795: 807 | C795: 146 | D795: =VLOOKUP(C795,Course!$A$1:$C$229, 2, FALSE) -> 0 | E795: 104 | F795: LI04LC03PT | G795: =1/6 -> 0.16666667 | H795: 0.8 | I795: 1
A796: 809 | B796: 809 | C796: 146 | D796: =VLOOKUP(C796,Course!$A$1:$C$229, 2, FALSE) -> 0 | E796: 106 | F796: LI06LC03PT | G796: =1/6 -> 0.16666667 | H796: 0.8 | I796: 1
A797: 811 | B797: 811 | C797: 146 | D797: =VLOOKUP(C797,Course!$A$1:$C$229, 2, FALSE) -> 0 | E797: 108 | F797: LI08LC03PT | G797: =1/6 -> 0.16666667 | H797: 0.8 | I797: 1
A798: 812 | B798: 812 | C798: 74 | D798: =VLOOKUP(C798,Course!$A$1:$C$229, 2, FALSE) -> 0 | E798: 1 | F798: SC01AS03PT | G798: 0.2 | H798: 0.8 | I798: 1
A799: 813 | B799: 813 | C799: 74 | D799: =VLOOKUP(C799,Course!$A$1:$C$229, 2, FALSE) -> 0 | E799: 2 | F799: SC02AS03PT | G799: 0.2 | H799: 0.8 | I799: 1
A800: 814 | B800: 814 | C800: 74 | D800: =VLOOKUP(C800,Course!$A$1:$C$229, 2, FALSE) -> 0 | E800: 3 | F800: SC03AS03PT | G800: 0.2 | H800: 0.8 | I800: 1
A801: 815 | B801: 815 | C801: 74 | D801: =VLOOKUP(C801,Course!$A$1:$C$229, 2, FALSE) -> 0 | E801: 4 | F801: SC04AS03PT | G801: 0.2 | H801: 0.8 | I801: 1
A802: 816 | B802: 816 | C802: 74 | D802: =VLOOKUP(C802,Course!$A$1:$C$229, 2, FALSE) -> 0 | E802: 5 | F802: SC05AS03PT | G802: 0.2 | H802: 0.8 | I802: 1
A803: 817 | B803: 817 | C803: 75 | D803: =VLOOKUP(C803,Course!$A$1:$C$229, 2, FALSE) -> Science 9 | E803: 97 | F803: SC97BI03PT | G803: =1/12 -> 0.083333333 | H803: 0.8 | I803: 1
A804: 818 | B804: 818 | C804: 75 | D804: =VLOOKUP(C804,Course!$A$1:$C$229, 2, FALSE) -> Science 9 | E804: 98 | F804: SC98BI03PT | G804: =1/12 -> 0.083333333 | H804: 0.8 | I804: 1
A805: 819 | B805: 819 | C805: 75 | D805: =VLOOKUP(C805,Course!$A$1:$C$229, 2, FALSE) -> Science 9 | E805: 99 | F805: SC99BI03PT | G805: =1/12 -> 0.083333333 | H805: 0.8 | I805: 1
A806: 820 | B806: 820 | C806: 75 | D806: =VLOOKUP(C806,Course!$A$1:$C$229, 2, FALSE) -> Science 9 | E806: 100 | F806: SC00BI03PT | G806: =1/12 -> 0.083333333 | H806: 0.8 | I806: 1
A807: 821 | B807: 821 | C807: 75 | D807: =VLOOKUP(C807,Course!$A$1:$C$229, 2, FALSE) -> Science 9 | E807: 101 | F807: SC01BI03PT | G807: =1/12 -> 0.083333333 | H807: 0.8 | I807: 1
A808: 822 | B808: 822 | C808: 75 | D808: =VLOOKUP(C808,Course!$A$1:$C$229, 2, FALSE) -> Science 9 | E808: 102 | F808: SC02BI03PT | G808: =1/12 -> 0.083333333 | H808: 0.8 | I808: 1
A809: 823 | B809: 823 | C809: 75 | D809: =VLOOKUP(C809,Course!$A$1:$C$229, 2, FALSE) -> Science 9 | E809: 103 | F809: SC03BI03PT | G809: =1/12 -> 0.083333333 | H809: 0.8 | I809: 1
A810: 824 | B810: 824 | C810: 75 | D810: =VLOOKUP(C810,Course!$A$1:$C$229, 2, FALSE) -> Science 9 | E810: 104 | F810: SC04BI03PT | G810: =1/12 -> 0.083333333 | H810: 0.8 | I810: 1
A811: 825 | B811: 825 | C811: 75 | D811: =VLOOKUP(C811,Course!$A$1:$C$229, 2, FALSE) -> Science 9 | E811: 105 | F811: SC05BI03PT | G811: =1/12 -> 0.083333333 | H811: 0.8 | I811: 1
A812: 826 | B812: 826 | C812: 75 | D812: =VLOOKUP(C812,Course!$A$1:$C$229, 2, FALSE) -> Science 9 | E812: 106 | F812: SC06BI03PT | G812: =1/12 -> 0.083333333 | H812: 0.8 | I812: 1
A813: 827 | B813: 827 | C813: 75 | D813: =VLOOKUP(C813,Course!$A$1:$C$229, 2, FALSE) -> Science 9 | E813: 107 | F813: SC07BI03PT | G813: =1/12 -> 0.083333333 | H813: 0.8 | I813: 1
A814: 828 | B814: 828 | C814: 75 | D814: =VLOOKUP(C814,Course!$A$1:$C$229, 2, FALSE) -> Science 9 | E814: 108 | F814: SC08BI03PT | G814: =1/12 -> 0.083333333 | H814: 0.8 | I814: 1
...

Sheet PACE
A1: ID | B1: CourseID | C1: Number | D1: SpecificationAbb | E1: Code2 | F1: Alias__ | G1: Subject | H1: Edition | I1: EditionOrder | J1: Year | K1: Type | L1: SubjectGroupID__ | M1: StarValue | N1: Remark
A2: 1 | B2: 1 | C2: 2 | D2: RR | E2: =UPPER(LEFT(G2,2)) & RIGHT("00" & C2, 3) & D2 & RIGHT("0" & H2, 2) & K2 -> 12002RR03PT | F2: =VLOOKUP(B2,Course!$A$2:$R$329,2,FALSE) -> 0 | G2: =VLOOKUP(B2, Course!$A$2:$L$950, 8, FALSE) -> 12 | H2: 3 | I2: 1 | K2: PT | L2: =VLOOKUP(B2, Course!$A$1:$O$933, 14, FALSE) -> RR | M2: 1
A3: 2 | B3: 1 | C3: 3 | D3: RR | E3: =UPPER(LEFT(G3,2)) & RIGHT("0" & C3, 2) & D3 & RIGHT("0" & H3, 2) & K3 -> 1203RR03PT | F3: =VLOOKUP(B3,Course!$A$2:$R$329,2,FALSE) -> 0 | G3: =VLOOKUP(B3, Course!$A$2:$L$950, 8, FALSE) -> 12 | H3: 3 | I3: 1 | K3: PT | L3: =VLOOKUP(B3, Course!$A$1:$O$933, 14, FALSE) -> RR | M3: 1
A4: 3 | B4: 1 | C4: 4 | D4: RR | E4: =UPPER(LEFT(G4,2)) & RIGHT("0" & C4, 2) & D4 & RIGHT("0" & H4, 2) & K4 -> 1204RR03PT | F4: =VLOOKUP(B4,Course!$A$2:$R$329,2,FALSE) -> 0 | G4: =VLOOKUP(B4, Course!$A$2:$L$950, 8, FALSE) -> 12 | H4: 3 | I4: 1 | K4: PT | L4: =VLOOKUP(B4, Course!$A$1:$O$933, 14, FALSE) -> RR | M4: 1
A5: 4 | B5: 1 | C5: 5 | D5: RR | E5: =UPPER(LEFT(G5,2)) & RIGHT("0" & C5, 2) & D5 & RIGHT("0" & H5, 2) & K5 -> 1205RR03PT | F5: =VLOOKUP(B5,Course!$A$2:$R$329,2,FALSE) -> 0 | G5: =VLOOKUP(B5, Course!$A$2:$L$950, 8, FALSE) -> 12 | H5: 3 | I5: 1 | K5: PT | L5: =VLOOKUP(B5, Course!$A$1:$O$933, 14, FALSE) -> RR | M5: 1
A6: 5 | B6: 1 | C6: 6 | D6: RR | E6: =UPPER(LEFT(G6,2)) & RIGHT("0" & C6, 2) & D6 & RIGHT("0" & H6, 2) & K6 -> 1206RR03PT | F6: =VLOOKUP(B6,Course!$A$2:$R$329,2,FALSE) -> 0 | G6: =VLOOKUP(B6, Course!$A$2:$L$950, 8, FALSE) -> 12 | H6: 3 | I6: 1 | K6: PT | L6: =VLOOKUP(B6, Course!$A$1:$O$933, 14, FALSE) -> RR | M6: 1
A7: 6 | B7: 1 | C7: 7 | D7: RR | E7: =UPPER(LEFT(G7,2)) & RIGHT("0" & C7, 2) & D7 & RIGHT("0" & H7, 2) & K7 -> 1207RR03PT | F7: =VLOOKUP(B7,Course!$A$2:$R$329,2,FALSE) -> 0 | G7: =VLOOKUP(B7, Course!$A$2:$L$950, 8, FALSE) -> 12 | H7: 3 | I7: 1 | K7: PT | L7: =VLOOKUP(B7, Course!$A$1:$O$933, 14, FALSE) -> RR | M7: 1
A8: 7 | B8: 1 | C8: 8 | D8: RR | E8: =UPPER(LEFT(G8,2)) & RIGHT("0" & C8, 2) & D8 & RIGHT("0" & H8, 2) & K8 -> 1208RR03PT | F8: =VLOOKUP(B8,Course!$A$2:$R$329,2,FALSE) -> 0 | G8: =VLOOKUP(B8, Course!$A$2:$L$950, 8, FALSE) -> 12 | H8: 3 | I8: 1 | K8: PT | L8: =VLOOKUP(B8, Course!$A$1:$O$933, 14, FALSE) -> RR | M8: 1
A9: 8 | B9: 1 | C9: 9 | D9: RR | E9: =UPPER(LEFT(G9,2)) & RIGHT("0" & C9, 2) & D9 & RIGHT("0" & H9, 2) & K9 -> 1209RR03PT | F9: =VLOOKUP(B9,Course!$A$2:$R$329,2,FALSE) -> 0 | G9: =VLOOKUP(B9, Course!$A$2:$L$950, 8, FALSE) -> 12 | H9: 3 | I9: 1 | K9: PT | L9: =VLOOKUP(B9, Course!$A$1:$O$933, 14, FALSE) -> RR | M9: 1
A10: 9 | B10: 1 | C10: 10 | D10: RR | E10: =UPPER(LEFT(G10,2)) & RIGHT("0" & C10, 2) & D10 & RIGHT("0" & H10, 2) & K10 -> 1210RR03PT | F10: =VLOOKUP(B10,Course!$A$2:$R$329,2,FALSE) -> 0 | G10: =VLOOKUP(B10, Course!$A$2:$L$950, 8, FALSE) -> 12 | H10: 3 | I10: 1 | K10: PT | L10: =VLOOKUP(B10, Course!$A$1:$O$933, 14, FALSE) -> RR | M10: 1
A11: 10 | B11: 1 | C11: 11 | D11: RR | E11: =UPPER(LEFT(G11,2)) & RIGHT("0" & C11, 2) & D11 & RIGHT("0" & H11, 2) & K11 -> 1211RR03PT | F11: =VLOOKUP(B11,Course!$A$2:$R$329,2,FALSE) -> 0 | G11: =VLOOKUP(B11, Course!$A$2:$L$950, 8, FALSE) -> 12 | H11: 3 | I11: 3 | K11: PT | L11: =VLOOKUP(B11, Course!$A$1:$O$933, 14, FALSE) -> RR | M11: 1
A12: 11 | B12: 1 | C12: 12 | D12: RR | E12: =UPPER(LEFT(G12,2)) & RIGHT("0" & C12, 2) & D12 & RIGHT("0" & H12, 2) & K12 -> 1212RR03PT | F12: =VLOOKUP(B12,Course!$A$2:$R$329,2,FALSE) -> 0 | G12: =VLOOKUP(B12, Course!$A$2:$L$950, 8, FALSE) -> 12 | H12: 3 | I12: 2 | K12: PT | L12: =VLOOKUP(B12, Course!$A$1:$O$933, 14, FALSE) -> RR | M12: 1
A13: 12 | B13: 2 | C13: 1 | D13: MA | E13: =UPPER(LEFT(G13,2)) & RIGHT("0" & C13, 2) & D13 & RIGHT("0" & H13, 2) & K13 -> 1201MA03PT | F13: =VLOOKUP(B13,Course!$A$2:$R$329,2,FALSE) -> 0 | G13: =VLOOKUP(B13, Course!$A$2:$L$950, 8, FALSE) -> 12 | H13: 3 | I13: 1 | K13: PT | L13: =VLOOKUP(B13, Course!$A$1:$O$933, 14, FALSE) -> MA | M13: 1
A14: 13 | B14: 2 | C14: 2 | D14: MA | E14: =UPPER(LEFT(G14,2)) & RIGHT("0" & C14, 2) & D14 & RIGHT("0" & H14, 2) & K14 -> 1202MA03PT | F14: =VLOOKUP(B14,Course!$A$2:$R$329,2,FALSE) -> 0 | G14: =VLOOKUP(B14, Course!$A$2:$L$950, 8, FALSE) -> 12 | H14: 3 | I14: 2 | K14: PT | L14: =VLOOKUP(B14, Course!$A$1:$O$933, 14, FALSE) -> MA | M14: 1
... A865: 868 | B865: 80 | C865: 108 | D865: WG | E865: =UPPER(LEFT(G865,2)) & RIGHT("0" & C865, 2) & D865 & RIGHT("0" & H865, 2) & K865 -> 1208WG03PT | F865: =VLOOKUP(B865,Course!$A$2:$R$329,2,FALSE) -> 0 | G865: =VLOOKUP(B865, Course!$A$2:$L$950, 8, FALSE) -> 12 | H865: 3 | I865: 1 | K865: PT | L865: =VLOOKUP(B865, Course!$A$1:$O$933, 14, FALSE) -> WG | M865: 1
A866: 869 | B866: 81 | C866: 1 | D866: APv2 | E866: =UPPER(LEFT(G866,2)) & RIGHT("0" & C866, 2) & D866 & RIGHT("0" & H866, 2) & K866 -> 201APv203PT | F866: =VLOOKUP(B866,Course!$A$2:$R$329,2,FALSE) -> 0 | G866: =VLOOKUP(B866, Course!$A$2:$L$950, 8, FALSE) -> 2 | H866: 3 | I866: 1 | J866: 2022 | K866: PT | L866: =VLOOKUP(B866, Course!$A$1:$O$933, 14, FALSE) -> AP | M866: 3 | N866: heeft toets (1 star) en essay (2 stars). Deze regel staat voor de toets
A867: 870 | B867: 81 | C867: 2 | D867: APv2 | E867: =UPPER(LEFT(G867,2)) & RIGHT("0" & C867, 2) & D867 & RIGHT("0" & H867, 2) & K867 -> 202APv203PT | F867: =VLOOKUP(B867,Course!$A$2:$R$329,2,FALSE) -> 0 | G867: =VLOOKUP(B867, Course!$A$2:$L$950, 8, FALSE) -> 2 | H867: 3 | I867: 1 | J867: 2022 | K867: PT | L867: =VLOOKUP(B867, Course!$A$1:$O$933, 14, FALSE) -> AP | M867: 3 | N867: Deze heeft ook drie sterren, voor één PACE?
A868: 871 | B868: 81 | C868: 97 | D868: AP | E868: =UPPER(LEFT(G868,2)) & RIGHT("0" & C868, 2) & D868 & RIGHT("0" & H868, 2) & K868 -> 797AP00PT | F868: Apologetics I-A | G868: 7 | H868: 0 | I868: 1 | J868: 2019 | K868: PT | L868: =VLOOKUP(B868, Course!$A$1:$O$933, 14, FALSE) -> AP | M868: 1 | N868: heeft toets (1 star) en essay (2 stars). Deze regel staat voor de toets
A869: 872 | B869: 81 | C869: 102 | D869: AP | E869: =UPPER(LEFT(G869,2)) & RIGHT("0" & C869, 2) & D869 & RIGHT("0" & H869, 2) & K869 -> 702AP00PT | F869: Apologetics I-A | G869: 7 | H869: 0 | I869: 1 | J869: 2019 | K869: PT | L869: =VLOOKUP(B869, Course!$A$1:$O$933, 14, FALSE) -> AP | M869: 3
A870: 873 | B870: 92 | C870: 98 | D870: AP | E870: =UPPER(LEFT(G870,2)) & RIGHT("0" & C870, 2) & D870 & RIGHT("0" & H870, 2) & K870 -> 798AP00PT | F870: Apologetics I-B | G870: 7 | H870: 0 | I870: 1 | J870: 2019 | K870: PT | L870: =VLOOKUP(B870, Course!$A$1:$O$933, 14, FALSE) -> AP | M870: 1 | N870: 6 sterren verdeeld over vier PACEs, vandaar om en om 1 en 2 sterren.
A871: 874 | B871: 92 | C871: 99 | D871: AP | E871: =UPPER(LEFT(G871,2)) & RIGHT("0" & C871, 2) & D871 & RIGHT("0" & H871, 2) & K871 -> 799AP00PT | F871: Apologetics I-B | G871: 7 | H871: 0 | I871: 1 | J871: 2019 | K871: PT | L871: =VLOOKUP(B871, Course!$A$1:$O$933, 14, FALSE) -> AP | M871: 2 | N871: krijgen de leerlingen 6 sterren voor de PACEs en dan nog eens drie voor één essay?
A872: 875 | B872: 92 | C872: 100 | D872: AP | E872: =UPPER(LEFT(G872,2)) & RIGHT("0" & C872, 2) & D872 & RIGHT("0" & H872, 2) & K872 -> 700AP00PT | F872: Apologetics I-B | G872: 7 | H872: 0 | I872: 1 | J872: 2019 | K872: PT | L872: =VLOOKUP(B872, Course!$A$1:$O$933, 14, FALSE) -> AP | M872: 1
A873: 876 | B873: 92 | C873: 101 | D873: AP | E873: =UPPER(LEFT(G873,2)) & RIGHT("0" & C873, 2) & D873 & RIGHT("0" & H873, 2) & K873 -> 701AP00PT | F873: Apologetics I-B | G873: 7 | H873: 0 | I873: 1 | J873: 2019 | K873: PT | L873: =VLOOKUP(B873, Course!$A$1:$O$933, 14, FALSE) -> AP | M873: 2
A874: 877 | B874: 82 | C874: 1 | D874: MI | E874: =UPPER(LEFT(G874,2)) & RIGHT("0" & C874, 2) & D874 & RIGHT("0" & H874, 2) & K874 -> 601MI03PT | F874: =VLOOKUP(B874,Course!$A$2:$R$329,2,FALSE) -> 0 | G874: =VLOOKUP(B874, Course!$A$2:$L$950, 8, FALSE) -> 6 | H874: 3 | I874: 1 | K874: PT | L874: =VLOOKUP(B874, Course!$A$1:$O$933, 14, FALSE) -> MI | M874: 1
A875: 878 | B875: 82 | C875: 2 | D875: MI | E875: =UPPER(LEFT(G875,2)) & RIGHT("0" & C875, 2) & D875 & RIGHT("0" & H875, 2) & K875 -> 602MI03PT | F875: =VLOOKUP(B875,Course!$A$2:$R$329,2,FALSE) -> 0 | G875: =VLOOKUP(B875, Course!$A$2:$L$950, 8, FALSE) -> 6 | H875: 3 | I875: 1 | K875: PT | L875: =VLOOKUP(B875, Course!$A$1:$O$933, 14, FALSE) -> MI | M875: 1
A876: 879 | B876: 82 | C876: 3 | D876: MI | E876: =UPPER(LEFT(G876,2)) & RIGHT("0" & C876, 2) & D876 & RIGHT("0" & H876, 2) & K876 -> 603MI03PT | F876: =VLOOKUP(B876,Course!$A$2:$R$329,2,FALSE) -> 0 | G876: =VLOOKUP(B876, Course!$A$2:$L$950, 8, FALSE) -> 6 | H876: 3 | I876: 1 | K876: PT | L876: =VLOOKUP(B876, Course!$A$1:$O$933, 14, FALSE) -> MI | M876: 1
A877: 880 | B877: 82 | C877: 4 | D877: MI | E877: =UPPER(LEFT(G877,2)) & RIGHT("0" & C877, 2) & D877 & RIGHT("0" & H877, 2) & K877 -> 604MI03PT | F877: =VLOOKUP(B877,Course!$A$2:$R$329,2,FALSE) -> 0 | G877: =VLOOKUP(B877, Course!$A$2:$L$950, 8, FALSE) -> 6 | H877: 3 | I877: 1 | K877: PT | L877: =VLOOKUP(B877, Course!$A$1:$O$933, 14, FALSE) -> MI | M877: 1
A878: 881 | B878: 82 | C878: 5 | D878: MI | E878: =UPPER(LEFT(G878,2)) & RIGHT("0" & C878, 2) & D878 & RIGHT("0" & H878, 2) & K878 -> 605MI03PT | F878: =VLOOKUP(B878,Course!$A$2:$R$329,2,FALSE) -> 0 | G878: =VLOOKUP(B878, Course!$A$2:$L$950, 8, FALSE) -> 6 | H878: 3 | I878: 1 | K878: PT | L878: =VLOOKUP(B878, Course!$A$1:$O$933, 14, FALSE) -> MI | M878: 1
A879: 882 | B879: 82 | C879: 6 | D879: MI | E879: =UPPER(LEFT(G879,2)) & RIGHT("0" & C879, 2) & D879 & RIGHT("0" & H879, 2) & K879 -> 606MI03PT | F879: =VLOOKUP(B879,Course!$A$2:$R$329,2,FALSE) -> 0 | G879: =VLOOKUP(B879, Course!$A$2:$L$950, 8, FALSE) -> 6 | H879: 3 | I879: 1 | K879: PT | L879: =VLOOKUP(B879, Course!$A$1:$O$933, 14, FALSE) -> MI | M879: 1
A880: 883 | B880: 83 | C880: 1 | D880: SL | E880: =UPPER(LEFT(G880,2)) & RIGHT("0" & C880, 2) & D880 & RIGHT("0" & H880, 2) & K880 -> 1201SL03PT | F880: =VLOOKUP(B880,Course!$A$2:$R$329,2,FALSE) -> Successful Living | G880: =VLOOKUP(B880, Course!$A$2:$L$950, 8, FALSE) -> 12 | H880: 3 | I880: 1 | K880: PT | L880: =VLOOKUP(B880, Course!$A$1:$O$933, 14, FALSE) -> SL | M880: 1
A881: 884 | B881: 83 | C881: 2 | D881: SL | E881: =UPPER(LEFT(G881,2)) & RIGHT("0" & C881, 2) & D881 & RIGHT("0" & H881, 2) & K881 -> 1202SL03PT | F881: =VLOOKUP(B881,Course!$A$2:$R$329,2,FALSE) -> Successful Living | G881: =VLOOKUP(B881, Course!$A$2:$L$950, 8, FALSE) -> 12 | H881: 3 | I881: 1 | K881: PT | L881: =VLOOKUP(B881, Course!$A$1:$O$933, 14, FALSE) -> SL | M881: 1
A882: 885 | B882: 83 | C882: 3 | D882: SL | E882: =UPPER(LEFT(G882,2)) & RIGHT("0" & C882, 2) & D882 & RIGHT("0" & H882, 2) & K882 -> 1203SL03PT | F882: =VLOOKUP(B882,Course!$A$2:$R$329,2,FALSE) -> Successful Living | G882: =VLOOKUP(B882, Course!$A$2:$L$950, 8, FALSE) -> 12 | H882: 3 | I882: 1 | K882: PT | L882: =VLOOKUP(B882, Course!$A$1:$O$933, 14, FALSE) -> SL | M882: 1
A883: 886 | B883: 83 | C883: 4 | D883: SL | E883: =UPPER(LEFT(G883,2)) & RIGHT("0" & C883, 2) & D883 & RIGHT("0" & H883, 2) & K883 -> 1204SL03PT | F883: =VLOOKUP(B883,Course!$A$2:$R$329,2,FALSE) -> Successful Living | G883: =VLOOKUP(B883, Course!$A$2:$L$950, 8, FALSE) -> 12 | H883: 3 | I883: 1 | K883: PT | L883: =VLOOKUP(B883, Course!$A$1:$O$933, 14, FALSE) -> SL | M883: 1
A884: 887 | B884: 83 | C884: 5 | D884: SL | E884: =UPPER(LEFT(G884,2)) & RIGHT("0" & C884, 2) & D884 & RIGHT("0" & H884, 2) & K884 -> 1205SL03PT | F884: =VLOOKUP(B884,Course!$A$2:$R$329,2,FALSE) -> Successful Living | G884: =VLOOKUP(B884, Course!$A$2:$L$950, 8, FALSE) -> 12 | H884: 3 | I884: 1 | K884: PT | L884: =VLOOKUP(B884, Course!$A$1:$O$933, 14, FALSE) -> SL | M884: 1
A885: 888 | B885: 83 | C885: 6 | D885: SL | E885: =UPPER(LEFT(G885,2)) & RIGHT("0" & C885, 2) & D885 & RIGHT("0" & H885, 2) & K885 -> 1206SL03PT | F885: =VLOOKUP(B885,Course!$A$2:$R$329,2,FALSE) -> Successful Living | G885: =VLOOKUP(B885, Course!$A$2:$L$950, 8, FALSE) -> 12 | H885: 3 | I885: 1 | K885: PT | L885: =VLOOKUP(B885, Course!$A$1:$O$933, 14, FALSE) -> SL | M885: 1
... A948: 951 | B948: 91 | C948: 10 | D948: HC | E948: =UPPER(LEFT(G948,2)) & RIGHT("0" & C948, 2) & D948 & RIGHT("0" & H948, 2) & K948 -> 1010HC03PT | F948: =VLOOKUP(B948,Course!$A$2:$R$329,2,FALSE) -> History of Civilisation I | G948: =VLOOKUP(B948, Course!$A$2:$L$950, 8, FALSE) -> 10 | H948: 3 | I948: 1 | K948: PT | L948: =VLOOKUP(B948, Course!$A$1:$O$933, 14, FALSE) -> HC | M948: 2
A949: 952 | B949: 152 | C949: 7 | D949: APv2 | E949: =UPPER(LEFT(G949,2)) & RIGHT("0" & C949, 2) & D949 & RIGHT("0" & H949, 2) & K949 -> 407APv203PT | F949: Apologetics I-B | G949: =VLOOKUP(B949, Course!$A$2:$L$950, 8, FALSE) -> 4 | H949: 3 | I949: 1 | J949: 2022 | K949: PT | L949: =VLOOKUP(B949, Course!$A$1:$O$933, 14, FALSE) -> AP | M949: 1
A950: 953 | B950: 152 | C950: 8 | D950: APv2 | E950: =UPPER(LEFT(G950,2)) & RIGHT("0" & C950, 2) & D950 & RIGHT("0" & H950, 2) & K950 -> 408APv203PT | F950: Apologetics I-B | G950: =VLOOKUP(B950, Course!$A$2:$L$950, 8, FALSE) -> 4 | H950: 3 | I950: 1 | J950: 2022 | K950: PT | L950: =VLOOKUP(B950, Course!$A$1:$O$933, 14, FALSE) -> AP | M950: 2
A951: 954 | B951: 93 | C951: 1 | D951: CC | E951: =UPPER(LEFT(G951,2)) & RIGHT("0" & C951, 2) & D951 & RIGHT("0" & H951, 2) & K951 -> 501CC03PT | F951: =VLOOKUP(B951,Course!$A$2:$R$329,2,FALSE) -> 0 | G951: =VLOOKUP(B951, Course!$A$2:$L$950, 8, FALSE) -> 5 | H951: 3 | I951: 1 | K951: PT | L951: =VLOOKUP(B951, Course!$A$1:$O$933, 14, FALSE) -> CC | M951: 1
A952: 955 | B952: 93 | C952: 2 | D952: CC | E952: =UPPER(LEFT(G952,2)) & RIGHT("0" & C952, 2) & D952 & RIGHT("0" & H952, 2) & K952 -> 502CC03PT | F952: =VLOOKUP(B952,Course!$A$2:$R$329,2,FALSE) -> 0 | G952: =VLOOKUP(B952, Course!$A$2:$L$950, 8, FALSE) -> 5 | H952: 3 | I952: 1 | K952: PT | L952: =VLOOKUP(B952, Course!$A$1:$O$933, 14, FALSE) -> CC | M952: 1
A953: 956 | B953: 93 | C953: 3 | D953: CC | E953: =UPPER(LEFT(G953,2)) & RIGHT("0" & C953, 2) & D953 & RIGHT("0" & H953, 2) & K953 -> 503CC03PT | F953: =VLOOKUP(B953,Course!$A$2:$R$329,2,FALSE) -> 0 | G953: =VLOOKUP(B953, Course!$A$2:$L$950, 8, FALSE) -> 5 | H953: 3 | I953: 1 | K953: PT | L953: =VLOOKUP(B953, Course!$A$1:$O$933, 14, FALSE) -> CC | M953: 1
A954: 957 | B954: 93 | C954: 4 | D954: CC | E954: =UPPER(LEFT(G954,2)) & RIGHT("0" & C954, 2) & D954 & RIGHT("0" & H954, 2) & K954 -> 504CC03PT | F954: =VLOOKUP(B954,Course!$A$2:$R$329,2,FALSE) -> 0 | G954: =VLOOKUP(B954, Course!$A$2:$L$950, 8, FALSE) -> 5 | H954: 3 | I954: 1 | K954: PT | L954: =VLOOKUP(B954, Course!$A$1:$O$933, 14, FALSE) -> CC | M954: 1
A955: 958 | B955: 93 | C955: 5 | D955: CC | E955: =UPPER(LEFT(G955,2)) & RIGHT("0" & C955, 2) & D955 & RIGHT("0" & H955, 2) & K955 -> 505CC03PT | F955: =VLOOKUP(B955,Course!$A$2:$R$329,2,FALSE) -> 0 | G955: =VLOOKUP(B955, Course!$A$2:$L$950, 8, FALSE) -> 5 | H955: 3 | I955: 1 | K955: PT | L955: =VLOOKUP(B955, Course!$A$1:$O$933, 14, FALSE) -> CC | M955: 2 | N955: TODO
A956: 965 | B956: 95 | C956: 109 | D956: OT | E956: =UPPER(LEFT(G956,2)) & RIGHT("0" & C956, 2) & D956 & RIGHT("0" & H956, 2) & K956 -> 1209OT03PT | F956: =VLOOKUP(B956,Course!$A$2:$R$329,2,FALSE) -> Biblical Studies II | G956: =VLOOKUP(B956, Course!$A$2:$L$950, 8, FALSE) -> 12 | H956: 3 | I956: 1 | K956: PT | L956: =VLOOKUP(B956, Course!$A$1:$O$933, 14, FALSE) -> OT | M956: 1
A957: 966 | B957: 95 | C957: 110 | D957: OT | E957: =UPPER(LEFT(G957,2)) & RIGHT("0" & C957, 2) & D957 & RIGHT("0" & H957, 2) & K957 -> 1210OT03PT | F957: =VLOOKUP(B957,Course!$A$2:$R$329,2,FALSE) -> Biblical Studies II | G957: =VLOOKUP(B957, Course!$A$2:$L$950, 8, FALSE) -> 12 | H957: 3 | I957: 1 | K957: PT | L957: =VLOOKUP(B957, Course!$A$1:$O$933, 14, FALSE) -> OT | M957: 1
A958: 967 | B958: 95 | C958: 111 | D958: OT | E958: =UPPER(LEFT(G958,2)) & RIGHT("0" & C958, 2) & D958 & RIGHT("0" & H958, 2) & K958 -> 1211OT03PT | F958: =VLOOKUP(B958,Course!$A$2:$R$329,2,FALSE) -> Biblical Studies II | G958: =VLOOKUP(B958, Course!$A$2:$L$950, 8, FALSE) -> 12 | H958: 3 | I958: 1 | K958: PT | L958: =VLOOKUP(B958, Course!$A$1:$O$933, 14, FALSE) -> OT | M958: 1
A959: 968 | B959: 95 | C959: 112 | D959: OT | E959: =UPPER(LEFT(G959,2)) & RIGHT("0" & C959, 2) & D959 & RIGHT("0" & H959, 2) & K959 -> 1212OT03PT | F959: =VLOOKUP(B959,Course!$A$2:$R$329,2,FALSE) -> Biblical Studies II | G959: =VLOOKUP(B959, Course!$A$2:$L$950, 8, FALSE) -> 12 | H959: 3 | I959: 1 | K959: PT | L959: =VLOOKUP(B959, Course!$A$1:$O$933, 14, FALSE) -> OT | M959: 1
A960: 969 | B960: 95 | C960: 113 | D960: OT | E960: =UPPER(LEFT(G960,2)) & RIGHT("0" & C960, 2) & D960 & RIGHT("0" & H960, 2) & K960 -> 1213OT03PT | F960: =VLOOKUP(B960,Course!$A$2:$R$329,2,FALSE) -> Biblical Studies II | G960: =VLOOKUP(B960, Course!$A$2:$L$950, 8, FALSE) -> 12 | H960: 3 | I960: 1 | K960: PT | L960: =VLOOKUP(B960, Course!$A$1:$O$933, 14, FALSE) -> OT | M960: 1
A961: 970 | B961: 95 | C961: 114 | D961: OT | E961: =UPPER(LEFT(G961,2)) & RIGHT("0" & C961, 2) & D961 & RIGHT("0" & H961, 2) & K961 -> 1214OT03PT | F961: =VLOOKUP(B961,Course!$A$2:$R$329,2,FALSE) -> Biblical Studies II | G961: =VLOOKUP(B961, Course!$A$2:$L$950, 8, FALSE) -> 12 | H961: 3 | I961: 1 | K961: PT | L961: =VLOOKUP(B961, Course!$A$1:$O$933, 14, FALSE) -> OT | M961: 1
A962: 971 | B962: 95 | C962: 115 | D962: OT | E962: =UPPER(LEFT(G962,2)) & RIGHT("0" & C962, 2) & D962 & RIGHT("0" & H962, 2) & K962 -> 1215OT03PT | F962: =VLOOKUP(B962,Course!$A$2:$R$329,2,FALSE) -> Biblical Studies II | G962: =VLOOKUP(B962, Course!$A$2:$L$950, 8, FALSE) -> 12 | H962: 3 | I962: 1 | K962: PT | L962: =VLOOKUP(B962, Course!$A$1:$O$933, 14, FALSE) -> OT | M962: 1
A963: 972 | B963: 95 | C963: 116 | D963: OT | E963: =UPPER(LEFT(G963,2)) & RIGHT("0" & C963, 2) & D963 & RIGHT("0" & H963, 2) & K963 -> 1216OT03PT | F963: =VLOOKUP(B963,Course!$A$2:$R$329,2,FALSE) -> Biblical Studies II | G963: =VLOOKUP(B963, Course!$A$2:$L$950, 8, FALSE) -> 12 | H963: 3 | I963: 1 | K963: PT | L963: =VLOOKUP(B963, Course!$A$1:$O$933, 14, FALSE) -> OT | M963: 1
A964: 973 | B964: 95 | C964: 117 | D964: OT | E964: =UPPER(LEFT(G964,2)) & RIGHT("0" & C964, 2) & D964 & RIGHT("0" & H964, 2) & K964 -> 1217OT03PT | F964: =VLOOKUP(B964,Course!$A$2:$R$329,2,FALSE) -> Biblical Studies II | G964: =VLOOKUP(B964, Course!$A$2:$L$950, 8, FALSE) -> 12 | H964: 3 | I964: 1 | K964: PT | L964: =VLOOKUP(B964, Course!$A$1:$O$933, 14, FALSE) -> OT | M964: 1
A965: 974 | B965: 95 | C965: 118 | D965: OT | E965: =UPPER(LEFT(G965,2)) & RIGHT("0" & C965, 2) & D965 & RIGHT("0" & H965, 2) & K965 -> 1218OT03PT | F965: =VLOOKUP(B965,Course!$A$2:$R$329,2,FALSE) -> Biblical Studies II | G965: =VLOOKUP(B965, Course!$A$2:$L$950, 8, FALSE) -> 12 | H965: 3 | I965: 1 | K965: PT | L965: =VLOOKUP(B965, Course!$A$1:$O$933, 14, FALSE) -> OT | M965: 1
A966: 975 | B966: 95 | C966: 119 | D966: OT | E966: =UPPER(LEFT(G966,2)) & RIGHT("0" & C966, 2) & D966 & RIGHT("0" & H966, 2) & K966 -> 1219OT03PT | F966: =VLOOKUP(B966,Course!$A$2:$R$329,2,FALSE) -> Biblical Studies II | G966: =VLOOKUP(B966, Course!$A$2:$L$950, 8, FALSE) -> 12 | H966: 3 | I966: 1 | K966: PT | L966: =VLOOKUP(B966, Course!$A$1:$O$933, 14, FALSE) -> OT | M966: 1
A967: 976 | B967: 95 | C967: 120 | D967: OT | E967: =UPPER(LEFT(G967,2)) & RIGHT("0" & C967, 2) & D967 & RIGHT("0" & H967, 2) & K967 -> 1220OT03PT | F967: =VLOOKUP(B967,Course!$A$2:$R$329,2,FALSE) -> Biblical Studies II | G967: =VLOOKUP(B967, Course!$A$2:$L$950, 8, FALSE) -> 12 | H967: 3 | I967: 1 | K967: PT | L967: =VLOOKUP(B967, Course!$A$1:$O$933, 14, FALSE) -> OT | M967: 1
... A1195: 1204 | B1195: 123 | C1195: 9 | D1195: CC | E1195: =UPPER(LEFT(G1195,2)) & RIGHT("0" & C1195, 2) & D1195 & RIGHT("0" & H1195, 2) & K1195 -> 509CC03PT | F1195: =VLOOKUP(B1195,Course!$A$2:$R$329,2,FALSE) -> 0 | G1195: =VLOOKUP(B1195, Course!$A$2:$L$950, 8, FALSE) -> 5 | H1195: 3 | I1195: 1 | K1195: PT | L1195: =VLOOKUP(B1195, Course!$A$1:$O$933, 14, FALSE) -> CC | M1195: 1
A1196: 1205 | B1196: 123 | C1196: 10 | D1196: CC | E1196: =UPPER(LEFT(G1196,2)) & RIGHT("0" & C1196, 2) & D1196 & RIGHT("0" & H1196, 2) & K1196 -> 510CC03PT | F1196: =VLOOKUP(B1196,Course!$A$2:$R$329,2,FALSE) -> 0 | G1196: =VLOOKUP(B1196, Course!$A$2:$L$950, 8, FALSE) -> 5 | H1196: 3 | I1196: 1 | K1196: PT | L1196: =VLOOKUP(B1196, Course!$A$1:$O$933, 14, FALSE) -> CC | M1196: 2 | N1196: TODO
A1197: 1206 | B1197: 124 | C1197: 133 | D1197: CG | E1197: =UPPER(LEFT(G1197,2)) & RIGHT("0" & C1197, 2) & D1197 & RIGHT("0" & H1197, 2) & K1197 -> 633CG03PT | F1197: =VLOOKUP(B1197,Course!$A$2:$R$329,2,FALSE) -> Basic Christian Growth | G1197: =VLOOKUP(B1197, Course!$A$2:$L$950, 8, FALSE) -> 6 | H1197: 3 | I1197: 1 | K1197: PT | L1197: =VLOOKUP(B1197, Course!$A$1:$O$933, 14, FALSE) -> CG | M1197: 1
A1198: 1207 | B1198: 124 | C1198: 134 | D1198: CG | E1198: =UPPER(LEFT(G1198,2)) & RIGHT("0" & C1198, 2) & D1198 & RIGHT("0" & H1198, 2) & K1198 -> 634CG03PT | F1198: =VLOOKUP(B1198,Course!$A$2:$R$329,2,FALSE) -> Basic Christian Growth | G1198: =VLOOKUP(B1198, Course!$A$2:$L$950, 8, FALSE) -> 6 | H1198: 3 | I1198: 1 | K1198: PT | L1198: =VLOOKUP(B1198, Course!$A$1:$O$933, 14, FALSE) -> CG | M1198: 1
A1199: 1208 | B1199: 124 | C1199: 135 | D1199: CG | E1199: =UPPER(LEFT(G1199,2)) & RIGHT("0" & C1199, 2) & D1199 & RIGHT("0" & H1199, 2) & K1199 -> 635CG03PT | F1199: =VLOOKUP(B1199,Course!$A$2:$R$329,2,FALSE) -> Basic Christian Growth | G1199: =VLOOKUP(B1199, Course!$A$2:$L$950, 8, FALSE) -> 6 | H1199: 3 | I1199: 1 | K1199: PT | L1199: =VLOOKUP(B1199, Course!$A$1:$O$933, 14, FALSE) -> CG | M1199: 1
A1200: 1209 | B1200: 124 | C1200: 136 | D1200: CG | E1200: =UPPER(LEFT(G1200,2)) & RIGHT("0" & C1200, 2) & D1200 & RIGHT("0" & H1200, 2) & K1200 -> 636CG03PT | F1200: =VLOOKUP(B1200,Course!$A$2:$R$329,2,FALSE) -> Basic Christian Growth | G1200: =VLOOKUP(B1200, Course!$A$2:$L$950, 8, FALSE) -> 6 | H1200: 3 | I1200: 1 | K1200: PT | L1200: =VLOOKUP(B1200, Course!$A$1:$O$933, 14, FALSE) -> CG | M1200: 1
A1201: 1210 | B1201: 124 | C1201: 137 | D1201: CG | E1201: =UPPER(LEFT(G1201,2)) & RIGHT("0" & C1201, 2) & D1201 & RIGHT("0" & H1201, 2) & K1201 -> 637CG03PT | F1201: =VLOOKUP(B1201,Course!$A$2:$R$329,2,FALSE) -> Basic Christian Growth | G1201: =VLOOKUP(B1201, Course!$A$2:$L$950, 8, FALSE) -> 6 | H1201: 3 | I1201: 1 | K1201: PT | L1201: =VLOOKUP(B1201, Course!$A$1:$O$933, 14, FALSE) -> CG | M1201: 1
A1202: 1211 | B1202: 124 | C1202: 138 | D1202: CG | E1202: =UPPER(LEFT(G1202,2)) & RIGHT("0" & C1202, 2) & D1202 & RIGHT("0" & H1202, 2) & K1202 -> 638CG03PT | F1202: =VLOOKUP(B1202,Course!$A$2:$R$329,2,FALSE) -> Basic Christian Growth | G1202: =VLOOKUP(B1202, Course!$A$2:$L$950, 8, FALSE) -> 6 | H1202: 3 | I1202: 1 | K1202: PT | L1202: =VLOOKUP(B1202, Course!$A$1:$O$933, 14, FALSE) -> CG | M1202: 1
A1203: 1212 | B1203: 162 | C1203: 1 | D1203: BC | E1203: =UPPER(LEFT(G1203,2)) & RIGHT("0" & C1203, 2) & D1203 & RIGHT("0" & H1203, 2) & K1203 -> 1001BC03PT | F1203: =VLOOKUP(B1203,Course!$A$2:$R$329,2,FALSE) -> Basic Biographies of Christians | G1203: =VLOOKUP(B1203, Course!$A$2:$L$950, 8, FALSE) -> 10 | H1203: 3 | I1203: 1 | K1203: PT | L1203: =VLOOKUP(B1203, Course!$A$1:$O$933, 14, FALSE) -> BC | M1203: 1
A1204: 1213 | B1204: 162 | C1204: 2 | D1204: BC | E1204: =UPPER(LEFT(G1204,2)) & RIGHT("0" & C1204, 2) & D1204 & RIGHT("0" & H1204, 2) & K1204 -> 1002BC03PT | F1204: =VLOOKUP(B1204,Course!$A$2:$R$329,2,FALSE) -> Basic Biographies of Christians | G1204: =VLOOKUP(B1204, Course!$A$2:$L$950, 8, FALSE) -> 10 | H1204: 3 | I1204: 1 | K1204: PT | L1204: =VLOOKUP(B1204, Course!$A$1:$O$933, 14, FALSE) -> BC | M1204: 1
A1205: 1214 | B1205: 162 | C1205: 3 | D1205: BC | E1205: =UPPER(LEFT(G1205,2)) & RIGHT("0" & C1205, 2) & D1205 & RIGHT("0" & H1205, 2) & K1205 -> 1003BC03PT | F1205: =VLOOKUP(B1205,Course!$A$2:$R$329,2,FALSE) -> Basic Biographies of Christians | G1205: =VLOOKUP(B1205, Course!$A$2:$L$950, 8, FALSE) -> 10 | H1205: 3 | I1205: 1 | K1205: PT | L1205: =VLOOKUP(B1205, Course!$A$1:$O$933, 14, FALSE) -> BC | M1205: 1
A1206: 1215 | B1206: 162 | C1206: 4 | D1206: BC | E1206: =UPPER(LEFT(G1206,2)) & RIGHT("0" & C1206, 2) & D1206 & RIGHT("0" & H1206, 2) & K1206 -> 1004BC03PT | F1206: =VLOOKUP(B1206,Course!$A$2:$R$329,2,FALSE) -> Basic Biographies of Christians | G1206: =VLOOKUP(B1206, Course!$A$2:$L$950, 8, FALSE) -> 10 | H1206: 3 | I1206: 1 | K1206: PT | L1206: =VLOOKUP(B1206, Course!$A$1:$O$933, 14, FALSE) -> BC | M1206: 1
A1207: 1216 | B1207: 162 | C1207: 5 | D1207: BC | E1207: =UPPER(LEFT(G1207,2)) & RIGHT("0" & C1207, 2) & D1207 & RIGHT("0" & H1207, 2) & K1207 -> 1005BC03PT | F1207: =VLOOKUP(B1207,Course!$A$2:$R$329,2,FALSE) -> Basic Biographies of Christians | G1207: =VLOOKUP(B1207, Course!$A$2:$L$950, 8, FALSE) -> 10 | H1207: 3 | I1207: 1 | K1207: PT | L1207: =VLOOKUP(B1207, Course!$A$1:$O$933, 14, FALSE) -> BC | M1207: 1
A1208: 1217 | B1208: 162 | C1208: 6 | D1208: BC | E1208: =UPPER(LEFT(G1208,2)) & RIGHT("0" & C1208, 2) & D1208 & RIGHT("0" & H1208, 2) & K1208 -> 1006BC03PT | F1208: =VLOOKUP(B1208,Course!$A$2:$R$329,2,FALSE) -> Basic Biographies of Christians | G1208: =VLOOKUP(B1208, Course!$A$2:$L$950, 8, FALSE) -> 10 | H1208: 3 | I1208: 1 | K1208: PT | L1208: =VLOOKUP(B1208, Course!$A$1:$O$933, 14, FALSE) -> BC | M1208: 1
... A1250: 1261 | B1250: 131 | C1250: 144 | D1250: LC | E1250: =UPPER(LEFT(G1250,2)) & RIGHT("0" & C1250, 2) & D1250 & RIGHT("0" & H1250, 2) & K1250 -> 1244LC03PT | F1250: =VLOOKUP(B1250,Course!$A$2:$R$329,2,FALSE) -> 0 | G1250: =VLOOKUP(B1250, Course!$A$2:$L$950, 8, FALSE) -> 12 | H1250: 3 | I1250: 1 | K1250: PT | L1250: =VLOOKUP(B1250, Course!$A$1:$O$933, 14, FALSE) -> LC | M1250: 1
A1251: 1262 | B1251: 129 | C1251: 1 | D1251: IB | E1251: =UPPER(LEFT(G1251,2)) & RIGHT("0" & C1251, 2) & D1251 & RIGHT("0" & H1251, 2) & K1251 -> 601IB03PT | F1251: =VLOOKUP(B1251,Course!$A$2:$R$329,2,FALSE) -> 0 | G1251: =VLOOKUP(B1251, Course!$A$2:$L$950, 8, FALSE) -> 6 | H1251: 3 | I1251: 1 | K1251: PT | L1251: =VLOOKUP(B1251, Course!$A$1:$O$933, 14, FALSE) -> IB | M1251: 1 | N1251: PACE + Activity Pac
A1252: 1263 | B1252: 129 | C1252: 2 | D1252: IB | E1252: =UPPER(LEFT(G1252,2)) & RIGHT("0" & C1252, 2) & D1252 & RIGHT("0" & H1252, 2) & K1252 -> 602IB03PT | F1252: =VLOOKUP(B1252,Course!$A$2:$R$329,2,FALSE) -> 0 | G1252: =VLOOKUP(B1252, Course!$A$2:$L$950, 8, FALSE) -> 6 | H1252: 3 | I1252: 1 | K1252: PT | L1252: =VLOOKUP(B1252, Course!$A$1:$O$933, 14, FALSE) -> IB | M1252: 1 | N1252: PACE + Activity Pac
A1253: 1264 | B1253: 129 | C1253: 3 | D1253: IB | E1253: =UPPER(LEFT(G1253,2)) & RIGHT("0" & C1253, 2) & D1253 & RIGHT("0" & H1253, 2) & K1253 -> 603IB03PT | F1253: =VLOOKUP(B1253,Course!$A$2:$R$329,2,FALSE) -> 0 | G1253: =VLOOKUP(B1253, Course!$A$2:$L$950, 8, FALSE) -> 6 | H1253: 3 | I1253: 1 | K1253: PT | L1253: =VLOOKUP(B1253, Course!$A$1:$O$933, 14, FALSE) -> IB | M1253: 1 | N1253: PACE + Activity Pac
A1254: 1265 | B1254: 129 | C1254: 4 | D1254: IB | E1254: =UPPER(LEFT(G1254,2)) & RIGHT("0" & C1254, 2) & D1254 & RIGHT("0" & H1254, 2) & K1254 -> 604IB03PT | F1254: =VLOOKUP(B1254,Course!$A$2:$R$329,2,FALSE) -> 0 | G1254: =VLOOKUP(B1254, Course!$A$2:$L$950, 8, FALSE) -> 6 | H1254: 3 | I1254: 1 | K1254: PT | L1254: =VLOOKUP(B1254, Course!$A$1:$O$933, 14, FALSE) -> IB | M1254: 1 | N1254: PACE + Activity Pac
A1255: 1266 | B1255: 129 | C1255: 5 | D1255: IB | E1255: =UPPER(LEFT(G1255,2)) & RIGHT("0" & C1255, 2) & D1255 & RIGHT("0" & H1255, 2) & K1255 -> 605IB03PT | F1255: =VLOOKUP(B1255,Course!$A$2:$R$329,2,FALSE) -> 0 | G1255: =VLOOKUP(B1255, Course!$A$2:$L$950, 8, FALSE) -> 6 | H1255: 3 | I1255: 1 | K1255: PT | L1255: =VLOOKUP(B1255, Course!$A$1:$O$933, 14, FALSE) -> IB | M1255: 1 | N1255: PACE + Activity Pac
A1256: 1267 | B1256: 129 | C1256: 6 | D1256: IB | E1256: =UPPER(LEFT(G1256,2)) & RIGHT("0" & C1256, 2) & D1256 & RIGHT("0" & H1256, 2) & K1256 -> 606IB03PT | F1256: =VLOOKUP(B1256,Course!$A$2:$R$329,2,FALSE) -> 0 | G1256: =VLOOKUP(B1256, Course!$A$2:$L$950, 8, FALSE) -> 6 | H1256: 3 | I1256: 1 | K1256: PT | L1256: =VLOOKUP(B1256, Course!$A$1:$O$933, 14, FALSE) -> IB | M1256: 1 | N1256: PACE + Activity Pac
A1257: 1268 | B1257: 147 | C1257: 49 | D1257: UK | E1257: =UPPER(LEFT(G1257,2)) & RIGHT("0" & C1257, 2) & D1257 & RIGHT("0" & H1257, 2) & K1257 -> 1249UK03PT | F1257: =VLOOKUP(B1257,Course!$A$2:$R$329,2,FALSE) -> 0 | G1257: =VLOOKUP(B1257, Course!$A$2:$L$950, 8, FALSE) -> 12 | H1257: 3 | I1257: 1 | K1257: PT | L1257: =VLOOKUP(B1257, Course!$A$1:$O$933, 14, FALSE) -> UK | M1257: 1
A1258: 1269 | B1258: 147 | C1258: 50 | D1258: UK | E1258: =UPPER(LEFT(G1258,2)) & RIGHT("0" & C1258, 2) & D1258 & RIGHT("0" & H1258, 2) & K1258 -> 1250UK03PT | F1258: =VLOOKUP(B1258,Course!$A$2:$R$329,2,FALSE) -> 0 | G1258: =VLOOKUP(B1258, Course!$A$2:$L$950, 8, FALSE) -> 12 | H1258: 3 | I1258: 1 | K1258: PT | L1258: =VLOOKUP(B1258, Course!$A$1:$O$933, 14, FALSE) -> UK | M1258: 1
A1259: 1270 | B1259: 147 | C1259: 51 | D1259: UK | E1259: =UPPER(LEFT(G1259,2)) & RIGHT("0" & C1259, 2) & D1259 & RIGHT("0" & H1259, 2) & K1259 -> 1251UK03PT | F1259: =VLOOKUP(B1259,Course!$A$2:$R$329,2,FALSE) -> 0 | G1259: =VLOOKUP(B1259, Course!$A$2:$L$950, 8, FALSE) -> 12 | H1259: 3 | I1259: 1 | K1259: PT | L1259: =VLOOKUP(B1259, Course!$A$1:$O$933, 14, FALSE) -> UK | M1259: 1
A1260: 1271 | B1260: 147 | C1260: 52 | D1260: UK | E1260: =UPPER(LEFT(G1260,2)) & RIGHT("0" & C1260, 2) & D1260 & RIGHT("0" & H1260, 2) & K1260 -> 1252UK03PT | F1260: =VLOOKUP(B1260,Course!$A$2:$R$329,2,FALSE) -> 0 | G1260: =VLOOKUP(B1260, Course!$A$2:$L$950, 8, FALSE) -> 12 | H1260: 3 | I1260: 1 | K1260: PT | L1260: =VLOOKUP(B1260, Course!$A$1:$O$933, 14, FALSE) -> UK | M1260: 1
A1261: 1272 | B1261: 147 | C1261: 53 | D1261: UK | E1261: =UPPER(LEFT(G1261,2)) & RIGHT("0" & C1261, 2) & D1261 & RIGHT("0" & H1261, 2) & K1261 -> 1253UK03PT | F1261: =VLOOKUP(B1261,Course!$A$2:$R$329,2,FALSE) -> 0 | G1261: =VLOOKUP(B1261, Course!$A$2:$L$950, 8, FALSE) -> 12 | H1261: 3 | I1261: 1 | K1261: PT | L1261: =VLOOKUP(B1261, Course!$A$1:$O$933, 14, FALSE) -> UK | M1261: 1
A1262: 1273 | B1262: 147 | C1262: 54 | D1262: UK | E1262: =UPPER(LEFT(G1262,2)) & RIGHT("0" & C1262, 2) & D1262 & RIGHT("0" & H1262, 2) & K1262 -> 1254UK03PT | F1262: =VLOOKUP(B1262,Course!$A$2:$R$329,2,FALSE) -> 0 | G1262: =VLOOKUP(B1262, Course!$A$2:$L$950, 8, FALSE) -> 12 | H1262: 3 | I1262: 1 | K1262: PT | L1262: =VLOOKUP(B1262, Course!$A$1:$O$933, 14, FALSE) -> UK | M1262: 1
A1263: 1274 | B1263: 147 | C1263: 55 | D1263: UK | E1263: =UPPER(LEFT(G1263,2)) & RIGHT("0" & C1263, 2) & D1263 & RIGHT("0" & H1263, 2) & K1263 -> 1255UK03PT | F1263: =VLOOKUP(B1263,Course!$A$2:$R$329,2,FALSE) -> 0 | G1263: =VLOOKUP(B1263, Course!$A$2:$L$950, 8, FALSE) -> 12 | H1263: 3 | I1263: 1 | K1263: PT | L1263: =VLOOKUP(B1263, Course!$A$1:$O$933, 14, FALSE) -> UK | M1263: 1
A1264: 1275 | B1264: 147 | C1264: 56 | D1264: UK | E1264: =UPPER(LEFT(G1264,2)) & RIGHT("0" & C1264, 2) & D1264 & RIGHT("0" & H1264, 2) & K1264 -> 1256UK03PT | F1264: =VLOOKUP(B1264,Course!$A$2:$R$329,2,FALSE) -> 0 | G1264: =VLOOKUP(B1264, Course!$A$2:$L$950, 8, FALSE) -> 12 | H1264: 3 | I1264: 1 | K1264: PT | L1264: =VLOOKUP(B1264, Course!$A$1:$O$933, 14, FALSE) -> UK | M1264: 1
A1265: 1276 | B1265: 147 | C1265: 57 | D1265: UK | E1265: =UPPER(LEFT(G1265,2)) & RIGHT("0" & C1265, 2) & D1265 & RIGHT("0" & H1265, 2) & K1265 -> 1257UK03PT | F1265: =VLOOKUP(B1265,Course!$A$2:$R$329,2,FALSE) -> 0 | G1265: =VLOOKUP(B1265, Course!$A$2:$L$950, 8, FALSE) -> 12 | H1265: 3 | I1265: 1 | K1265: PT | L1265: =VLOOKUP(B1265, Course!$A$1:$O$933, 14, FALSE) -> UK | M1265: 1
A1266: 1277 | B1266: 147 | C1266: 58 | D1266: UK | E1266: =UPPER(LEFT(G1266,2)) & RIGHT("0" & C1266, 2) & D1266 & RIGHT("0" & H1266, 2) & K1266 -> 1258UK03PT | F1266: =VLOOKUP(B1266,Course!$A$2:$R$329,2,FALSE) -> 0 | G1266: =VLOOKUP(B1266, Course!$A$2:$L$950, 8, FALSE) -> 12 | H1266: 3 | I1266: 1 | K1266: PT | L1266: =VLOOKUP(B1266, Course!$A$1:$O$933, 14, FALSE) -> UK | M1266: 1
A1267: 1278 | B1267: 147 | C1267: 59 | D1267: UK | E1267: =UPPER(LEFT(G1267,2)) & RIGHT("0" & C1267, 2) & D1267 & RIGHT("0" & H1267, 2) & K1267 -> 1259UK03PT | F1267: =VLOOKUP(B1267,Course!$A$2:$R$329,2,FALSE) -> 0 | G1267: =VLOOKUP(B1267, Course!$A$2:$L$950, 8, FALSE) -> 12 | H1267: 3 | I1267: 1 | K1267: PT | L1267: =VLOOKUP(B1267, Course!$A$1:$O$933, 14, FALSE) -> UK | M1267: 1
A1268: 1279 | B1268: 147 | C1268: 60 | D1268: UK | E1268: =UPPER(LEFT(G1268,2)) & RIGHT("0" & C1268, 2) & D1268 & RIGHT("0" & H1268, 2) & K1268 -> 1260UK03PT | F1268: =VLOOKUP(B1268,Course!$A$2:$R$329,2,FALSE) -> 0 | G1268: =VLOOKUP(B1268, Course!$A$2:$L$950, 8, FALSE) -> 12 | H1268: 3 | I1268: 1 | K1268: PT | L1268: =VLOOKUP(B1268, Course!$A$1:$O$933, 14, FALSE) -> UK | M1268: 1
... A1296: 1307 | B1296: 146 | C1296: 104 | D1296: LI | E1296: =UPPER(LEFT(G1296,2)) & RIGHT("0" & C1296, 2) & D1296 & RIGHT("0" & H1296, 2) & K1296 -> 1104LI03PT | F1296: =VLOOKUP(B1296,Course!$A$2:$R$329,2,FALSE) -> 0 | G1296: =VLOOKUP(B1296, Course!$A$2:$L$950, 8, FALSE) -> 11 | H1296: 3 | I1296: 1 | K1296: PT | L1296: =VLOOKUP(B1296, Course!$A$1:$O$933, 14, FALSE) -> LC | M1296: 1
A1297: 1308 | B1297: 146 | C1297: 106 | D1297: LI | E1297: =UPPER(LEFT(G1297,2)) & RIGHT("0" & C1297, 2) & D1297 & RIGHT("0" & H1297, 2) & K1297 -> 1106LI03PT | F1297: =VLOOKUP(B1297,Course!$A$2:$R$329,2,FALSE) -> 0 | G1297: =VLOOKUP(B1297, Course!$A$2:$L$950, 8, FALSE) -> 11 | H1297: 3 | I1297: 1 | K1297: PT | L1297: =VLOOKUP(B1297, Course!$A$1:$O$933, 14, FALSE) -> LC | M1297: 1 | N1297: Did Man Just Happen? Deprecated.
A1298: 1309 | B1298: 146 | C1298: 108 | D1298: LI | E1298: =UPPER(LEFT(G1298,2)) & RIGHT("0" & C1298, 2) & D1298 & RIGHT("0" & H1298, 2) & K1298 -> 1108LI03PT | F1298: =VLOOKUP(B1298,Course!$A$2:$R$329,2,FALSE) -> 0 | G1298: =VLOOKUP(B1298, Course!$A$2:$L$950, 8, FALSE) -> 11 | H1298: 3 | I1298: 1 | K1298: PT | L1298: =VLOOKUP(B1298, Course!$A$1:$O$933, 14, FALSE) -> LC | M1298: 1
A1299: 1310 | B1299: 159 | C1299: 85 | D1299: PS | E1299: =UPPER(LEFT(G1299,2)) & RIGHT("0" & C1299, 2) & D1299 & RIGHT("0" & H1299, 2) & K1299 -> 485PS03PT | F1299: AEE Physical Science | G1299: =VLOOKUP(B1299, Course!$A$2:$L$950, 8, FALSE) -> 4 | H1299: 3 | I1299: 1 | K1299: PT | L1299: =VLOOKUP(B1299, Course!$A$1:$O$933, 14, FALSE) -> SC | M1299: 1
A1300: 1311 | B1300: 159 | C1300: 86 | D1300: PS | E1300: =UPPER(LEFT(G1300,2)) & RIGHT("0" & C1300, 2) & D1300 & RIGHT("0" & H1300, 2) & K1300 -> 486PS03PT | F1300: AEE Physical Science | G1300: =VLOOKUP(B1300, Course!$A$2:$L$950, 8, FALSE) -> 4 | H1300: 3 | I1300: 1 | K1300: PT | L1300: =VLOOKUP(B1300, Course!$A$1:$O$933, 14, FALSE) -> SC | M1300: 2
A1301: 1312 | B1301: 159 | C1301: 87 | D1301: PS | E1301: =UPPER(LEFT(G1301,2)) & RIGHT("0" & C1301, 2) & D1301 & RIGHT("0" & H1301, 2) & K1301 -> 487PS03PT | F1301: AEE Physical Science | G1301: =VLOOKUP(B1301, Course!$A$2:$L$950, 8, FALSE) -> 4 | H1301: 3 | I1301: 1 | K1301: PT | L1301: =VLOOKUP(B1301, Course!$A$1:$O$933, 14, FALSE) -> SC | M1301: 1
A1302: 1313 | B1302: 159 | C1302: 88 | D1302: PS | E1302: =UPPER(LEFT(G1302,2)) & RIGHT("0" & C1302, 2) & D1302 & RIGHT("0" & H1302, 2) & K1302 -> 488PS03PT | F1302: AEE Physical Science | G1302: =VLOOKUP(B1302, Course!$A$2:$L$950, 8, FALSE) -> 4 | H1302: 3 | I1302: 1 | K1302: PT | L1302: =VLOOKUP(B1302, Course!$A$1:$O$933, 14, FALSE) -> SC | M1302: 2
A1303: 1314 | B1303: 160 | C1303: 97 | D1303: PS | E1303: =UPPER(LEFT(G1303,2)) & RIGHT("0" & C1303, 2) & D1303 & RIGHT("0" & H1303, 2) & K1303 -> 497PS03PT | F1303: AEE Physical Science | G1303: =VLOOKUP(B1303, Course!$A$2:$L$950, 8, FALSE) -> 4 | H1303: 3 | I1303: 1 | K1303: PT | L1303: =VLOOKUP(B1303, Course!$A$1:$O$933, 14, FALSE) -> SC | M1303: 1
A1304: 1315 | B1304: 160 | C1304: 98 | D1304: PS | E1304: =UPPER(LEFT(G1304,2)) & RIGHT("0" & C1304, 2) & D1304 & RIGHT("0" & H1304, 2) & K1304 -> 498PS03PT | F1304: AEE Physical Science | G1304: =VLOOKUP(B1304, Course!$A$2:$L$950, 8, FALSE) -> 4 | H1304: 3 | I1304: 1 | K1304: PT | L1304: =VLOOKUP(B1304, Course!$A$1:$O$933, 14, FALSE) -> SC | M1304: 2
A1305: 1316 | B1305: 160 | C1305: 99 | D1305: PS | E1305: =UPPER(LEFT(G1305,2)) & RIGHT("0" & C1305, 2) & D1305 & RIGHT("0" & H1305, 2) & K1305 -> 499PS03PT | F1305: AEE Physical Science | G1305: =VLOOKUP(B1305, Course!$A$2:$L$950, 8, FALSE) -> 4 | H1305: 3 | I1305: 1 | K1305: PT | L1305: =VLOOKUP(B1305, Course!$A$1:$O$933, 14, FALSE) -> SC | M1305: 1
A1306: 1317 | B1306: 160 | C1306: 100 | D1306: PS | E1306: =UPPER(LEFT(G1306,2)) & RIGHT("0" & C1306, 2) & D1306 & RIGHT("0" & H1306, 2) & K1306 -> 400PS03PT | F1306: AEE Physical Science | G1306: =VLOOKUP(B1306, Course!$A$2:$L$950, 8, FALSE) -> 4 | H1306: 3 | I1306: 1 | K1306: PT | L1306: =VLOOKUP(B1306, Course!$A$1:$O$933, 14, FALSE) -> SC | M1306: 2
A1307: 1318 | B1307: 97 | C1307: 1 | D1307: ICT | E1307: =UPPER(LEFT(G1307,2)) & RIGHT("0" & C1307, 2) & D1307 & RIGHT("0" & H1307, 2) & K1307 -> 101ICT03PT | F1307: ICT Digital Savvy | G1307: =VLOOKUP(B1307, Course!$A$2:$L$950, 8, FALSE) -> 1 | H1307: 3 | I1307: 1 | K1307: PT | L1307: =VLOOKUP(B1307, Course!$A$1:$O$933, 14, FALSE) -> IC | M1307: 0
...

Sheet Links
A1: https://shop.christian.education/
A2: https://www.icce.education/course-list

Sheet CourseWorkICCE_Certificate
A1: ID | B1: CertificateID | C1: Certificate+ | D1: CourseID | E1: Course+
A2: 1 | B2: 2 | C2: =VLOOKUP(B2,ICCE_Certificate!$A$2:$B$9, 2, FALSE) -> General Level 9 | D2: 133 | E2: =VLOOKUP(D2,Course!$A$1:$C$147, 2, FALSE) -> 0
A3: 2 | B3: 2 | C3: =VLOOKUP(B3,ICCE_Certificate!$A$2:$B$9, 2, FALSE) -> General Level 9 | D3: 134 | E3: =VLOOKUP(D3,Course!$A$1:$C$147, 2, FALSE) -> 0
A4: 3 | B4: 3 | C4: =VLOOKUP(B4,ICCE_Certificate!$A$2:$B$9, 2, FALSE) -> Intermediate | D4: 135 | E4: =VLOOKUP(D4,Course!$A$1:$C$147, 2, FALSE) -> 0
A5: 4 | B5: 3 | C5: =VLOOKUP(B5,ICCE_Certificate!$A$2:$B$9, 2, FALSE) -> Intermediate | D5: 136 | E5: =VLOOKUP(D5,Course!$A$1:$C$147, 2, FALSE) -> 0
A6: 5 | B6: 3 | C6: =VLOOKUP(B6,ICCE_Certificate!$A$2:$B$9, 2, FALSE) -> Intermediate | D6: 137 | E6: =VLOOKUP(D6,Course!$A$1:$C$147, 2, FALSE) -> 0
A7: 6 | B7: 3 | C7: =VLOOKUP(B7,ICCE_Certificate!$A$2:$B$9, 2, FALSE) -> Intermediate | D7: 138 | E7: =VLOOKUP(D7,Course!$A$1:$C$147, 2, FALSE) -> 0
A8: 7 | B8: 4 | C8: =VLOOKUP(B8,ICCE_Certificate!$A$2:$B$9, 2, FALSE) -> Advanced | D8: 139 | E8: =VLOOKUP(D8,Course!$A$1:$C$147, 2, FALSE) -> 0
A9: 8 | B9: 4 | C9: =VLOOKUP(B9,ICCE_Certificate!$A$2:$B$9, 2, FALSE) -> Advanced | D9: 140 | E9: =VLOOKUP(D9,Course!$A$1:$C$147, 2, FALSE) -> 0
A10: 9 | B10: 4 | C10: =VLOOKUP(B10,ICCE_Certificate!$A$2:$B$9, 2, FALSE) -> Advanced | D10: 141 | E10: =VLOOKUP(D10,Course!$A$1:$C$147, 2, FALSE) -> 0
A11: 10 | B11: 4 | C11: =VLOOKUP(B11,ICCE_Certificate!$A$2:$B$9, 2, FALSE) -> Advanced | D11: 142 | E11: =VLOOKUP(D11,Course!$A$1:$C$147, 2, FALSE) -> 0
A12: 11 | B12: 4 | C12: =VLOOKUP(B12,ICCE_Certificate!$A$2:$B$9, 2, FALSE) -> Advanced | D12: 143 | E12: =VLOOKUP(D12,Course!$A$1:$C$147, 2, FALSE) -> 0
A13: 12 | B13: 4 | C13: =VLOOKUP(B13,ICCE_Certificate!$A$2:$B$9, 2, FALSE) -> Advanced | D13: 144 | E13: =VLOOKUP(D13,Course!$A$1:$C$147, 2, FALSE) -> 0
... A26: 25 | B26: 8 | C26: =VLOOKUP(B26,ICCE_Certificate!$A$2:$B$9, 2, FALSE) -> Advanced Science Bias | D26: 144 | E26: =VLOOKUP(D26,Course!$A$1:$C$147, 2, FALSE) -> 0

Sheet EnrollmentCourses__
A1: ID | B1: EnrollmentID | C1: EnrollmentName | D1: CourseID | E1: CourseName__ | F1: StudentID | G1: CertificateID
A2: 1 | B2: 11 | C2: =VLOOKUP(B2, Enrollment!$A$2:$D$101, 4, FALSE) -> NT Church History / Life of Christ | E2: =VLOOKUP(D2, Course!$A$2:$C$136, 2, FALSE) -> #N/A | F2: 2 | G2: 6
A3: 2 | B3: 12 | C3: =VLOOKUP(B3, Enrollment!$A$2:$D$101, 4, FALSE) -> Apologetics III | E3: =VLOOKUP(D3, Course!$A$2:$C$136, 2, FALSE) -> #N/A | F3: 2 | G3: 6
A4: 3 | B4: 13 | C4: =VLOOKUP(B4, Enrollment!$A$2:$D$101, 4, FALSE) -> Algebra II | E4: =VLOOKUP(D4, Course!$A$2:$C$136, 2, FALSE) -> #N/A | F4: 2 | G4: 6
A5: 4 | B5: 14 | C5: =VLOOKUP(B5, Enrollment!$A$2:$D$101, 4, FALSE) -> Trigonometry | E5: =VLOOKUP(D5, Course!$A$2:$C$136, 2, FALSE) -> #N/A | F5: 2 | G5: 6
A6: 5 | B6: 15 | C6: =VLOOKUP(B6, Enrollment!$A$2:$D$101, 4, FALSE) -> Higher Maths | E6: =VLOOKUP(D6, Course!$A$2:$C$136, 2, FALSE) -> #N/A | F6: 2 | G6: 6
A7: 6 | B7: 16 | C7: =VLOOKUP(B7, Enrollment!$A$2:$D$101, 4, FALSE) -> College Maths I | E7: =VLOOKUP(D7, Course!$A$2:$C$136, 2, FALSE) -> #N/A | F7: 2 | G7: 6
A8: 7 | B8: 17 | C8: =VLOOKUP(B8, Enrollment!$A$2:$D$101, 4, FALSE) -> College Maths II | E8: =VLOOKUP(D8, Course!$A$2:$C$136, 2, FALSE) -> #N/A | F8: 2 | G8: 6
A9: 8 | B9: 18 | C9: =VLOOKUP(B9, Enrollment!$A$2:$D$101, 4, FALSE) -> Physics | E9: =VLOOKUP(D9, Course!$A$2:$C$136, 2, FALSE) -> #N/A | F9: 2 | G9: 6
A10: 9 | B10: 19 | C10: =VLOOKUP(B10, Enrollment!$A$2:$D$101, 4, FALSE) -> ICT Course | E10: =VLOOKUP(D10, Course!$A$2:$C$136, 2, FALSE) -> #N/A | F10: 2 | G10: 6
A11: 10 | B11: 20 | C11: =VLOOKUP(B11, Enrollment!$A$2:$D$101, 4, FALSE) -> Further Credit Option | E11: =VLOOKUP(D11, Course!$A$2:$C$136, 2, FALSE) -> #N/A | F11: 2 | G11: 6
A12: 11 | B12: 21 | C12: =VLOOKUP(B12, Enrollment!$A$2:$D$101, 4, FALSE) -> Coursework 1 | E12: =VLOOKUP(D12, Course!$A$2:$C$136, 2, FALSE) -> #N/A | F12: 2 | G12: 6
A13: 12 | B13: 22 | C13: =VLOOKUP(B13, Enrollment!$A$2:$D$101, 4, FALSE) -> Coursework 2 | E13: =VLOOKUP(D13, Course!$A$2:$C$136, 2, FALSE) -> #N/A | F13: 2 | G13: 6
A14: 13 | B14: 23 | C14: =VLOOKUP(B14, Enrollment!$A$2:$D$101, 4, FALSE) -> Coursework 3 | E14: =VLOOKUP(D14, Course!$A$2:$C$136, 2, FALSE) -> #N/A | F14: 2 | G14: 6
A15: 14 | C15: =VLOOKUP(B15, Enrollment!$A$2:$D$101, 4, FALSE) -> #N/A | E15: =VLOOKUP(D15, Course!$A$2:$C$136, 2, FALSE) -> #N/A
A16: 15 | C16: =VLOOKUP(B16, Enrollment!$A$2:$D$101, 4, FALSE) -> #N/A | E16: =VLOOKUP(D16, Course!$A$2:$C$136, 2, FALSE) -> #N/A
A17: 16 | C17: =VLOOKUP(B17, Enrollment!$A$2:$D$101, 4, FALSE) -> #N/A | E17: =VLOOKUP(D17, Course!$A$2:$C$136, 2, FALSE) -> #N/A
A18: 17 | C18: =VLOOKUP(B18, Enrollment!$A$2:$D$101, 4, FALSE) -> #N/A | E18: =VLOOKUP(D18, Course!$A$2:$C$136, 2, FALSE) -> #N/A
A19: 18 | C19: =VLOOKUP(B19, Enrollment!$A$2:$D$101, 4, FALSE) -> #N/A | E19: =VLOOKUP(D19, Course!$A$2:$C$136, 2, FALSE) -> #N/A
A20: 19 | C20: =VLOOKUP(B20, Enrollment!$A$2:$D$101, 4, FALSE) -> #N/A | E20: =VLOOKUP(D20, Course!$A$2:$C$136, 2, FALSE) -> #N/A
A21: 20 | C21: =VLOOKUP(B21, Enrollment!$A$2:$D$101, 4, FALSE) -> #N/A | E21: =VLOOKUP(D21, Course!$A$2:$C$136, 2, FALSE) -> #N/A
A22: 21 | C22: =VLOOKUP(B22, Enrollment!$A$2:$D$101, 4, FALSE) -> #N/A | E22: =VLOOKUP(D22, Course!$A$2:$C$136, 2, FALSE) -> #N/A
A23: 22 | C23: =VLOOKUP(B23, Enrollment!$A$2:$D$101, 4, FALSE) -> #N/A | E23: =VLOOKUP(D23, Course!$A$2:$C$136, 2, FALSE) -> #N/A
A24: 23 | C24: =VLOOKUP(B24, Enrollment!$A$2:$D$101, 4, FALSE) -> #N/A | E24: =VLOOKUP(D24, Course!$A$2:$C$136, 2, FALSE) -> #N/A
A25: 24 | C25: =VLOOKUP(B25, Enrollment!$A$2:$D$101, 4, FALSE) -> #N/A | E25: =VLOOKUP(D25, Course!$A$2:$C$136, 2, FALSE) -> #N/A
A26: 25 | C26: =VLOOKUP(B26, Enrollment!$A$2:$D$101, 4, FALSE) -> #N/A | E26: =VLOOKUP(D26, Course!$A$2:$C$136, 2, FALSE) -> #N/A
A27: 26 | C27: =VLOOKUP(B27, Enrollment!$A$2:$D$101, 4, FALSE) -> #N/A | E27: =VLOOKUP(D27, Course!$A$2:$C$136, 2, FALSE) -> #N/A

Sheet PaceUnitResult
A1: ID | B1: UnitID | C1: Date | D1: ID | E1: PaceID | F1: Score | G1: StudentID | H1: Date
A2: 1 | B2: 35 | C2: 41352 | D2: 1 | F2: 0.915 | G2: 11
A3: 2 | B3: 37 | C3: 41585 | D3: 2 | F3: 0.97 | G3: 11
A4: 3 | B4: 38 | C4: 41612 | F4: 1 | G4: 11
A5: 4 | B5: 39 | C5: 41681 | F5: 1 | G5: 11
A6: 5 | B6: 40 | C6: 41736 | F6: 0.995 | G6: 11
A7: 6 | B7: 41 | C7: 41792 | F7: 0.9 | G7: 11
A8: 7 | B8: 42 | C8: 41820 | F8: 0.88 | G8: 11
A9: 8 | B9: 43 | C9: 41900 | F9: 0.88 | G9: 11
A10: 9 | B10: 44 | C10: 41919 | F10: 1 | G10: 11
A11: 10 | B11: 45 | C11: 41922 | F11: 0.96 | G11: 11
A12: 11 | B12: 46 | C12: 41961 | F12: 0.92 | G12: 11
A13: 12 | B13: 47 | C13: 41982 | F13: 0.96 | G13: 11
A14: 13 | B14: 49 | C14: 42039 | F14: 0.96 | G14: 11
A15: 14 | B15: 50 | C15: 42082 | F15: 0.91 | G15: 11
... A82: 81 | B82: 114 | C82: 44294 | F82: 0.94 | G82: 11
A83: 82
A84: 83

Sheet OtherCourse
A1: ID | B1: Name | C1: Alias | D1: SubjectId | E1: CreditValue | F1: ScoreType
A2: 1 | B2: 7.1 | C2: Staatsinrichting | D2: 6 | E2: 0.5 | F2: percent
A3: 2 | B3: 9 | C3: Rosetta Stone V3 Levels 1&2 | D3: 2 | E3: 1 | F3: completed
A4: 3 | B4: 9.1 | C4: State Exam Dutch Vmbo | D4: 9 | E4: 1 | F4: number
A5: 4 | B5: 10.1 | C5: State Exam Dutch Havo | D5: 9 | E5: 1.5 | F5: number
A6: 5 | B6: 11.1 | C6: State Exam Dutch Vwo | D6: 9 | E6: 2 | F6: number
A7: 6 | B7: 10.1 | C7: Rosetta Stone V3 Level 3 | D7: 2 | E7: 0.5 | F7: percent
A8: 7 | B8: 10.2 | C8: Rosetta Stone V3 Level 4 | D8: 2 | E8: 0.5 | F8: percent
A9: 8 | B9: 10.3 | C9: Rosetta Stone V3 Level 5 | D9: 2 | E9: 0.5 | F9: percent
A10: 9 | B10: 9 | C10: Typemaster | D10: 8 | E10: 0.5 | F10: completed
A11: 10 | B11: 9.1 | C11: Social Studies Essay | D11: 6 | E11: 0.25 | F11: title
A12: 11 | B12: 9.2 | C12: Science Project | D12: 5 | E12: 0.25 | F12: title
A13: 12 | B13: 10.1 | C13: Social Studies Essay | D13: 6 | E13: 0.17 | F13: title
... A29: 28 | B29: 12.6 | C29: Mathematics Paper | D29: 1 | E29: 0.17 | F29: title

Sheet OtherCourseUnit
A1: ID | B1: Number | C1: CourseID | D1: EditionOrder | E1: Alias | F1: Stars | G1: ReplacedById
A2: 1 | B2: 80 | C2: 1 | D2: 1 | E2: NL | F2: 1
A3: 2 | B3: 82 | C3: 1 | D3: 1 | E3: NL | F3: 1
A4: 3 | B4: 84 | C4: 1 | D4: 1 | E4: NL | F4: 1
A5: 4 | B5: L1U1 | C5: 2 | D5: 1 | E5: R.S. | F5: 1
A6: 5 | B6: L1U2 | C6: 2 | D6: 1 | E6: R.S. | F6: 2
A7: 6 | B7: L1U3 | C7: 2 | D7: 1 | E7: R.S. | F7: 1
A8: 7 | B8: L1U4 | C8: 2 | D8: 1 | E8: R.S. | F8: 2
A9: 8 | B9: L2U1 | C9: 2 | D9: 1 | E9: R.S. | F9: 1
A10: 9 | B10: L2U2 | C10: 2 | D10: 1 | E10: R.S. | F10: 2
A11: 10 | B11: L2U3 | C11: 2 | D11: 1 | E11: R.S. | F11: 1
A12: 11 | B12: L2U4 | C12: 2 | D12: 1 | E12: R.S. | F12: 2
A13: 12 | B13: L3U1 | C13: 6 | D13: 1 | E13: R.S. | F13: 1
A14: 13 | B14: L3U2 | C14: 6 | D14: 1 | E14: R.S. | F14: 2
A15: 14 | B15: L3U3 | C15: 6 | D15: 1 | E15: R.S. | F15: 1
A16: 15 | B16: L3U4 | C16: 6 | D16: 1 | E16: R.S. | F16: 2
... A27: 26 | B27: Vwo | C27: 5 | D27: 1 | E27: NL | F27: 24
A28: 27 | B28: TypeM | C28: 9 | D28: 1 | F28: 6
A29: 28 | B29: S.S.Ess. | C29: 10 | D29: 1 | E29: CW | F29: 3
A30: 29 | B30: Sc.Proj. | C30: 11 | D30: 1 | E30: CW | F30: 3
A31: 30 | B31: S.S.Ess. | C31: 12 | D31: 1 | E31: CW | F31: 2
A32: 31 | B32: Sc.Proj. | C32: 13 | D32: 1 | E32: CW | F32: 2
A33: 32 | B33: Bi.St.Ess. | C33: 14 | D33: 1 | E33: CW | F33: 2
A34: 33 | B34: Sc.Proj. | C34: 15 | D34: 1 | E34: CW | F34: 2
A35: 34 | B35: S.S.Ess. | C35: 16 | D35: 1 | E35: CW | F35: 2
A36: 35 | B36: EN.Ess. | C36: 17 | D36: 1 | E36: CW | F36: 2
A37: 36 | B37: Bi.St.Ess. | C37: 18 | D37: 1 | E37: CW | F37: 2
A38: 37 | B38: Sc.Proj. | C38: 19 | D38: 1 | E38: CW | F38: 2
A39: 38 | B39: Sc.Ess. | C39: 20 | D39: 1 | E39: CW | F39: 2
A40: 39 | B40: Ma.Ppr. | C40: 21 | D40: 1 | E40: CW | F40: 2
... A47: 46 | B47: Ma.Ppr. | C47: 28 | D47: 1 | E47: CW | F47: 2
A48: 47
A49: 48
A50: 49
A51: 50
A52: 51
A53: 52
A54: 53
A55: 54
A56: 55
A57: 56
A58: 57
A59: 58
... A89: 88

Sheet OtherUnitResults
A1: ID | B1: UnitID | C1: Date | D1: Score | E1: StudentID

Sheet RecurringCourse
A1: ID | B1: Name | C1: SubjectId | D1: ScoreType
A2: 1 | B2: Arts / Crafts | C2: 10 | D2: letter
A3: 2 | B3: Sports | C3: 10 | D3: letter
A4: 3 | B4: Music | C4: 10 | D4: letter
A5: 4

Sheet RecurringResult
A1: ID | B1: RepeatCourseUnitID | C1: Schoolyear | D1: Term | E1: Score | F1: StudentID
A2: 1 | B2: 1 | C2: 2020-2021 | D2: 1 | E2: N | F2: 11
A3: 2 | B3: 1 | C3: 2020-2021 | D3: 2 | E3: S | F3: 11
A4: 3 | B4: 1 | C4: 2020-2021 | D4: 3 | E4: G | F4: 11

Sheet DutchCourse
A1: Id | B1: Description
A2: 1 | B2: Taalvaardigheid
A3: 2 | B3: schrijvuh
A4: 3 | B4: spelluhtjes
A5: 4 | B5: mondelingh
A6: 5 | B6: litaruurtjuh
A7: 6

Sheet DutchCourseUnits

Sheet DutchUnitResults
A1: Id | B1: DutchCourseId | C1: Date | D1: StudentId | E1: Score | F1: type | G1: weight
A2: 1 | B2: 1 | E2: 5,5 | F2: mo | G2: 1
A3: 2 | E3: 8 | F3: so | G3: 2
A4: 3 | E4: 7,6 | F4: rep | G4: 4
A5: 4
A6: 5
A7: 6 | B7: 1 | C7: 38480 | D7: 1 | E7: 6 | F7: so | G7: 5
A11: 56 | B11: 1 | C11: 39184 | D11: 1 | E11: 7 | F11: so | G11: 1

Sheet SubjectCourseEnrolment
A1: EnrolemntID | B1: studentID | C1: CourseID | D1: SubjectGroupId | E1: EnrolmentDate | F1: active | G1: completed
A2: 1 | B2: 23 | C2: 45 | D2: 2

Sheet ExtraCurCourseEnrolment
A1: EnrolemntID | B1: studentID | C1: CourseID | D1: SubjectGroupId | E1: EnrolmentDate | F1: active | G1: completed
A2: 1 | B2: 23 | C2: 45 | D2: 2

Sheet DutchCourseEnrolment
A1: EnrolemntID | B1: studentID | C1: CourseID | D1: SubjectGroupId | E1: EnrolmentDate | F1: active | G1: completed
A2: 1 | B2: 23 | C2: 45 | D2: 2

Sheet Term
A1: Id | B1: TermNo | C1: Start | D1: End | E1: SchoolYearId
A2: 37 | B2: 5 | E2: 11
A3: 36 | B3: 4 | E3: 11
A4: 35 | B4: 3 | E4: 11
A5: 34 | B5: 2 | E5: 11
A6: 33 | B6: 1 | E6: 11
A7: 32 | B7: 5 | C7: 44333 | D7: 44386 | E7: 10
A8: 31 | B8: 4 | C8: 44256 | D8: 44316 | E8: 10
A9: 30 | B9: 3 | C9: 44200 | D9: 44246 | E9: 10
A10: 29 | B10: 2 | C10: 44130 | D10: 44183 | E10: 10
A11: 28 | B11: 1 | C11: 44074 | D11: 44120 | E11: 10
A12: 27 | B12: 3 | E12: 9
A13: 26 | B13: 2 | E13: 9
A14: 25 | B14: 1 | E14: 9
A15: 24 | B15: 3 | E15: 8
A16: 23 | B16: 2 | E16: 8
A17: 22 | B17: 1 | E17: 8
A18: 21 | B18: 3 | E18: 7
A19: 20 | B19: 2 | E19: 7
A20: 19 | B20: 1 | E20: 7
A21: 18 | B21: 3 | E21: 6
A22: 17 | B22: 2 | E22: 6
A23: 16 | B23: 1 | E23: 6
... A38: 1 | B38: 1 | E38: 1

Sheet Year
A1: ID | B1: Year | C1: Terms | D1: Start | E1: End
A2: 11 | B2: 2021/2022 | C2: 5
A3: 10 | B3: 2020/2021 | C3: 5 | D3: 44074 | E3: 44386
A4: 9 | B4: 2019/2020 | C4: 3
A5: 8 | B5: 2018/2019 | C5: 3
A6: 7 | B6: 2017/2018 | C6: 3
A7: 6 | B7: 2016/2017 | C7: 3
A8: 5 | B8: 2015/2016 | C8: 3
A9: 4 | B9: 2014/2015 | C9: 3
A10: 3 | B10: 2013/2014 | C10: 3
A11: 2 | B11: 2012/2013 | C11: 3
A12: 1 | B12: 2011/2012 | C12: 3
