Workbook

Sheet TODO
A1: ID | B1: Requirement | C1: Opmerking | D1: Status
A2: 1 | B2: Automatisch rijen verbergen die niet nodig zijn. | D2: Not Done
A3: 2 | B3: In "PACEs" de PACE-nummers valideren, voorwaardelijk aan de Course. | D3: Not Done
A4: 3 | B4: Wat zijn de requirements v.w.b. de kleur van de ster? | D4: Done
A5: 4 | B5: In "SPC" Scores automatisch invullen a.d.h.v. PACEs-tab | D5: Done
B6: In "PACEs" term automatisch invullen a.d.h.v. datum. | D6: Done
A7: 5 | B7: Nieuwe datumtabel aanmaken | D7: Done
A8: 6 | B8: Mogelijkheid om te filteren op schooljaar en term | D8: Not Done
A9: 7 | B9: Dynamisch maken voor elke student | D9: Not Done
A10: 8 | B10: Meerdere enrolments (van meerdere termen) mogelijk maken? | D10: Not Done
A11: 9 | B11: Term Report automatiseren
A12: 10 | B12: Namen van ICCE overal in verwerken | C12: Naam van Algebra I is "Mathematics-IA"? Is fout denk ik.

Sheet 2025-2026
K1: Term Report | AE1: 2025 - 2026
K3: ICS De Ceder - Boskoop | AE3: Term 1
A5: Student: | G5: Nathan Yong | V5: Report date: | AB5: 29 October 2025
A6: Group: | G6: Seniors | V6: Supervisor: | AB6: Mr S. Bezemer
K8: Term 1 | P8: Term 2 | U8: Term 3 | Z8: Term 4 | AE8: Term 5 | AJ8: Year to date
A9: Academic Studies
A10: New Testament Survey | K10: 0.99 | O10: 1 | AJ10: =((K10*O10)+(P10*T10)+(U10*Y10)+(Z10*AD10)+(AE10*AI10))/AN10 -> 0.99 | AN10: =SUM(O10,T10,Y10,AD10,AI10) -> 1
A12: General Mathematics | K12: 0.975 | O12: 1 | AJ12: =((K12*O12)+(P12*T12)+(U12*Y12)+(Z12*AD12)+(AE12*AI12))/AN12 -> 0.975 | AN12: =SUM(O12,T12,Y12,AD12,AI12) -> 1
A13: General English | K13: 1 | O13: 2 | AJ13: =((K13*O13)+(P13*T13)+(U13*Y13)+(Z13*AD13)+(AE13*AI13))/AN13 -> 1 | AN13: =SUM(O13,T13,Y13,AD13,AI13) -> 2
A14: Word Building 8 | K14: 0.9975 | O14: 2 | AJ14: =((K14*O14)+(P14*T14)+(U14*Y14)+(Z14*AD14)+(AE14*AI14))/AN14 -> 0.9975 | AN14: =SUM(O14,T14,Y14,AD14,AI14) -> 2
A15: Literature 8
A16: Earth Science | K16: 0.975 | O16: 1 | AJ16: =((K16*O16)+(P16*T16)+(U16*Y16)+(Z16*AD16)+(AE16*AI16))/AN16 -> 0.975 | AN16: =SUM(O16,T16,Y16,AD16,AI16) -> 1
A17: Biology | K17: 1 | O17: 1 | AJ17: =((K17*O17)+(P17*T17)+(U17*Y17)+(Z17*AD17)+(AE17*AI17))/AN17 -> 1 | AN17: =SUM(O17,T17,Y17,AD17,AI17) -> 1
A18: Physical Science | K18: 1 | O18: 2 | AJ18: =((K18*O18)+(P18*T18)+(U18*Y18)+(Z18*AD18)+(AE18*AI18))/AN18 -> 1 | AN18: =SUM(O18,T18,Y18,AD18,AI18) -> 2
A19: American History | K19: 1 | O19: 1 | AJ19: =((K19*O19)+(P19*T19)+(U19*Y19)+(Z19*AD19)+(AE19*AI19))/AN19 -> 1 | AN19: =SUM(O19,T19,Y19,AD19,AI19) -> 1
A20: World Geography | K20: 0.98 | O20: 1 | AJ20: =((K20*O20)+(P20*T20)+(U20*Y20)+(Z20*AD20)+(AE20*AI20))/AN20 -> 0.98 | AN20: =SUM(O20,T20,Y20,AD20,AI20) -> 1
A21: CS Digital Savvy | K21: 1 | O21: 1 | AJ21: =((K21*O21)+(P21*T21)+(U21*Y21)+(Z21*AD21)+(AE21*AI21))/AN21 -> 1 | AN21: =SUM(O21,T21,Y21,AD21,AI21) -> 1
A23: average / total | K23: =((K10*O10)+(K12*O12)+(K13*O13)+(K14*O14)+(K15*O15)+(K16*O16)+(K17*O17)+(K18*O18)+(K19*O19)+(K20*O20)+(K21*O21))/SUM(O10:O21) -> 0.99346154 | O23: =SUM(O10:O21) -> 13 | AJ23: =((AJ10*AN10)+(AJ12*AN12)+(AJ13*AN13)+(AJ14*AN14)+(AJ15*AN15)+(AJ16*AN16)+(AJ17*AN17)+(AJ18*AN18)+(AJ19*AN19)+(AJ20*AN20)+(AJ21*AN21))/SUM(AN10:AN21) -> 0.99346154 | AN23: =SUM(AN10:AN21) -> 13
A25: Nederlands
A26: Taal | AJ26: =SUM(K26:AI26)/COUNT(K26:AI26) -> #DIV/0!
A28: Supplementary activities
A29: Music | K29: G | AJ29: G
A30: Gardening | K30: G | AJ30: G
A31: Physical Education | K31: G | AJ31: G
A33: Attendance
A34: Score | K34: 0.82 | AJ34: =SUM(K34:AI34)/COUNT(K34:AI34) -> 0.82
A36: In relation to work | J36: T1 | L36: T2 | N36: T3 | P36: T4 | R36: T5 | V36: In relation to others | AE36: T1 | AG36: T2 | AI36: T3 | AK36: T4 | AM36: T5
A37: Is committed | J37: E | V37: Is cooperative | AE37: E
A38: Ability to establish own goals | J38: E | V38: Follows directions | AE38: G
A39: Works independently | J39: E | V39: Is courteous and respectful | AE39: G
A40: Completes work required | J40: E | V40: Responds well to correction | AE40: G
A41: Does work neatly | J41: G | V41: Exhibits self-control | AE41: G
A42: Does not disturb others | J42: G | V42: Gets along well with others | AE42: G
A43: Takes care of materials | J43: G | V43: Willing to serve | AE43: G
A45: principal: | O45: supervisor: | AC45: parent / guardian:

Sheet CourseContents
B1: CourseName | C1: Position | D1: PACEcode
B2: ICCE Physical Science | C2: 1 | D2: USMA09867
B3: USMA09 | C3: 1 | D3: USMA0986
B4: USMA09 | C4: 1 | D4: USMA09868

Sheet Enrolment
A1: ID | B1: CourseName_ACE | C1: 1 | D1: 2 | E1: 3 | F1: 4 | G1: 5 | H1: 6 | I1: 7 | J1: 8 | K1: 9 | L1: 10 | M1: 11 | N1: 12
A2: 1 | B2: General Maths | C2: 85 | D2: 86 | E2: 87 | F2: 88 | G2: 89 | H2: 90 | I2: 91 | J2: 92 | K2: 93 | L2: 94 | M2: 95 | N2: 96
A3: 2 | B3: General English | C3: 85 | D3: 86 | E3: 87 | F3: 88 | G3: 89 | H3: 90 | I3: 91 | J3: 92 | K3: 93 | L3: 94 | M3: 95 | N3: 96
A4: 3 | B4: Word Building Level 8 | C4: 85 | D4: 86 | E4: 87 | F4: 88 | G4: 89 | H4: 90 | I4: 91 | J4: 92 | K4: 93 | L4: 94 | M4: 95 | N4: 96
A5: 4 | B5: Earth Science | C5: 85 | D5: 86 | E5: 87 | F5: 88 | G5: 89 | H5: 90 | I5: 91 | J5: 92 | K5: 93 | L5: 94 | M5: 95 | N5: 96
A6: 5 | B6: ICCE Physical Science | C6: 85 | D6: 86 | E6: 86 | F6: 87 | G6: 88 | H6: 88 | I6: 97 | J6: 98 | K6: 98 | L6: 99 | M6: 100 | N6: 100
A7: 6 | B7: American History | C7: 85 | D7: 86 | E7: 87 | F7: 88 | G7: 89 | H7: 90 | I7: 91 | J7: 92 | K7: 93 | L7: 94 | M7: 95 | N7: 96
A8: 7 | B8: New Testament Survey | C8: 97 | D8: 98 | E8: 99 | F8: 100 | G8: 101 | H8: 102 | I8: 103 | J8: 104 | K8: 105 | L8: 106 | M8: 107 | N8: 108
A9: 8 | B9: Algebra I | C9: 97 | D9: 98 | E9: 99 | F9: 100 | G9: 101 | H9: 102 | I9: 103 | J9: 104 | K9: 105 | L9: 106 | M9: 107 | N9: 108
A10: 9 | B10: English I | C10: 97 | D10: 98 | E10: 99 | F10: 100 | G10: 101 | H10: 102 | I10: 103 | J10: 104 | K10: 105 | L10: 106 | M10: 107 | N10: 108
A11: 10 | B11: Word Building / Etymology | C11: 97 | D11: 98 | E11: 99 | F11: 100 | G11: 101 | H11: 102 | I11: 103 | J11: 104 | K11: 105 | L11: 106 | M11: 107 | N11: 108
A12: 11 | B12: Biology / Science Level 9 | C12: 97 | D12: 98 | E12: 99 | F12: 100 | G12: 101 | H12: 102 | I12: 103 | J12: 104 | K12: 105 | L12: 106 | M12: 107 | N12: 108
A13: 12 | B13: World Geography | C13: 97 | D13: 98 | E13: 99 | F13: 100 | G13: 101 | H13: 102 | I13: 103 | J13: 104 | K13: 105 | L13: 106 | M13: 107 | N13: 108
A14: 13 | B14: Music | C14: 1 | D14: 2 | E14: 3 | F14: 4 | G14: 5 | H14: 6
A15: 14 | B15: Astronomy | C15: 1 | D15: 2 | E15: 3 | F15: 4 | G15: 5 | H15: 5
A16: 15 | B16: Digital Savvy | C16: 15–17 | D16: 18–19

Sheet SPC
A1: CourseName_ACE | B1: 1 | C1: 2 | D1: 3 | E1: 4 | F1: 5 | G1: 6 | H1: 7 | I1: 8 | J1: 9 | K1: 10 | L1: 11 | M1: 12
A2: General Maths | B2: =IF(VLOOKUP($A2,Course!$B$2:$C$165, 2, FALSE)=0, VLOOKUP($A2,Course!$B$2:$C$165, 1, FALSE), VLOOKUP($A2,Course!$B$2:$C$165, 2, FALSE)) -> General Maths | G2: =A2 -> General Maths | L2: =IF(VLOOKUP($A2, Course!$B$2:$E$165, 3, FALSE)=0, "", VLOOKUP($A2, Course!$B$2:$E$165, 3, FALSE)) -> General Maths | O2: Grade | Q2: Date | R2: 45925
B3: =VLOOKUP($A2,Enrolment!$B$2:$N$15, B$1+1, FALSE) -> 85 | C3: =VLOOKUP($A2,Enrolment!$B$2:$N$15, C$1+1, FALSE) -> 86 | D3: =VLOOKUP($A2,Enrolment!$B$2:$N$15, D$1+1, FALSE) -> 87 | E3: =VLOOKUP($A2,Enrolment!$B$2:$N$15, E$1+1, FALSE) -> 88 | F3: =VLOOKUP($A2,Enrolment!$B$2:$N$15, F$1+1, FALSE) -> 89 | G3: =VLOOKUP($A2,Enrolment!$B$2:$N$15, G$1+1, FALSE) -> 90 | H3: =VLOOKUP($A2,Enrolment!$B$2:$N$15, H$1+1, FALSE) -> 91 | I3: =VLOOKUP($A2,Enrolment!$B$2:$N$15, I$1+1, FALSE) -> 92 | ... M3: =VLOOKUP($A2,Enrolment!$B$2:$N$15, M$1+1, FALSE) -> 96
B4: « | C4: « | D4: « | E4: « | F4: « | G4: « | H4: « | I4: « | J4: « | K4: « | L4: « | M4: «
B5: {=IFERROR(_xlfn.XLOOKUP(1, (PACEs!$C$2:$C$1000=$A2) * (PACEs!$D$2:$D$1000=B3), PACEs!$E$2:$E$1000), "")} | C5: {=IFERROR(_xlfn.XLOOKUP(1, (PACEs!$C$2:$C$1000=$A2) * (PACEs!$D$2:$D$1000=C3), PACEs!$E$2:$E$1000), "")} | D5: {=IFERROR(_xlfn.XLOOKUP(1, (PACEs!$C$2:$C$1000=$A2) * (PACEs!$D$2:$D$1000=D3), PACEs!$E$2:$E$1000), "")} | E5: {=IFERROR(_xlfn.XLOOKUP(1, (PACEs!$C$2:$C$1000=$A2) * (PACEs!$D$2:$D$1000=E3), PACEs!$E$2:$E$1000), "")} | F5: {=IFERROR(_xlfn.XLOOKUP(1, (PACEs!$C$2:$C$1000=$A2) * (PACEs!$D$2:$D$1000=F3), PACEs!$E$2:$E$1000), "")} | G5: {=IFERROR(_xlfn.XLOOKUP(1, (PACEs!$C$2:$C$1000=$A2) * (PACEs!$D$2:$D$1000=G3), PACEs!$E$2:$E$1000), "")} | H5: {=IFERROR(_xlfn.XLOOKUP(1, (PACEs!$C$2:$C$1000=$A2) * (PACEs!$D$2:$D$1000=H3), PACEs!$E$2:$E$1000), "")} | I5: {=IFERROR(_xlfn.XLOOKUP(1, (PACEs!$C$2:$C$1000=$A2) * (PACEs!$D$2:$D$1000=I3), PACEs!$E$2:$E$1000), "")} | ... M5: {=IFERROR(_xlfn.XLOOKUP(1, (PACEs!$C$2:$C$1000=$A2) * (PACEs!$D$2:$D$1000=M3), PACEs!$E$2:$E$1000), "")} -> 0.975 | O5: =AVERAGE(B5:M5) -> 0.975
B6: {=IF(ISERROR(_xlfn.XLOOKUP(1,(PACEs!$C$2:$C$1000=$A2)*(PACEs!$D$2:$D$1000=B3),PACEs!$F$2:$F$1000)),"",VLOOKUP(_xlfn.XLOOKUP(1,(PACEs!$C$2:$C$1000=$A2)*(PACEs!$D$2:$D$1000=B3),PACEs!$F$2:$F$1000),Date!$B$2:$K$1623,10,FALSE)&".T"&VLOOKUP(_xlfn.XLOOKUP(1,(PACEs!$C$2:$C$1000=$A2)*(PACEs!$D$2:$D$1000=B3),PACEs!$F$2:$F$1000),Date!$B$2:$K$1623,7,FALSE))} | C6: {=IF(ISERROR(_xlfn.XLOOKUP(1,(PACEs!$C$2:$C$1000=$A2)*(PACEs!$D$2:$D$1000=C3),PACEs!$F$2:$F$1000)),"",VLOOKUP(_xlfn.XLOOKUP(1,(PACEs!$C$2:$C$1000=$A2)*(PACEs!$D$2:$D$1000=C3),PACEs!$F$2:$F$1000),Date!$B$2:$K$1623,10,FALSE)&".T"&VLOOKUP(_xlfn.XLOOKUP(1,(PACEs!$C$2:$C$1000=$A2)*(PACEs!$D$2:$D$1000=C3),PACEs!$F$2:$F$1000),Date!$B$2:$K$1623,7,FALSE))} | D6: {=IF(ISERROR(_xlfn.XLOOKUP(1,(PACEs!$C$2:$C$1000=$A2)*(PACEs!$D$2:$D$1000=D3),PACEs!$F$2:$F$1000)),"",VLOOKUP(_xlfn.XLOOKUP(1,(PACEs!$C$2:$C$1000=$A2)*(PACEs!$D$2:$D$1000=D3),PACEs!$F$2:$F$1000),Date!$B$2:$K$1623,10,FALSE)&".T"&VLOOKUP(_xlfn.XLOOKUP(1,(PACEs!$C$2:$C$1000=$A2)*(PACEs!$D$2:$D$1000=D3),PACEs!$F$2:$F$1000),Date!$B$2:$K$1623,7,FALSE))} | E6: {=IF(ISERROR(_xlfn.XLOOKUP(1,(PACEs!$C$2:$C$1000=$A2)*(PACEs!$D$2:$D$1000=E3),PACEs!$F$2:$F$1000)),"",VLOOKUP(_xlfn.XLOOKUP(1,(PACEs!$C$2:$C$1000=$A2)*(PACEs!$D$2:$D$1000=E3),PACEs!$F$2:$F$1000),Date!$B$2:$K$1623,10,FALSE)&".T"&VLOOKUP(_xlfn.XLOOKUP(1,(PACEs!$C$2:$C$1000=$A2)*(PACEs!$D$2:$D$1000=E3),PACEs!$F$2:$F$1000),Date!$B$2:$K$1623,7,FALSE))} | F6: {=IF(ISERROR(_xlfn.XLOOKUP(1,(PACEs!$C$2:$C$1000=$A2)*(PACEs!$D$2:$D$1000=F3),PACEs!$F$2:$F$1000)),"",VLOOKUP(_xlfn.XLOOKUP(1,(PACEs!$C$2:$C$1000=$A2)*(PACEs!$D$2:$D$1000=F3),PACEs!$F$2:$F$1000),Date!$B$2:$K$1623,10,FALSE)&".T"&VLOOKUP(_xlfn.XLOOKUP(1,(PACEs!$C$2:$C$1000=$A2)*(PACEs!$D$2:$D$1000=F3),PACEs!$F$2:$F$1000),Date!$B$2:$K$1623,7,FALSE))} | G6: {=IF(ISERROR(_xlfn.XLOOKUP(1,(PACEs!$C$2:$C$1000=$A2)*(PACEs!$D$2:$D$1000=G3),PACEs!$F$2:$F$1000)),"",VLOOKUP(_xlfn.XLOOKUP(1,(PACEs!$C$2:$C$1000=$A2)*(PACEs!$D$2:$D$1000=G3),PACEs!$F$2:$F$1000),Date!$B$2:$K$1623,10,FALSE)&".T"&VLOOKUP(_xlfn.XLOOKUP(1,(PACEs!$C$2:$C$1000=$A2)*(PACEs!$D$2:$D$1000=G3),PACEs!$F$2:$F$1000),Date!$B$2:$K$1623,7,FALSE))} | H6: {=IF(ISERROR(_xlfn.XLOOKUP(1,(PACEs!$C$2:$C$1000=$A2)*(PACEs!$D$2:$D$1000=H3),PACEs!$F$2:$F$1000)),"",VLOOKUP(_xlfn.XLOOKUP(1,(PACEs!$C$2:$C$1000=$A2)*(PACEs!$D$2:$D$1000=H3),PACEs!$F$2:$F$1000),Date!$B$2:$K$1623,10,FALSE)&".T"&VLOOKUP(_xlfn.XLOOKUP(1,(PACEs!$C$2:$C$1000=$A2)*(PACEs!$D$2:$D$1000=H3),PACEs!$F$2:$F$1000),Date!$B$2:$K$1623,7,FALSE))} | I6: {=IF(ISERROR(_xlfn.XLOOKUP(1,(PACEs!$C$2:$C$1000=$A2)*(PACEs!$D$2:$D$1000=I3),PACEs!$F$2:$F$1000)),"",VLOOKUP(_xlfn.XLOOKUP(1,(PACEs!$C$2:$C$1000=$A2)*(PACEs!$D$2:$D$1000=I3),PACEs!$F$2:$F$1000),Date!$B$2:$K$1623,10,FALSE)&".T"&VLOOKUP(_xlfn.XLOOKUP(1,(PACEs!$C$2:$C$1000=$A2)*(PACEs!$D$2:$D$1000=I3),PACEs!$F$2:$F$1000),Date!$B$2:$K$1623,7,FALSE))} | ... M6: {=IF(ISERROR(_xlfn.XLOOKUP(1,(PACEs!$C$2:$C$1000=$A2)*(PACEs!$D$2:$D$1000=M3),PACEs!$F$2:$F$1000)),"",VLOOKUP(_xlfn.XLOOKUP(1,(PACEs!$C$2:$C$1000=$A2)*(PACEs!$D$2:$D$1000=M3),PACEs!$F$2:$F$1000),Date!$B$2:$K$1623,10,FALSE)&".T"&VLOOKUP(_xlfn.XLOOKUP(1,(PACEs!$C$2:$C$1000=$A2)*(PACEs!$D$2:$D$1000=M3),PACEs!$F$2:$F$1000),Date!$B$2:$K$1623,7,FALSE))} -> 25–26.T1 | Q6: StudentID
A7: General English | B7: =IF(VLOOKUP($A7,Course!$B$2:$C$165, 2, FALSE)=0, VLOOKUP($A7,Course!$B$2:$C$165, 1, FALSE), VLOOKUP($A7,Course!$B$2:$C$165, 2, FALSE)) -> General English | G7: =A7 -> General English | L7: =IF(VLOOKUP($A7, Course!$B$2:$E$165, 3, FALSE)=0, "", VLOOKUP($A7, Course!$B$2:$E$165, 3, FALSE)) -> General English | Q7: USMA09 | R7: 1 | S7: 2 | T7: 3 | U7: 4 | V7: 5 | W7: 6 | X7: 7 | Y7: 8 | Z7: 9 | AA7: 10 | AB7: 11 | AC7: 12
B8: =VLOOKUP($A7,Enrolment!$B$2:$N$15, B$1+1, FALSE) -> 85 | C8: =VLOOKUP($A7,Enrolment!$B$2:$N$15, C$1+1, FALSE) -> 86 | D8: =VLOOKUP($A7,Enrolment!$B$2:$N$15, D$1+1, FALSE) -> 87 | E8: =VLOOKUP($A7,Enrolment!$B$2:$N$15, E$1+1, FALSE) -> 88 | F8: =VLOOKUP($A7,Enrolment!$B$2:$N$15, F$1+1, FALSE) -> 89 | G8: =VLOOKUP($A7,Enrolment!$B$2:$N$15, G$1+1, FALSE) -> 90 | H8: =VLOOKUP($A7,Enrolment!$B$2:$N$15, H$1+1, FALSE) -> 91 | I8: =VLOOKUP($A7,Enrolment!$B$2:$N$15, I$1+1, FALSE) -> 92 | ... M8: =VLOOKUP($A7,Enrolment!$B$2:$N$15, M$1+1, FALSE) -> 96 | R8: New Testament Church History
B9: « | C9: « | D9: « | E9: « | F9: « | G9: « | H9: « | I9: « | J9: « | K9: « | L9: « | M9: « | Q9: PACE | R9: =VLOOKUP($Q7, Enrolment!$B$2:$N$11, R7 + 1, FALSE) -> #N/A | S9: =VLOOKUP($Q7, Enrolment!$B$2:$N$11, S7 + 1, FALSE) -> #N/A
B10: {=IFERROR(_xlfn.XLOOKUP(1, (PACEs!$C$2:$C$1000=$A7) * (PACEs!$D$2:$D$1000=B8), PACEs!$E$2:$E$1000), "")} | C10: {=IFERROR(_xlfn.XLOOKUP(1, (PACEs!$C$2:$C$1000=$A7) * (PACEs!$D$2:$D$1000=C8), PACEs!$E$2:$E$1000), "")} | D10: {=IFERROR(_xlfn.XLOOKUP(1, (PACEs!$C$2:$C$1000=$A7) * (PACEs!$D$2:$D$1000=D8), PACEs!$E$2:$E$1000), "")} | E10: {=IFERROR(_xlfn.XLOOKUP(1, (PACEs!$C$2:$C$1000=$A7) * (PACEs!$D$2:$D$1000=E8), PACEs!$E$2:$E$1000), "")} | F10: {=IFERROR(_xlfn.XLOOKUP(1, (PACEs!$C$2:$C$1000=$A7) * (PACEs!$D$2:$D$1000=F8), PACEs!$E$2:$E$1000), "")} | G10: {=IFERROR(_xlfn.XLOOKUP(1, (PACEs!$C$2:$C$1000=$A7) * (PACEs!$D$2:$D$1000=G8), PACEs!$E$2:$E$1000), "")} | H10: {=IFERROR(_xlfn.XLOOKUP(1, (PACEs!$C$2:$C$1000=$A7) * (PACEs!$D$2:$D$1000=H8), PACEs!$E$2:$E$1000), "")} | I10: {=IFERROR(_xlfn.XLOOKUP(1, (PACEs!$C$2:$C$1000=$A7) * (PACEs!$D$2:$D$1000=I8), PACEs!$E$2:$E$1000), "")} | ... M10: {=IFERROR(_xlfn.XLOOKUP(1, (PACEs!$C$2:$C$1000=$A7) * (PACEs!$D$2:$D$1000=M8), PACEs!$E$2:$E$1000), "")} -> 1 | O10: =AVERAGE(B10:M10) -> 1 | Q10: Stars | R10: 1 | S10: 2
B11: {=IF(ISERROR(_xlfn.XLOOKUP(1,(PACEs!$C$2:$C$1000=$A7)*(PACEs!$D$2:$D$1000=B8),PACEs!$F$2:$F$1000)),"",VLOOKUP(_xlfn.XLOOKUP(1,(PACEs!$C$2:$C$1000=$A7)*(PACEs!$D$2:$D$1000=B8),PACEs!$F$2:$F$1000),Date!$B$2:$K$1623,10,FALSE)&".T"&VLOOKUP(_xlfn.XLOOKUP(1,(PACEs!$C$2:$C$1000=$A7)*(PACEs!$D$2:$D$1000=B8),PACEs!$F$2:$F$1000),Date!$B$2:$K$1623,7,FALSE))} | C11: {=IF(ISERROR(_xlfn.XLOOKUP(1,(PACEs!$C$2:$C$1000=$A7)*(PACEs!$D$2:$D$1000=C8),PACEs!$F$2:$F$1000)),"",VLOOKUP(_xlfn.XLOOKUP(1,(PACEs!$C$2:$C$1000=$A7)*(PACEs!$D$2:$D$1000=C8),PACEs!$F$2:$F$1000),Date!$B$2:$K$1623,10,FALSE)&".T"&VLOOKUP(_xlfn.XLOOKUP(1,(PACEs!$C$2:$C$1000=$A7)*(PACEs!$D$2:$D$1000=C8),PACEs!$F$2:$F$1000),Date!$B$2:$K$1623,7,FALSE))} | D11: {=IF(ISERROR(_xlfn.XLOOKUP(1,(PACEs!$C$2:$C$1000=$A7)*(PACEs!$D$2:$D$1000=D8),PACEs!$F$2:$F$1000)),"",VLOOKUP(_xlfn.XLOOKUP(1,(PACEs!$C$2:$C$1000=$A7)*(PACEs!$D$2:$D$1000=D8),PACEs!$F$2:$F$1000),Date!$B$2:$K$1623,10,FALSE)&".T"&VLOOKUP(_xlfn.XLOOKUP(1,(PACEs!$C$2:$C$1000=$A7)*(PACEs!$D$2:$D$1000=D8),PACEs!$F$2:$F$1000),Date!$B$2:$K$1623,7,FALSE))} | E11: {=IF(ISERROR(_xlfn.XLOOKUP(1,(PACEs!$C$2:$C$1000=$A7)*(PACEs!$D$2:$D$1000=E8),PACEs!$F$2:$F$1000)),"",VLOOKUP(_xlfn.XLOOKUP(1,(PACEs!$C$2:$C$1000=$A7)*(PACEs!$D$2:$D$1000=E8),PACEs!$F$2:$F$1000),Date!$B$2:$K$1623,10,FALSE)&".T"&VLOOKUP(_xlfn.XLOOKUP(1,(PACEs!$C$2:$C$1000=$A7)*(PACEs!$D$2:$D$1000=E8),PACEs!$F$2:$F$1000),Date!$B$2:$K$1623,7,FALSE))} | F11: {=IF(ISERROR(_xlfn.XLOOKUP(1,(PACEs!$C$2:$C$1000=$A7)*(PACEs!$D$2:$D$1000=F8),PACEs!$F$2:$F$1000)),"",VLOOKUP(_xlfn.XLOOKUP(1,(PACEs!$C$2:$C$1000=$A7)*(PACEs!$D$2:$D$1000=F8),PACEs!$F$2:$F$1000),Date!$B$2:$K$1623,10,FALSE)&".T"&VLOOKUP(_xlfn.XLOOKUP(1,(PACEs!$C$2:$C$1000=$A7)*(PACEs!$D$2:$D$1000=F8),PACEs!$F$2:$F$1000),Date!$B$2:$K$1623,7,FALSE))} | G11: {=IF(ISERROR(_xlfn.XLOOKUP(1,(PACEs!$C$2:$C$1000=$A7)*(PACEs!$D$2:$D$1000=G8),PACEs!$F$2:$F$1000)),"",VLOOKUP(_xlfn.XLOOKUP(1,(PACEs!$C$2:$C$1000=$A7)*(PACEs!$D$2:$D$1000=G8),PACEs!$F$2:$F$1000),Date!$B$2:$K$1623,10,FALSE)&".T"&VLOOKUP(_xlfn.XLOOKUP(1,(PACEs!$C$2:$C$1000=$A7)*(PACEs!$D$2:$D$1000=G8),PACEs!$F$2:$F$1000),Date!$B$2:$K$1623,7,FALSE))} | H11: {=IF(ISERROR(_xlfn.XLOOKUP(1,(PACEs!$C$2:$C$1000=$A7)*(PACEs!$D$2:$D$1000=H8),PACEs!$F$2:$F$1000)),"",VLOOKUP(_xlfn.XLOOKUP(1,(PACEs!$C$2:$C$1000=$A7)*(PACEs!$D$2:$D$1000=H8),PACEs!$F$2:$F$1000),Date!$B$2:$K$1623,10,FALSE)&".T"&VLOOKUP(_xlfn.XLOOKUP(1,(PACEs!$C$2:$C$1000=$A7)*(PACEs!$D$2:$D$1000=H8),PACEs!$F$2:$F$1000),Date!$B$2:$K$1623,7,FALSE))} | I11: {=IF(ISERROR(_xlfn.XLOOKUP(1,(PACEs!$C$2:$C$1000=$A7)*(PACEs!$D$2:$D$1000=I8),PACEs!$F$2:$F$1000)),"",VLOOKUP(_xlfn.XLOOKUP(1,(PACEs!$C$2:$C$1000=$A7)*(PACEs!$D$2:$D$1000=I8),PACEs!$F$2:$F$1000),Date!$B$2:$K$1623,10,FALSE)&".T"&VLOOKUP(_xlfn.XLOOKUP(1,(PACEs!$C$2:$C$1000=$A7)*(PACEs!$D$2:$D$1000=I8),PACEs!$F$2:$F$1000),Date!$B$2:$K$1623,7,FALSE))} | ... M11: {=IF(ISERROR(_xlfn.XLOOKUP(1,(PACEs!$C$2:$C$1000=$A7)*(PACEs!$D$2:$D$1000=M8),PACEs!$F$2:$F$1000)),"",VLOOKUP(_xlfn.XLOOKUP(1,(PACEs!$C$2:$C$1000=$A7)*(PACEs!$D$2:$D$1000=M8),PACEs!$F$2:$F$1000),Date!$B$2:$K$1623,10,FALSE)&".T"&VLOOKUP(_xlfn.XLOOKUP(1,(PACEs!$C$2:$C$1000=$A7)*(PACEs!$D$2:$D$1000=M8),PACEs!$F$2:$F$1000),Date!$B$2:$K$1623,7,FALSE))} -> 25–26.T1 | Q11: dd/mm/yy
A12: Word Building Level 8 | B12: =IF(VLOOKUP($A12,Course!$B$2:$C$165, 2, FALSE)=0, VLOOKUP($A12,Course!$B$2:$C$165, 1, FALSE), VLOOKUP($A12,Course!$B$2:$C$165, 2, FALSE)) -> Word Building Level 8 | G12: =A12 -> Word Building Level 8 | L12: =IF(VLOOKUP($A12, Course!$B$2:$E$165, 3, FALSE)=0, "", VLOOKUP($A12, Course!$B$2:$E$165, 3, FALSE)) | Q12: score
B13: =VLOOKUP($A12,Enrolment!$B$2:$N$15, B$1+1, FALSE) -> 85 | C13: =VLOOKUP($A12,Enrolment!$B$2:$N$15, C$1+1, FALSE) -> 86 | D13: =VLOOKUP($A12,Enrolment!$B$2:$N$15, D$1+1, FALSE) -> 87 | E13: =VLOOKUP($A12,Enrolment!$B$2:$N$15, E$1+1, FALSE) -> 88 | F13: =VLOOKUP($A12,Enrolment!$B$2:$N$15, F$1+1, FALSE) -> 89 | G13: =VLOOKUP($A12,Enrolment!$B$2:$N$15, G$1+1, FALSE) -> 90 | H13: =VLOOKUP($A12,Enrolment!$B$2:$N$15, H$1+1, FALSE) -> 91 | I13: =VLOOKUP($A12,Enrolment!$B$2:$N$15, I$1+1, FALSE) -> 92 | ... M13: =VLOOKUP($A12,Enrolment!$B$2:$N$15, M$1+1, FALSE) -> 96
B14: « | C14: « | D14: « | E14: « | F14: « | G14: « | H14: « | I14: « | J14: « | K14: « | L14: « | M14: « | Q14: =COUNTIFS(PACEs!$C$2:$C$28,A2, PACEs!$D$2:$D$28,M3) -> 1
B15: {=IFERROR(_xlfn.XLOOKUP(1, (PACEs!$C$2:$C$1000=$A12) * (PACEs!$D$2:$D$1000=B13), PACEs!$E$2:$E$1000), "")} | C15: {=IFERROR(_xlfn.XLOOKUP(1, (PACEs!$C$2:$C$1000=$A12) * (PACEs!$D$2:$D$1000=C13), PACEs!$E$2:$E$1000), "")} | D15: {=IFERROR(_xlfn.XLOOKUP(1, (PACEs!$C$2:$C$1000=$A12) * (PACEs!$D$2:$D$1000=D13), PACEs!$E$2:$E$1000), "")} | E15: {=IFERROR(_xlfn.XLOOKUP(1, (PACEs!$C$2:$C$1000=$A12) * (PACEs!$D$2:$D$1000=E13), PACEs!$E$2:$E$1000), "")} | F15: {=IFERROR(_xlfn.XLOOKUP(1, (PACEs!$C$2:$C$1000=$A12) * (PACEs!$D$2:$D$1000=F13), PACEs!$E$2:$E$1000), "")} | G15: {=IFERROR(_xlfn.XLOOKUP(1, (PACEs!$C$2:$C$1000=$A12) * (PACEs!$D$2:$D$1000=G13), PACEs!$E$2:$E$1000), "")} | H15: {=IFERROR(_xlfn.XLOOKUP(1, (PACEs!$C$2:$C$1000=$A12) * (PACEs!$D$2:$D$1000=H13), PACEs!$E$2:$E$1000), "")} | I15: {=IFERROR(_xlfn.XLOOKUP(1, (PACEs!$C$2:$C$1000=$A12) * (PACEs!$D$2:$D$1000=I13), PACEs!$E$2:$E$1000), "")} | ... M15: {=IFERROR(_xlfn.XLOOKUP(1, (PACEs!$C$2:$C$1000=$A12) * (PACEs!$D$2:$D$1000=M13), PACEs!$E$2:$E$1000), "")} -> 1
B16: {=IF(ISERROR(_xlfn.XLOOKUP(1,(PACEs!$C$2:$C$1000=$A12)*(PACEs!$D$2:$D$1000=B13),PACEs!$F$2:$F$1000)),"",VLOOKUP(_xlfn.XLOOKUP(1,(PACEs!$C$2:$C$1000=$A12)*(PACEs!$D$2:$D$1000=B13),PACEs!$F$2:$F$1000),Date!$B$2:$K$1623,10,FALSE)&".T"&VLOOKUP(_xlfn.XLOOKUP(1,(PACEs!$C$2:$C$1000=$A12)*(PACEs!$D$2:$D$1000=B13),PACEs!$F$2:$F$1000),Date!$B$2:$K$1623,7,FALSE))} | C16: {=IF(ISERROR(_xlfn.XLOOKUP(1,(PACEs!$C$2:$C$1000=$A12)*(PACEs!$D$2:$D$1000=C13),PACEs!$F$2:$F$1000)),"",VLOOKUP(_xlfn.XLOOKUP(1,(PACEs!$C$2:$C$1000=$A12)*(PACEs!$D$2:$D$1000=C13),PACEs!$F$2:$F$1000),Date!$B$2:$K$1623,10,FALSE)&".T"&VLOOKUP(_xlfn.XLOOKUP(1,(PACEs!$C$2:$C$1000=$A12)*(PACEs!$D$2:$D$1000=C13),PACEs!$F$2:$F$1000),Date!$B$2:$K$1623,7,FALSE))} | D16: {=IF(ISERROR(_xlfn.XLOOKUP(1,(PACEs!$C$2:$C$1000=$A12)*(PACEs!$D$2:$D$1000=D13),PACEs!$F$2:$F$1000)),"",VLOOKUP(_xlfn.XLOOKUP(1,(PACEs!$C$2:$C$1000=$A12)*(PACEs!$D$2:$D$1000=D13),PACEs!$F$2:$F$1000),Date!$B$2:$K$1623,10,FALSE)&".T"&VLOOKUP(_xlfn.XLOOKUP(1,(PACEs!$C$2:$C$1000=$A12)*(PACEs!$D$2:$D$1000=D13),PACEs!$F$2:$F$1000),Date!$B$2:$K$1623,7,FALSE))} | E16: {=IF(ISERROR(_xlfn.XLOOKUP(1,(PACEs!$C$2:$C$1000=$A12)*(PACEs!$D$2:$D$1000=E13),PACEs!$F$2:$F$1000)),"",VLOOKUP(_xlfn.XLOOKUP(1,(PACEs!$C$2:$C$1000=$A12)*(PACEs!$D$2:$D$1000=E13),PACEs!$F$2:$F$1000),Date!$B$2:$K$1623,10,FALSE)&".T"&VLOOKUP(_xlfn.XLOOKUP(1,(PACEs!$C$2:$C$1000=$A12)*(PACEs!$D$2:$D$1000=E13),PACEs!$F$2:$F$1000),Date!$B$2:$K$1623,7,FALSE))} | F16: {=IF(ISERROR(_xlfn.XLOOKUP(1,(PACEs!$C$2:$C$1000=$A12)*(PACEs!$D$2:$D$1000=F13),PACEs!$F$2:$F$1000)),"",VLOOKUP(_xlfn.XLOOKUP(1,(PACEs!$C$2:$C$1000=$A12)*(PACEs!$D$2:$D$1000=F13),PACEs!$F$2:$F$1000),Date!$B$2:$K$1623,10,FALSE)&".T"&VLOOKUP(_xlfn.XLOOKUP(1,(PACEs!$C$2:$C$1000=$A12)*(PACEs!$D$2:$D$1000=F13),PACEs!$F$2:$F$1000),Date!$B$2:$K$1623,7,FALSE))} | G16: {=IF(ISERROR(_xlfn.XLOOKUP(1,(PACEs!$C$2:$C$1000=$A12)*(PACEs!$D$2:$D$1000=G13),PACEs!$F$2:$F$1000)),"",VLOOKUP(_xlfn.XLOOKUP(1,(PACEs!$C$2:$C$1000=$A12)*(PACEs!$D$2:$D$1000=G13),PACEs!$F$2:$F$1000),Date!$B$2:$K$1623,10,FALSE)&".T"&VLOOKUP(_xlfn.XLOOKUP(1,(PACEs!$C$2:$C$1000=$A12)*(PACEs!$D$2:$D$1000=G13),PACEs!$F$2:$F$1000),Date!$B$2:$K$1623,7,FALSE))} | H16: {=IF(ISERROR(_xlfn.XLOOKUP(1,(PACEs!$C$2:$C$1000=$A12)*(PACEs!$D$2:$D$1000=H13),PACEs!$F$2:$F$1000)),"",VLOOKUP(_xlfn.XLOOKUP(1,(PACEs!$C$2:$C$1000=$A12)*(PACEs!$D$2:$D$1000=H13),PACEs!$F$2:$F$1000),Date!$B$2:$K$1623,10,FALSE)&".T"&VLOOKUP(_xlfn.XLOOKUP(1,(PACEs!$C$2:$C$1000=$A12)*(PACEs!$D$2:$D$1000=H13),PACEs!$F$2:$F$1000),Date!$B$2:$K$1623,7,FALSE))} | I16: {=IF(ISERROR(_xlfn.XLOOKUP(1,(PACEs!$C$2:$C$1000=$A12)*(PACEs!$D$2:$D$1000=I13),PACEs!$F$2:$F$1000)),"",VLOOKUP(_xlfn.XLOOKUP(1,(PACEs!$C$2:$C$1000=$A12)*(PACEs!$D$2:$D$1000=I13),PACEs!$F$2:$F$1000),Date!$B$2:$K$1623,10,FALSE)&".T"&VLOOKUP(_xlfn.XLOOKUP(1,(PACEs!$C$2:$C$1000=$A12)*(PACEs!$D$2:$D$1000=I13),PACEs!$F$2:$F$1000),Date!$B$2:$K$1623,7,FALSE))} | ... M16: {=IF(ISERROR(_xlfn.XLOOKUP(1,(PACEs!$C$2:$C$1000=$A12)*(PACEs!$D$2:$D$1000=M13),PACEs!$F$2:$F$1000)),"",VLOOKUP(_xlfn.XLOOKUP(1,(PACEs!$C$2:$C$1000=$A12)*(PACEs!$D$2:$D$1000=M13),PACEs!$F$2:$F$1000),Date!$B$2:$K$1623,10,FALSE)&".T"&VLOOKUP(_xlfn.XLOOKUP(1,(PACEs!$C$2:$C$1000=$A12)*(PACEs!$D$2:$D$1000=M13),PACEs!$F$2:$F$1000),Date!$B$2:$K$1623,7,FALSE))} -> 25–26.T1
A17: Earth Science | B17: =IF(VLOOKUP($A17,Course!$B$2:$C$165, 2, FALSE)=0, VLOOKUP($A17,Course!$B$2:$C$165, 1, FALSE), VLOOKUP($A17,Course!$B$2:$C$165, 2, FALSE)) -> Earth Science | G17: =A17 -> Earth Science | L17: =IF(VLOOKUP($A17, Course!$B$2:$E$165, 3, FALSE)=0, "", VLOOKUP($A17, Course!$B$2:$E$165, 3, FALSE)) -> Earth Science
B18: =VLOOKUP($A17,Enrolment!$B$2:$N$15, B$1+1, FALSE) -> 85 | C18: =VLOOKUP($A17,Enrolment!$B$2:$N$15, C$1+1, FALSE) -> 86 | D18: =VLOOKUP($A17,Enrolment!$B$2:$N$15, D$1+1, FALSE) -> 87 | E18: =VLOOKUP($A17,Enrolment!$B$2:$N$15, E$1+1, FALSE) -> 88 | F18: =VLOOKUP($A17,Enrolment!$B$2:$N$15, F$1+1, FALSE) -> 89 | G18: =VLOOKUP($A17,Enrolment!$B$2:$N$15, G$1+1, FALSE) -> 90 | H18: =VLOOKUP($A17,Enrolment!$B$2:$N$15, H$1+1, FALSE) -> 91 | I18: =VLOOKUP($A17,Enrolment!$B$2:$N$15, I$1+1, FALSE) -> 92 | ... M18: =VLOOKUP($A17,Enrolment!$B$2:$N$15, M$1+1, FALSE) -> 96
B19: « | C19: « | D19: « | E19: « | F19: « | G19: « | H19: « | I19: « | J19: « | K19: « | L19: « | M19: «
B20: {=IFERROR(_xlfn.XLOOKUP(1, (PACEs!$C$2:$C$1000=$A17) * (PACEs!$D$2:$D$1000=B18), PACEs!$E$2:$E$1000), "")} | C20: {=IFERROR(_xlfn.XLOOKUP(1, (PACEs!$C$2:$C$1000=$A17) * (PACEs!$D$2:$D$1000=C18), PACEs!$E$2:$E$1000), "")} | D20: {=IFERROR(_xlfn.XLOOKUP(1, (PACEs!$C$2:$C$1000=$A17) * (PACEs!$D$2:$D$1000=D18), PACEs!$E$2:$E$1000), "")} | E20: {=IFERROR(_xlfn.XLOOKUP(1, (PACEs!$C$2:$C$1000=$A17) * (PACEs!$D$2:$D$1000=E18), PACEs!$E$2:$E$1000), "")} | F20: {=IFERROR(_xlfn.XLOOKUP(1, (PACEs!$C$2:$C$1000=$A17) * (PACEs!$D$2:$D$1000=F18), PACEs!$E$2:$E$1000), "")} | G20: {=IFERROR(_xlfn.XLOOKUP(1, (PACEs!$C$2:$C$1000=$A17) * (PACEs!$D$2:$D$1000=G18), PACEs!$E$2:$E$1000), "")} | H20: {=IFERROR(_xlfn.XLOOKUP(1, (PACEs!$C$2:$C$1000=$A17) * (PACEs!$D$2:$D$1000=H18), PACEs!$E$2:$E$1000), "")} | I20: {=IFERROR(_xlfn.XLOOKUP(1, (PACEs!$C$2:$C$1000=$A17) * (PACEs!$D$2:$D$1000=I18), PACEs!$E$2:$E$1000), "")} | ... M20: {=IFERROR(_xlfn.XLOOKUP(1, (PACEs!$C$2:$C$1000=$A17) * (PACEs!$D$2:$D$1000=M18), PACEs!$E$2:$E$1000), "")} -> 0.975
B21: {=IF(ISERROR(_xlfn.XLOOKUP(1,(PACEs!$C$2:$C$1000=$A17)*(PACEs!$D$2:$D$1000=B18),PACEs!$F$2:$F$1000)),"",VLOOKUP(_xlfn.XLOOKUP(1,(PACEs!$C$2:$C$1000=$A17)*(PACEs!$D$2:$D$1000=B18),PACEs!$F$2:$F$1000),Date!$B$2:$K$1623,10,FALSE)&".T"&VLOOKUP(_xlfn.XLOOKUP(1,(PACEs!$C$2:$C$1000=$A17)*(PACEs!$D$2:$D$1000=B18),PACEs!$F$2:$F$1000),Date!$B$2:$K$1623,7,FALSE))} | C21: {=IF(ISERROR(_xlfn.XLOOKUP(1,(PACEs!$C$2:$C$1000=$A17)*(PACEs!$D$2:$D$1000=C18),PACEs!$F$2:$F$1000)),"",VLOOKUP(_xlfn.XLOOKUP(1,(PACEs!$C$2:$C$1000=$A17)*(PACEs!$D$2:$D$1000=C18),PACEs!$F$2:$F$1000),Date!$B$2:$K$1623,10,FALSE)&".T"&VLOOKUP(_xlfn.XLOOKUP(1,(PACEs!$C$2:$C$1000=$A17)*(PACEs!$D$2:$D$1000=C18),PACEs!$F$2:$F$1000),Date!$B$2:$K$1623,7,FALSE))} | D21: {=IF(ISERROR(_xlfn.XLOOKUP(1,(PACEs!$C$2:$C$1000=$A17)*(PACEs!$D$2:$D$1000=D18),PACEs!$F$2:$F$1000)),"",VLOOKUP(_xlfn.XLOOKUP(1,(PACEs!$C$2:$C$1000=$A17)*(PACEs!$D$2:$D$1000=D18),PACEs!$F$2:$F$1000),Date!$B$2:$K$1623,10,FALSE)&".T"&VLOOKUP(_xlfn.XLOOKUP(1,(PACEs!$C$2:$C$1000=$A17)*(PACEs!$D$2:$D$1000=D18),PACEs!$F$2:$F$1000),Date!$B$2:$K$1623,7,FALSE))} | E21: {=IF(ISERROR(_xlfn.XLOOKUP(1,(PACEs!$C$2:$C$1000=$A17)*(PACEs!$D$2:$D$1000=E18),PACEs!$F$2:$F$1000)),"",VLOOKUP(_xlfn.XLOOKUP(1,(PACEs!$C$2:$C$1000=$A17)*(PACEs!$D$2:$D$1000=E18),PACEs!$F$2:$F$1000),Date!$B$2:$K$1623,10,FALSE)&".T"&VLOOKUP(_xlfn.XLOOKUP(1,(PACEs!$C$2:$C$1000=$A17)*(PACEs!$D$2:$D$1000=E18),PACEs!$F$2:$F$1000),Date!$B$2:$K$1623,7,FALSE))} | F21: {=IF(ISERROR(_xlfn.XLOOKUP(1,(PACEs!$C$2:$C$1000=$A17)*(PACEs!$D$2:$D$1000=F18),PACEs!$F$2:$F$1000)),"",VLOOKUP(_xlfn.XLOOKUP(1,(PACEs!$C$2:$C$1000=$A17)*(PACEs!$D$2:$D$1000=F18),PACEs!$F$2:$F$1000),Date!$B$2:$K$1623,10,FALSE)&".T"&VLOOKUP(_xlfn.XLOOKUP(1,(PACEs!$C$2:$C$1000=$A17)*(PACEs!$D$2:$D$1000=F18),PACEs!$F$2:$F$1000),Date!$B$2:$K$1623,7,FALSE))} | G21: {=IF(ISERROR(_xlfn.XLOOKUP(1,(PACEs!$C$2:$C$1000=$A17)*(PACEs!$D$2:$D$1000=G18),PACEs!$F$2:$F$1000)),"",VLOOKUP(_xlfn.XLOOKUP(1,(PACEs!$C$2:$C$1000=$A17)*(PACEs!$D$2:$D$1000=G18),PACEs!$F$2:$F$1000),Date!$B$2:$K$1623,10,FALSE)&".T"&VLOOKUP(_xlfn.XLOOKUP(1,(PACEs!$C$2:$C$1000=$A17)*(PACEs!$D$2:$D$1000=G18),PACEs!$F$2:$F$1000),Date!$B$2:$K$1623,7,FALSE))} | H21: {=IF(ISERROR(_xlfn.XLOOKUP(1,(PACEs!$C$2:$C$1000=$A17)*(PACEs!$D$2:$D$1000=H18),PACEs!$F$2:$F$1000)),"",VLOOKUP(_xlfn.XLOOKUP(1,(PACEs!$C$2:$C$1000=$A17)*(PACEs!$D$2:$D$1000=H18),PACEs!$F$2:$F$1000),Date!$B$2:$K$1623,10,FALSE)&".T"&VLOOKUP(_xlfn.XLOOKUP(1,(PACEs!$C$2:$C$1000=$A17)*(PACEs!$D$2:$D$1000=H18),PACEs!$F$2:$F$1000),Date!$B$2:$K$1623,7,FALSE))} | I21: {=IF(ISERROR(_xlfn.XLOOKUP(1,(PACEs!$C$2:$C$1000=$A17)*(PACEs!$D$2:$D$1000=I18),PACEs!$F$2:$F$1000)),"",VLOOKUP(_xlfn.XLOOKUP(1,(PACEs!$C$2:$C$1000=$A17)*(PACEs!$D$2:$D$1000=I18),PACEs!$F$2:$F$1000),Date!$B$2:$K$1623,10,FALSE)&".T"&VLOOKUP(_xlfn.XLOOKUP(1,(PACEs!$C$2:$C$1000=$A17)*(PACEs!$D$2:$D$1000=I18),PACEs!$F$2:$F$1000),Date!$B$2:$K$1623,7,FALSE))} | ... M21: {=IF(ISERROR(_xlfn.XLOOKUP(1,(PACEs!$C$2:$C$1000=$A17)*(PACEs!$D$2:$D$1000=M18),PACEs!$F$2:$F$1000)),"",VLOOKUP(_xlfn.XLOOKUP(1,(PACEs!$C$2:$C$1000=$A17)*(PACEs!$D$2:$D$1000=M18),PACEs!$F$2:$F$1000),Date!$B$2:$K$1623,10,FALSE)&".T"&VLOOKUP(_xlfn.XLOOKUP(1,(PACEs!$C$2:$C$1000=$A17)*(PACEs!$D$2:$D$1000=M18),PACEs!$F$2:$F$1000),Date!$B$2:$K$1623,7,FALSE))} -> 25–26.T1
A22: ICCE Physical Science | B22: =IF(VLOOKUP($A22,Course!$B$2:$C$165, 2, FALSE)=0, VLOOKUP($A22,Course!$B$2:$C$165, 1, FALSE), VLOOKUP($A22,Course!$B$2:$C$165, 2, FALSE)) -> CEE Physical Science I-B | G22: =A22 -> ICCE Physical Science | L22: =IF(VLOOKUP($A22, Course!$B$2:$E$165, 3, FALSE)=0, "", VLOOKUP($A22, Course!$B$2:$E$165, 3, FALSE)) -> Physical Science I
B23: =VLOOKUP($A22,Enrolment!$B$2:$N$15, B$1+1, FALSE) -> 85 | C23: =VLOOKUP($A22,Enrolment!$B$2:$N$15, C$1+1, FALSE) -> 86 | D23: =VLOOKUP($A22,Enrolment!$B$2:$N$15, D$1+1, FALSE) -> 86 | E23: =VLOOKUP($A22,Enrolment!$B$2:$N$15, E$1+1, FALSE) -> 87 | F23: =VLOOKUP($A22,Enrolment!$B$2:$N$15, F$1+1, FALSE) -> 88 | G23: =VLOOKUP($A22,Enrolment!$B$2:$N$15, G$1+1, FALSE) -> 88 | H23: =VLOOKUP($A22,Enrolment!$B$2:$N$15, H$1+1, FALSE) -> 97 | I23: =VLOOKUP($A22,Enrolment!$B$2:$N$15, I$1+1, FALSE) -> 98 | ... M23: =VLOOKUP($A22,Enrolment!$B$2:$N$15, M$1+1, FALSE) -> 100
B24: « | C24: « | D24: « | E24: « | F24: « | G24: « | H24: « | I24: « | J24: « | K24: « | L24: « | M24: «
B25: {=IFERROR(_xlfn.XLOOKUP(1, (PACEs!$C$2:$C$1000=$A22) * (PACEs!$D$2:$D$1000=B23), PACEs!$E$2:$E$1000), "")} | C25: {=IFERROR(_xlfn.XLOOKUP(1, (PACEs!$C$2:$C$1000=$A22) * (PACEs!$D$2:$D$1000=C23), PACEs!$E$2:$E$1000), "")} | D25: {=IFERROR(_xlfn.XLOOKUP(1, (PACEs!$C$2:$C$1000=$A22) * (PACEs!$D$2:$D$1000=D23), PACEs!$E$2:$E$1000), "")} | E25: {=IFERROR(_xlfn.XLOOKUP(1, (PACEs!$C$2:$C$1000=$A22) * (PACEs!$D$2:$D$1000=E23), PACEs!$E$2:$E$1000), "")} | F25: {=IFERROR(_xlfn.XLOOKUP(1, (PACEs!$C$2:$C$1000=$A22) * (PACEs!$D$2:$D$1000=F23), PACEs!$E$2:$E$1000), "")} | G25: {=IFERROR(_xlfn.XLOOKUP(1, (PACEs!$C$2:$C$1000=$A22) * (PACEs!$D$2:$D$1000=G23), PACEs!$E$2:$E$1000), "")} | H25: {=IFERROR(_xlfn.XLOOKUP(1, (PACEs!$C$2:$C$1000=$A22) * (PACEs!$D$2:$D$1000=H23), PACEs!$E$2:$E$1000), "")} | I25: {=IFERROR(_xlfn.XLOOKUP(1, (PACEs!$C$2:$C$1000=$A22) * (PACEs!$D$2:$D$1000=I23), PACEs!$E$2:$E$1000), "")} -> 1 | ... M25: {=IFERROR(_xlfn.XLOOKUP(1, (PACEs!$C$2:$C$1000=$A22) * (PACEs!$D$2:$D$1000=M23), PACEs!$E$2:$E$1000), "")}
B26: {=IF(ISERROR(_xlfn.XLOOKUP(1,(PACEs!$C$2:$C$1000=$A22)*(PACEs!$D$2:$D$1000=B23),PACEs!$F$2:$F$1000)),"",VLOOKUP(_xlfn.XLOOKUP(1,(PACEs!$C$2:$C$1000=$A22)*(PACEs!$D$2:$D$1000=B23),PACEs!$F$2:$F$1000),Date!$B$2:$K$1623,10,FALSE)&".T"&VLOOKUP(_xlfn.XLOOKUP(1,(PACEs!$C$2:$C$1000=$A22)*(PACEs!$D$2:$D$1000=B23),PACEs!$F$2:$F$1000),Date!$B$2:$K$1623,7,FALSE))} | C26: {=IF(ISERROR(_xlfn.XLOOKUP(1,(PACEs!$C$2:$C$1000=$A22)*(PACEs!$D$2:$D$1000=C23),PACEs!$F$2:$F$1000)),"",VLOOKUP(_xlfn.XLOOKUP(1,(PACEs!$C$2:$C$1000=$A22)*(PACEs!$D$2:$D$1000=C23),PACEs!$F$2:$F$1000),Date!$B$2:$K$1623,10,FALSE)&".T"&VLOOKUP(_xlfn.XLOOKUP(1,(PACEs!$C$2:$C$1000=$A22)*(PACEs!$D$2:$D$1000=C23),PACEs!$F$2:$F$1000),Date!$B$2:$K$1623,7,FALSE))} | D26: {=IF(ISERROR(_xlfn.XLOOKUP(1,(PACEs!$C$2:$C$1000=$A22)*(PACEs!$D$2:$D$1000=D23),PACEs!$F$2:$F$1000)),"",VLOOKUP(_xlfn.XLOOKUP(1,(PACEs!$C$2:$C$1000=$A22)*(PACEs!$D$2:$D$1000=D23),PACEs!$F$2:$F$1000),Date!$B$2:$K$1623,10,FALSE)&".T"&VLOOKUP(_xlfn.XLOOKUP(1,(PACEs!$C$2:$C$1000=$A22)*(PACEs!$D$2:$D$1000=D23),PACEs!$F$2:$F$1000),Date!$B$2:$K$1623,7,FALSE))} | E26: {=IF(ISERROR(_xlfn.XLOOKUP(1,(PACEs!$C$2:$C$1000=$A22)*(PACEs!$D$2:$D$1000=E23),PACEs!$F$2:$F$1000)),"",VLOOKUP(_xlfn.XLOOKUP(1,(PACEs!$C$2:$C$1000=$A22)*(PACEs!$D$2:$D$1000=E23),PACEs!$F$2:$F$1000),Date!$B$2:$K$1623,10,FALSE)&".T"&VLOOKUP(_xlfn.XLOOKUP(1,(PACEs!$C$2:$C$1000=$A22)*(PACEs!$D$2:$D$1000=E23),PACEs!$F$2:$F$1000),Date!$B$2:$K$1623,7,FALSE))} | F26: {=IF(ISERROR(_xlfn.XLOOKUP(1,(PACEs!$C$2:$C$1000=$A22)*(PACEs!$D$2:$D$1000=F23),PACEs!$F$2:$F$1000)),"",VLOOKUP(_xlfn.XLOOKUP(1,(PACEs!$C$2:$C$1000=$A22)*(PACEs!$D$2:$D$1000=F23),PACEs!$F$2:$F$1000),Date!$B$2:$K$1623,10,FALSE)&".T"&VLOOKUP(_xlfn.XLOOKUP(1,(PACEs!$C$2:$C$1000=$A22)*(PACEs!$D$2:$D$1000=F23),PACEs!$F$2:$F$1000),Date!$B$2:$K$1623,7,FALSE))} | G26: {=IF(ISERROR(_xlfn.XLOOKUP(1,(PACEs!$C$2:$C$1000=$A22)*(PACEs!$D$2:$D$1000=G23),PACEs!$F$2:$F$1000)),"",VLOOKUP(_xlfn.XLOOKUP(1,(PACEs!$C$2:$C$1000=$A22)*(PACEs!$D$2:$D$1000=G23),PACEs!$F$2:$F$1000),Date!$B$2:$K$1623,10,FALSE)&".T"&VLOOKUP(_xlfn.XLOOKUP(1,(PACEs!$C$2:$C$1000=$A22)*(PACEs!$D$2:$D$1000=G23),PACEs!$F$2:$F$1000),Date!$B$2:$K$1623,7,FALSE))} | H26: {=IF(ISERROR(_xlfn.XLOOKUP(1,(PACEs!$C$2:$C$1000=$A22)*(PACEs!$D$2:$D$1000=H23),PACEs!$F$2:$F$1000)),"",VLOOKUP(_xlfn.XLOOKUP(1,(PACEs!$C$2:$C$1000=$A22)*(PACEs!$D$2:$D$1000=H23),PACEs!$F$2:$F$1000),Date!$B$2:$K$1623,10,FALSE)&".T"&VLOOKUP(_xlfn.XLOOKUP(1,(PACEs!$C$2:$C$1000=$A22)*(PACEs!$D$2:$D$1000=H23),PACEs!$F$2:$F$1000),Date!$B$2:$K$1623,7,FALSE))} | I26: {=IF(ISERROR(_xlfn.XLOOKUP(1,(PACEs!$C$2:$C$1000=$A22)*(PACEs!$D$2:$D$1000=I23),PACEs!$F$2:$F$1000)),"",VLOOKUP(_xlfn.XLOOKUP(1,(PACEs!$C$2:$C$1000=$A22)*(PACEs!$D$2:$D$1000=I23),PACEs!$F$2:$F$1000),Date!$B$2:$K$1623,10,FALSE)&".T"&VLOOKUP(_xlfn.XLOOKUP(1,(PACEs!$C$2:$C$1000=$A22)*(PACEs!$D$2:$D$1000=I23),PACEs!$F$2:$F$1000),Date!$B$2:$K$1623,7,FALSE))} -> 25–26.T1 | ... M26: {=IF(ISERROR(_xlfn.XLOOKUP(1,(PACEs!$C$2:$C$1000=$A22)*(PACEs!$D$2:$D$1000=M23),PACEs!$F$2:$F$1000)),"",VLOOKUP(_xlfn.XLOOKUP(1,(PACEs!$C$2:$C$1000=$A22)*(PACEs!$D$2:$D$1000=M23),PACEs!$F$2:$F$1000),Date!$B$2:$K$1623,10,FALSE)&".T"&VLOOKUP(_xlfn.XLOOKUP(1,(PACEs!$C$2:$C$1000=$A22)*(PACEs!$D$2:$D$1000=M23),PACEs!$F$2:$F$1000),Date!$B$2:$K$1623,7,FALSE))}
A27: World Geography | B27: =IF(VLOOKUP($A27,Course!$B$2:$C$165, 2, FALSE)=0, VLOOKUP($A27,Course!$B$2:$C$165, 1, FALSE), VLOOKUP($A27,Course!$B$2:$C$165, 2, FALSE)) -> Social Studies I-C | G27: =A27 -> World Geography | L27: =IF(VLOOKUP($A27, Course!$B$2:$E$165, 3, FALSE)=0, "", VLOOKUP($A27, Course!$B$2:$E$165, 3, FALSE)) -> World Geography
B28: =VLOOKUP($A27,Enrolment!$B$2:$N$15, B$1+1, FALSE) -> 97 | C28: =VLOOKUP($A27,Enrolment!$B$2:$N$15, C$1+1, FALSE) -> 98 | D28: =VLOOKUP($A27,Enrolment!$B$2:$N$15, D$1+1, FALSE) -> 99 | E28: =VLOOKUP($A27,Enrolment!$B$2:$N$15, E$1+1, FALSE) -> 100 | F28: =VLOOKUP($A27,Enrolment!$B$2:$N$15, F$1+1, FALSE) -> 101 | G28: =VLOOKUP($A27,Enrolment!$B$2:$N$15, G$1+1, FALSE) -> 102 | H28: =VLOOKUP($A27,Enrolment!$B$2:$N$15, H$1+1, FALSE) -> 103 | I28: =VLOOKUP($A27,Enrolment!$B$2:$N$15, I$1+1, FALSE) -> 104 | ... M28: =VLOOKUP($A27,Enrolment!$B$2:$N$15, M$1+1, FALSE) -> 108
B29: « | C29: « | D29: « | E29: « | F29: « | G29: « | H29: « | I29: « | J29: « | K29: « | L29: « | M29: «
B30: {=IFERROR(_xlfn.XLOOKUP(1, (PACEs!$C$2:$C$1000=$A27) * (PACEs!$D$2:$D$1000=B28), PACEs!$E$2:$E$1000), "")} -> 0.98 | C30: {=IFERROR(_xlfn.XLOOKUP(1, (PACEs!$C$2:$C$1000=$A27) * (PACEs!$D$2:$D$1000=C28), PACEs!$E$2:$E$1000), "")} | D30: {=IFERROR(_xlfn.XLOOKUP(1, (PACEs!$C$2:$C$1000=$A27) * (PACEs!$D$2:$D$1000=D28), PACEs!$E$2:$E$1000), "")} -> 0.975 | E30: {=IFERROR(_xlfn.XLOOKUP(1, (PACEs!$C$2:$C$1000=$A27) * (PACEs!$D$2:$D$1000=E28), PACEs!$E$2:$E$1000), "")} -> 1 | F30: {=IFERROR(_xlfn.XLOOKUP(1, (PACEs!$C$2:$C$1000=$A27) * (PACEs!$D$2:$D$1000=F28), PACEs!$E$2:$E$1000), "")} | G30: {=IFERROR(_xlfn.XLOOKUP(1, (PACEs!$C$2:$C$1000=$A27) * (PACEs!$D$2:$D$1000=G28), PACEs!$E$2:$E$1000), "")} | H30: {=IFERROR(_xlfn.XLOOKUP(1, (PACEs!$C$2:$C$1000=$A27) * (PACEs!$D$2:$D$1000=H28), PACEs!$E$2:$E$1000), "")} | I30: {=IFERROR(_xlfn.XLOOKUP(1, (PACEs!$C$2:$C$1000=$A27) * (PACEs!$D$2:$D$1000=I28), PACEs!$E$2:$E$1000), "")} | ... M30: {=IFERROR(_xlfn.XLOOKUP(1, (PACEs!$C$2:$C$1000=$A27) * (PACEs!$D$2:$D$1000=M28), PACEs!$E$2:$E$1000), "")}
B31: {=IF(ISERROR(_xlfn.XLOOKUP(1,(PACEs!$C$2:$C$1000=$A27)*(PACEs!$D$2:$D$1000=B28),PACEs!$F$2:$F$1000)),"",VLOOKUP(_xlfn.XLOOKUP(1,(PACEs!$C$2:$C$1000=$A27)*(PACEs!$D$2:$D$1000=B28),PACEs!$F$2:$F$1000),Date!$B$2:$K$1623,10,FALSE)&".T"&VLOOKUP(_xlfn.XLOOKUP(1,(PACEs!$C$2:$C$1000=$A27)*(PACEs!$D$2:$D$1000=B28),PACEs!$F$2:$F$1000),Date!$B$2:$K$1623,7,FALSE))} -> 25–26.T1 | C31: {=IF(ISERROR(_xlfn.XLOOKUP(1,(PACEs!$C$2:$C$1000=$A27)*(PACEs!$D$2:$D$1000=C28),PACEs!$F$2:$F$1000)),"",VLOOKUP(_xlfn.XLOOKUP(1,(PACEs!$C$2:$C$1000=$A27)*(PACEs!$D$2:$D$1000=C28),PACEs!$F$2:$F$1000),Date!$B$2:$K$1623,10,FALSE)&".T"&VLOOKUP(_xlfn.XLOOKUP(1,(PACEs!$C$2:$C$1000=$A27)*(PACEs!$D$2:$D$1000=C28),PACEs!$F$2:$F$1000),Date!$B$2:$K$1623,7,FALSE))} | D31: {=IF(ISERROR(_xlfn.XLOOKUP(1,(PACEs!$C$2:$C$1000=$A27)*(PACEs!$D$2:$D$1000=D28),PACEs!$F$2:$F$1000)),"",VLOOKUP(_xlfn.XLOOKUP(1,(PACEs!$C$2:$C$1000=$A27)*(PACEs!$D$2:$D$1000=D28),PACEs!$F$2:$F$1000),Date!$B$2:$K$1623,10,FALSE)&".T"&VLOOKUP(_xlfn.XLOOKUP(1,(PACEs!$C$2:$C$1000=$A27)*(PACEs!$D$2:$D$1000=D28),PACEs!$F$2:$F$1000),Date!$B$2:$K$1623,7,FALSE))} -> 25–26.T3 | E31: {=IF(ISERROR(_xlfn.XLOOKUP(1,(PACEs!$C$2:$C$1000=$A27)*(PACEs!$D$2:$D$1000=E28),PACEs!$F$2:$F$1000)),"",VLOOKUP(_xlfn.XLOOKUP(1,(PACEs!$C$2:$C$1000=$A27)*(PACEs!$D$2:$D$1000=E28),PACEs!$F$2:$F$1000),Date!$B$2:$K$1623,10,FALSE)&".T"&VLOOKUP(_xlfn.XLOOKUP(1,(PACEs!$C$2:$C$1000=$A27)*(PACEs!$D$2:$D$1000=E28),PACEs!$F$2:$F$1000),Date!$B$2:$K$1623,7,FALSE))} -> 25–26.T3 | F31: {=IF(ISERROR(_xlfn.XLOOKUP(1,(PACEs!$C$2:$C$1000=$A27)*(PACEs!$D$2:$D$1000=F28),PACEs!$F$2:$F$1000)),"",VLOOKUP(_xlfn.XLOOKUP(1,(PACEs!$C$2:$C$1000=$A27)*(PACEs!$D$2:$D$1000=F28),PACEs!$F$2:$F$1000),Date!$B$2:$K$1623,10,FALSE)&".T"&VLOOKUP(_xlfn.XLOOKUP(1,(PACEs!$C$2:$C$1000=$A27)*(PACEs!$D$2:$D$1000=F28),PACEs!$F$2:$F$1000),Date!$B$2:$K$1623,7,FALSE))} | G31: {=IF(ISERROR(_xlfn.XLOOKUP(1,(PACEs!$C$2:$C$1000=$A27)*(PACEs!$D$2:$D$1000=G28),PACEs!$F$2:$F$1000)),"",VLOOKUP(_xlfn.XLOOKUP(1,(PACEs!$C$2:$C$1000=$A27)*(PACEs!$D$2:$D$1000=G28),PACEs!$F$2:$F$1000),Date!$B$2:$K$1623,10,FALSE)&".T"&VLOOKUP(_xlfn.XLOOKUP(1,(PACEs!$C$2:$C$1000=$A27)*(PACEs!$D$2:$D$1000=G28),PACEs!$F$2:$F$1000),Date!$B$2:$K$1623,7,FALSE))} | H31: {=IF(ISERROR(_xlfn.XLOOKUP(1,(PACEs!$C$2:$C$1000=$A27)*(PACEs!$D$2:$D$1000=H28),PACEs!$F$2:$F$1000)),"",VLOOKUP(_xlfn.XLOOKUP(1,(PACEs!$C$2:$C$1000=$A27)*(PACEs!$D$2:$D$1000=H28),PACEs!$F$2:$F$1000),Date!$B$2:$K$1623,10,FALSE)&".T"&VLOOKUP(_xlfn.XLOOKUP(1,(PACEs!$C$2:$C$1000=$A27)*(PACEs!$D$2:$D$1000=H28),PACEs!$F$2:$F$1000),Date!$B$2:$K$1623,7,FALSE))} | I31: {=IF(ISERROR(_xlfn.XLOOKUP(1,(PACEs!$C$2:$C$1000=$A27)*(PACEs!$D$2:$D$1000=I28),PACEs!$F$2:$F$1000)),"",VLOOKUP(_xlfn.XLOOKUP(1,(PACEs!$C$2:$C$1000=$A27)*(PACEs!$D$2:$D$1000=I28),PACEs!$F$2:$F$1000),Date!$B$2:$K$1623,10,FALSE)&".T"&VLOOKUP(_xlfn.XLOOKUP(1,(PACEs!$C$2:$C$1000=$A27)*(PACEs!$D$2:$D$1000=I28),PACEs!$F$2:$F$1000),Date!$B$2:$K$1623,7,FALSE))} | ... M31: {=IF(ISERROR(_xlfn.XLOOKUP(1,(PACEs!$C$2:$C$1000=$A27)*(PACEs!$D$2:$D$1000=M28),PACEs!$F$2:$F$1000)),"",VLOOKUP(_xlfn.XLOOKUP(1,(PACEs!$C$2:$C$1000=$A27)*(PACEs!$D$2:$D$1000=M28),PACEs!$F$2:$F$1000),Date!$B$2:$K$1623,10,FALSE)&".T"&VLOOKUP(_xlfn.XLOOKUP(1,(PACEs!$C$2:$C$1000=$A27)*(PACEs!$D$2:$D$1000=M28),PACEs!$F$2:$F$1000),Date!$B$2:$K$1623,7,FALSE))}
A32: New Testament Survey | B32: =IF(VLOOKUP($A32,Course!$B$2:$C$165, 2, FALSE)=0, VLOOKUP($A32,Course!$B$2:$C$165, 1, FALSE), VLOOKUP($A32,Course!$B$2:$C$165, 2, FALSE)) -> Biblical Studies I: New Testament Survey | G32: =A32 -> New Testament Survey | L32: =IF(VLOOKUP($A32, Course!$B$2:$E$165, 3, FALSE)=0, "", VLOOKUP($A32, Course!$B$2:$E$165, 3, FALSE)) -> New Testament Survey
B33: =VLOOKUP($A32,Enrolment!$B$2:$N$15, B$1+1, FALSE) -> 97 | C33: =VLOOKUP($A32,Enrolment!$B$2:$N$15, C$1+1, FALSE) -> 98 | D33: =VLOOKUP($A32,Enrolment!$B$2:$N$15, D$1+1, FALSE) -> 99 | E33: =VLOOKUP($A32,Enrolment!$B$2:$N$15, E$1+1, FALSE) -> 100 | F33: =VLOOKUP($A32,Enrolment!$B$2:$N$15, F$1+1, FALSE) -> 101 | G33: =VLOOKUP($A32,Enrolment!$B$2:$N$15, G$1+1, FALSE) -> 102 | H33: =VLOOKUP($A32,Enrolment!$B$2:$N$15, H$1+1, FALSE) -> 103 | I33: =VLOOKUP($A32,Enrolment!$B$2:$N$15, I$1+1, FALSE) -> 104 | ... M33: =VLOOKUP($A32,Enrolment!$B$2:$N$15, M$1+1, FALSE) -> 108
B34: « | C34: « | D34: « | E34: « | F34: « | G34: « | H34: « | I34: « | J34: « | K34: « | L34: « | M34: «
B35: {=IFERROR(_xlfn.XLOOKUP(1, (PACEs!$C$2:$C$1000=$A32) * (PACEs!$D$2:$D$1000=B33), PACEs!$E$2:$E$1000), "")} | C35: {=IFERROR(_xlfn.XLOOKUP(1, (PACEs!$C$2:$C$1000=$A32) * (PACEs!$D$2:$D$1000=C33), PACEs!$E$2:$E$1000), "")} | D35: {=IFERROR(_xlfn.XLOOKUP(1, (PACEs!$C$2:$C$1000=$A32) * (PACEs!$D$2:$D$1000=D33), PACEs!$E$2:$E$1000), "")} | E35: {=IFERROR(_xlfn.XLOOKUP(1, (PACEs!$C$2:$C$1000=$A32) * (PACEs!$D$2:$D$1000=E33), PACEs!$E$2:$E$1000), "")} | F35: {=IFERROR(_xlfn.XLOOKUP(1, (PACEs!$C$2:$C$1000=$A32) * (PACEs!$D$2:$D$1000=F33), PACEs!$E$2:$E$1000), "")} | G35: {=IFERROR(_xlfn.XLOOKUP(1, (PACEs!$C$2:$C$1000=$A32) * (PACEs!$D$2:$D$1000=G33), PACEs!$E$2:$E$1000), "")} | H35: {=IFERROR(_xlfn.XLOOKUP(1, (PACEs!$C$2:$C$1000=$A32) * (PACEs!$D$2:$D$1000=H33), PACEs!$E$2:$E$1000), "")} | I35: {=IFERROR(_xlfn.XLOOKUP(1, (PACEs!$C$2:$C$1000=$A32) * (PACEs!$D$2:$D$1000=I33), PACEs!$E$2:$E$1000), "")} | ... M35: {=IFERROR(_xlfn.XLOOKUP(1, (PACEs!$C$2:$C$1000=$A32) * (PACEs!$D$2:$D$1000=M33), PACEs!$E$2:$E$1000), "")} -> 0.99
B36: {=IF(ISERROR(_xlfn.XLOOKUP(1,(PACEs!$C$2:$C$1000=$A32)*(PACEs!$D$2:$D$1000=B33),PACEs!$F$2:$F$1000)),"",VLOOKUP(_xlfn.XLOOKUP(1,(PACEs!$C$2:$C$1000=$A32)*(PACEs!$D$2:$D$1000=B33),PACEs!$F$2:$F$1000),Date!$B$2:$K$1623,10,FALSE)&".T"&VLOOKUP(_xlfn.XLOOKUP(1,(PACEs!$C$2:$C$1000=$A32)*(PACEs!$D$2:$D$1000=B33),PACEs!$F$2:$F$1000),Date!$B$2:$K$1623,7,FALSE))} | C36: {=IF(ISERROR(_xlfn.XLOOKUP(1,(PACEs!$C$2:$C$1000=$A32)*(PACEs!$D$2:$D$1000=C33),PACEs!$F$2:$F$1000)),"",VLOOKUP(_xlfn.XLOOKUP(1,(PACEs!$C$2:$C$1000=$A32)*(PACEs!$D$2:$D$1000=C33),PACEs!$F$2:$F$1000),Date!$B$2:$K$1623,10,FALSE)&".T"&VLOOKUP(_xlfn.XLOOKUP(1,(PACEs!$C$2:$C$1000=$A32)*(PACEs!$D$2:$D$1000=C33),PACEs!$F$2:$F$1000),Date!$B$2:$K$1623,7,FALSE))} | D36: {=IF(ISERROR(_xlfn.XLOOKUP(1,(PACEs!$C$2:$C$1000=$A32)*(PACEs!$D$2:$D$1000=D33),PACEs!$F$2:$F$1000)),"",VLOOKUP(_xlfn.XLOOKUP(1,(PACEs!$C$2:$C$1000=$A32)*(PACEs!$D$2:$D$1000=D33),PACEs!$F$2:$F$1000),Date!$B$2:$K$1623,10,FALSE)&".T"&VLOOKUP(_xlfn.XLOOKUP(1,(PACEs!$C$2:$C$1000=$A32)*(PACEs!$D$2:$D$1000=D33),PACEs!$F$2:$F$1000),Date!$B$2:$K$1623,7,FALSE))} | E36: {=IF(ISERROR(_xlfn.XLOOKUP(1,(PACEs!$C$2:$C$1000=$A32)*(PACEs!$D$2:$D$1000=E33),PACEs!$F$2:$F$1000)),"",VLOOKUP(_xlfn.XLOOKUP(1,(PACEs!$C$2:$C$1000=$A32)*(PACEs!$D$2:$D$1000=E33),PACEs!$F$2:$F$1000),Date!$B$2:$K$1623,10,FALSE)&".T"&VLOOKUP(_xlfn.XLOOKUP(1,(PACEs!$C$2:$C$1000=$A32)*(PACEs!$D$2:$D$1000=E33),PACEs!$F$2:$F$1000),Date!$B$2:$K$1623,7,FALSE))} | F36: {=IF(ISERROR(_xlfn.XLOOKUP(1,(PACEs!$C$2:$C$1000=$A32)*(PACEs!$D$2:$D$1000=F33),PACEs!$F$2:$F$1000)),"",VLOOKUP(_xlfn.XLOOKUP(1,(PACEs!$C$2:$C$1000=$A32)*(PACEs!$D$2:$D$1000=F33),PACEs!$F$2:$F$1000),Date!$B$2:$K$1623,10,FALSE)&".T"&VLOOKUP(_xlfn.XLOOKUP(1,(PACEs!$C$2:$C$1000=$A32)*(PACEs!$D$2:$D$1000=F33),PACEs!$F$2:$F$1000),Date!$B$2:$K$1623,7,FALSE))} | G36: {=IF(ISERROR(_xlfn.XLOOKUP(1,(PACEs!$C$2:$C$1000=$A32)*(PACEs!$D$2:$D$1000=G33),PACEs!$F$2:$F$1000)),"",VLOOKUP(_xlfn.XLOOKUP(1,(PACEs!$C$2:$C$1000=$A32)*(PACEs!$D$2:$D$1000=G33),PACEs!$F$2:$F$1000),Date!$B$2:$K$1623,10,FALSE)&".T"&VLOOKUP(_xlfn.XLOOKUP(1,(PACEs!$C$2:$C$1000=$A32)*(PACEs!$D$2:$D$1000=G33),PACEs!$F$2:$F$1000),Date!$B$2:$K$1623,7,FALSE))} | H36: {=IF(ISERROR(_xlfn.XLOOKUP(1,(PACEs!$C$2:$C$1000=$A32)*(PACEs!$D$2:$D$1000=H33),PACEs!$F$2:$F$1000)),"",VLOOKUP(_xlfn.XLOOKUP(1,(PACEs!$C$2:$C$1000=$A32)*(PACEs!$D$2:$D$1000=H33),PACEs!$F$2:$F$1000),Date!$B$2:$K$1623,10,FALSE)&".T"&VLOOKUP(_xlfn.XLOOKUP(1,(PACEs!$C$2:$C$1000=$A32)*(PACEs!$D$2:$D$1000=H33),PACEs!$F$2:$F$1000),Date!$B$2:$K$1623,7,FALSE))} | I36: {=IF(ISERROR(_xlfn.XLOOKUP(1,(PACEs!$C$2:$C$1000=$A32)*(PACEs!$D$2:$D$1000=I33),PACEs!$F$2:$F$1000)),"",VLOOKUP(_xlfn.XLOOKUP(1,(PACEs!$C$2:$C$1000=$A32)*(PACEs!$D$2:$D$1000=I33),PACEs!$F$2:$F$1000),Date!$B$2:$K$1623,10,FALSE)&".T"&VLOOKUP(_xlfn.XLOOKUP(1,(PACEs!$C$2:$C$1000=$A32)*(PACEs!$D$2:$D$1000=I33),PACEs!$F$2:$F$1000),Date!$B$2:$K$1623,7,FALSE))} | ... M36: {=IF(ISERROR(_xlfn.XLOOKUP(1,(PACEs!$C$2:$C$1000=$A32)*(PACEs!$D$2:$D$1000=M33),PACEs!$F$2:$F$1000)),"",VLOOKUP(_xlfn.XLOOKUP(1,(PACEs!$C$2:$C$1000=$A32)*(PACEs!$D$2:$D$1000=M33),PACEs!$F$2:$F$1000),Date!$B$2:$K$1623,10,FALSE)&".T"&VLOOKUP(_xlfn.XLOOKUP(1,(PACEs!$C$2:$C$1000=$A32)*(PACEs!$D$2:$D$1000=M33),PACEs!$F$2:$F$1000),Date!$B$2:$K$1623,7,FALSE))} -> 25–26.T1
A37: Astronomy | B37: =IF(VLOOKUP($A37,Course!$B$2:$C$165, 2, FALSE)=0, VLOOKUP($A37,Course!$B$2:$C$165, 1, FALSE), VLOOKUP($A37,Course!$B$2:$C$165, 2, FALSE)) -> Astronomy | G37: =A37 -> Astronomy | L37: =IF(VLOOKUP($A37, Course!$B$2:$E$165, 3, FALSE)=0, "", VLOOKUP($A37, Course!$B$2:$E$165, 3, FALSE)) -> Astronomy
B38: =IF(VLOOKUP($A37,Enrolment!$B$2:$N$15, B$1+1, FALSE)=0, "", VLOOKUP($A37,Enrolment!$B$2:$N$15, B$1+1, FALSE)) -> 1 | C38: =IF(VLOOKUP($A37,Enrolment!$B$2:$N$15, C$1+1, FALSE)=0, "", VLOOKUP($A37,Enrolment!$B$2:$N$15, C$1+1, FALSE)) -> 2 | D38: =IF(VLOOKUP($A37,Enrolment!$B$2:$N$15, D$1+1, FALSE)=0, "", VLOOKUP($A37,Enrolment!$B$2:$N$15, D$1+1, FALSE)) -> 3 | E38: =IF(VLOOKUP($A37,Enrolment!$B$2:$N$15, E$1+1, FALSE)=0, "", VLOOKUP($A37,Enrolment!$B$2:$N$15, E$1+1, FALSE)) -> 4 | F38: =IF(VLOOKUP($A37,Enrolment!$B$2:$N$15, F$1+1, FALSE)=0, "", VLOOKUP($A37,Enrolment!$B$2:$N$15, F$1+1, FALSE)) -> 5 | G38: =IF(VLOOKUP($A37,Enrolment!$B$2:$N$15, G$1+1, FALSE)=0, "", VLOOKUP($A37,Enrolment!$B$2:$N$15, G$1+1, FALSE)) -> 5 | H38: =IF(VLOOKUP($A37,Enrolment!$B$2:$N$15, H$1+1, FALSE)=0, "", VLOOKUP($A37,Enrolment!$B$2:$N$15, H$1+1, FALSE)) | I38: =IF(VLOOKUP($A37,Enrolment!$B$2:$N$15, I$1+1, FALSE)=0, "", VLOOKUP($A37,Enrolment!$B$2:$N$15, I$1+1, FALSE)) | ... M38: =IF(VLOOKUP($A37,Enrolment!$B$2:$N$15, M$1+1, FALSE)=0, "", VLOOKUP($A37,Enrolment!$B$2:$N$15, M$1+1, FALSE))
B39: « | C39: « | D39: « | E39: « | F39: « | G39: « | H39: « | I39: « | J39: « | K39: « | L39: « | M39: «
B40: {=IFERROR(_xlfn.XLOOKUP(1, (PACEs!$C$2:$C$1000=$A37) * (PACEs!$D$2:$D$1000=B38), PACEs!$E$2:$E$1000), "")} | C40: {=IFERROR(_xlfn.XLOOKUP(1, (PACEs!$C$2:$C$1000=$A37) * (PACEs!$D$2:$D$1000=C38), PACEs!$E$2:$E$1000), "")} | D40: {=IFERROR(_xlfn.XLOOKUP(1, (PACEs!$C$2:$C$1000=$A37) * (PACEs!$D$2:$D$1000=D38), PACEs!$E$2:$E$1000), "")} | E40: {=IFERROR(_xlfn.XLOOKUP(1, (PACEs!$C$2:$C$1000=$A37) * (PACEs!$D$2:$D$1000=E38), PACEs!$E$2:$E$1000), "")} -> 0.92 | F40: {=IFERROR(_xlfn.XLOOKUP(1, (PACEs!$C$2:$C$1000=$A37) * (PACEs!$D$2:$D$1000=F38), PACEs!$E$2:$E$1000), "")} | G40: {=IFERROR(_xlfn.XLOOKUP(1, (PACEs!$C$2:$C$1000=$A37) * (PACEs!$D$2:$D$1000=G38), PACEs!$E$2:$E$1000), "")} | H40: {=IFERROR(_xlfn.XLOOKUP(1, (PACEs!$C$2:$C$1000=$A37) * (PACEs!$D$2:$D$1000=H38), PACEs!$E$2:$E$1000), "")} | I40: {=IFERROR(_xlfn.XLOOKUP(1, (PACEs!$C$2:$C$1000=$A37) * (PACEs!$D$2:$D$1000=I38), PACEs!$E$2:$E$1000), "")} | ... M40: {=IFERROR(_xlfn.XLOOKUP(1, (PACEs!$C$2:$C$1000=$A37) * (PACEs!$D$2:$D$1000=M38), PACEs!$E$2:$E$1000), "")}
B41: {=IF(ISERROR(_xlfn.XLOOKUP(1,(PACEs!$C$2:$C$1000=$A37)*(PACEs!$D$2:$D$1000=B38),PACEs!$F$2:$F$1000)),"",VLOOKUP(_xlfn.XLOOKUP(1,(PACEs!$C$2:$C$1000=$A37)*(PACEs!$D$2:$D$1000=B38),PACEs!$F$2:$F$1000),Date!$B$2:$K$1623,10,FALSE)&".T"&VLOOKUP(_xlfn.XLOOKUP(1,(PACEs!$C$2:$C$1000=$A37)*(PACEs!$D$2:$D$1000=B38),PACEs!$F$2:$F$1000),Date!$B$2:$K$1623,7,FALSE))} | C41: {=IF(ISERROR(_xlfn.XLOOKUP(1,(PACEs!$C$2:$C$1000=$A37)*(PACEs!$D$2:$D$1000=C38),PACEs!$F$2:$F$1000)),"",VLOOKUP(_xlfn.XLOOKUP(1,(PACEs!$C$2:$C$1000=$A37)*(PACEs!$D$2:$D$1000=C38),PACEs!$F$2:$F$1000),Date!$B$2:$K$1623,10,FALSE)&".T"&VLOOKUP(_xlfn.XLOOKUP(1,(PACEs!$C$2:$C$1000=$A37)*(PACEs!$D$2:$D$1000=C38),PACEs!$F$2:$F$1000),Date!$B$2:$K$1623,7,FALSE))} | D41: {=IF(ISERROR(_xlfn.XLOOKUP(1,(PACEs!$C$2:$C$1000=$A37)*(PACEs!$D$2:$D$1000=D38),PACEs!$F$2:$F$1000)),"",VLOOKUP(_xlfn.XLOOKUP(1,(PACEs!$C$2:$C$1000=$A37)*(PACEs!$D$2:$D$1000=D38),PACEs!$F$2:$F$1000),Date!$B$2:$K$1623,10,FALSE)&".T"&VLOOKUP(_xlfn.XLOOKUP(1,(PACEs!$C$2:$C$1000=$A37)*(PACEs!$D$2:$D$1000=D38),PACEs!$F$2:$F$1000),Date!$B$2:$K$1623,7,FALSE))} | E41: {=IF(ISERROR(_xlfn.XLOOKUP(1,(PACEs!$C$2:$C$1000=$A37)*(PACEs!$D$2:$D$1000=E38),PACEs!$F$2:$F$1000)),"",VLOOKUP(_xlfn.XLOOKUP(1,(PACEs!$C$2:$C$1000=$A37)*(PACEs!$D$2:$D$1000=E38),PACEs!$F$2:$F$1000),Date!$B$2:$K$1623,10,FALSE)&".T"&VLOOKUP(_xlfn.XLOOKUP(1,(PACEs!$C$2:$C$1000=$A37)*(PACEs!$D$2:$D$1000=E38),PACEs!$F$2:$F$1000),Date!$B$2:$K$1623,7,FALSE))} -> 25–26.T3 | F41: {=IF(ISERROR(_xlfn.XLOOKUP(1,(PACEs!$C$2:$C$1000=$A37)*(PACEs!$D$2:$D$1000=F38),PACEs!$F$2:$F$1000)),"",VLOOKUP(_xlfn.XLOOKUP(1,(PACEs!$C$2:$C$1000=$A37)*(PACEs!$D$2:$D$1000=F38),PACEs!$F$2:$F$1000),Date!$B$2:$K$1623,10,FALSE)&".T"&VLOOKUP(_xlfn.XLOOKUP(1,(PACEs!$C$2:$C$1000=$A37)*(PACEs!$D$2:$D$1000=F38),PACEs!$F$2:$F$1000),Date!$B$2:$K$1623,7,FALSE))} | G41: {=IF(ISERROR(_xlfn.XLOOKUP(1,(PACEs!$C$2:$C$1000=$A37)*(PACEs!$D$2:$D$1000=G38),PACEs!$F$2:$F$1000)),"",VLOOKUP(_xlfn.XLOOKUP(1,(PACEs!$C$2:$C$1000=$A37)*(PACEs!$D$2:$D$1000=G38),PACEs!$F$2:$F$1000),Date!$B$2:$K$1623,10,FALSE)&".T"&VLOOKUP(_xlfn.XLOOKUP(1,(PACEs!$C$2:$C$1000=$A37)*(PACEs!$D$2:$D$1000=G38),PACEs!$F$2:$F$1000),Date!$B$2:$K$1623,7,FALSE))} | H41: {=IF(ISERROR(_xlfn.XLOOKUP(1,(PACEs!$C$2:$C$1000=$A37)*(PACEs!$D$2:$D$1000=H38),PACEs!$F$2:$F$1000)),"",VLOOKUP(_xlfn.XLOOKUP(1,(PACEs!$C$2:$C$1000=$A37)*(PACEs!$D$2:$D$1000=H38),PACEs!$F$2:$F$1000),Date!$B$2:$K$1623,10,FALSE)&".T"&VLOOKUP(_xlfn.XLOOKUP(1,(PACEs!$C$2:$C$1000=$A37)*(PACEs!$D$2:$D$1000=H38),PACEs!$F$2:$F$1000),Date!$B$2:$K$1623,7,FALSE))} | I41: {=IF(ISERROR(_xlfn.XLOOKUP(1,(PACEs!$C$2:$C$1000=$A37)*(PACEs!$D$2:$D$1000=I38),PACEs!$F$2:$F$1000)),"",VLOOKUP(_xlfn.XLOOKUP(1,(PACEs!$C$2:$C$1000=$A37)*(PACEs!$D$2:$D$1000=I38),PACEs!$F$2:$F$1000),Date!$B$2:$K$1623,10,FALSE)&".T"&VLOOKUP(_xlfn.XLOOKUP(1,(PACEs!$C$2:$C$1000=$A37)*(PACEs!$D$2:$D$1000=I38),PACEs!$F$2:$F$1000),Date!$B$2:$K$1623,7,FALSE))} | ... M41: {=IF(ISERROR(_xlfn.XLOOKUP(1,(PACEs!$C$2:$C$1000=$A37)*(PACEs!$D$2:$D$1000=M38),PACEs!$F$2:$F$1000)),"",VLOOKUP(_xlfn.XLOOKUP(1,(PACEs!$C$2:$C$1000=$A37)*(PACEs!$D$2:$D$1000=M38),PACEs!$F$2:$F$1000),Date!$B$2:$K$1623,10,FALSE)&".T"&VLOOKUP(_xlfn.XLOOKUP(1,(PACEs!$C$2:$C$1000=$A37)*(PACEs!$D$2:$D$1000=M38),PACEs!$F$2:$F$1000),Date!$B$2:$K$1623,7,FALSE))}
A42: Word Building / Etymology | B42: =VLOOKUP($A42,Course!$B$2:$C$165, 2, FALSE) -> Etymology | G42: =A42 -> Word Building / Etymology | L42: =IF(VLOOKUP($A42, Course!$B$2:$E$165, 3, FALSE)=0, "", VLOOKUP($A42, Course!$B$2:$E$165, 3, FALSE)) -> Etymology
B43: =VLOOKUP($A42,Enrolment!$B$2:$N$15, B$1+1, FALSE) -> 97 | C43: =VLOOKUP($A42,Enrolment!$B$2:$N$15, C$1+1, FALSE) -> 98 | D43: =VLOOKUP($A42,Enrolment!$B$2:$N$15, D$1+1, FALSE) -> 99 | E43: =VLOOKUP($A42,Enrolment!$B$2:$N$15, E$1+1, FALSE) -> 100 | F43: =VLOOKUP($A42,Enrolment!$B$2:$N$15, F$1+1, FALSE) -> 101 | G43: =VLOOKUP($A42,Enrolment!$B$2:$N$15, G$1+1, FALSE) -> 102 | H43: =VLOOKUP($A42,Enrolment!$B$2:$N$15, H$1+1, FALSE) -> 103 | I43: =VLOOKUP($A42,Enrolment!$B$2:$N$15, I$1+1, FALSE) -> 104 | ... M43: =VLOOKUP($A42,Enrolment!$B$2:$N$15, M$1+1, FALSE) -> 108
B44: « | C44: « | D44: « | E44: « | F44: « | G44: « | H44: « | I44: « | J44: « | K44: « | L44: « | M44: «
B45: {=IFERROR(_xlfn.XLOOKUP(1, (PACEs!$C$2:$C$1000=$A42) * (PACEs!$D$2:$D$1000=B43), PACEs!$E$2:$E$1000), "")} | C45: {=IFERROR(_xlfn.XLOOKUP(1, (PACEs!$C$2:$C$1000=$A42) * (PACEs!$D$2:$D$1000=C43), PACEs!$E$2:$E$1000), "")} | D45: {=IFERROR(_xlfn.XLOOKUP(1, (PACEs!$C$2:$C$1000=$A42) * (PACEs!$D$2:$D$1000=D43), PACEs!$E$2:$E$1000), "")} -> 1 | E45: {=IFERROR(_xlfn.XLOOKUP(1, (PACEs!$C$2:$C$1000=$A42) * (PACEs!$D$2:$D$1000=E43), PACEs!$E$2:$E$1000), "")} -> 0.99 | F45: {=IFERROR(_xlfn.XLOOKUP(1, (PACEs!$C$2:$C$1000=$A42) * (PACEs!$D$2:$D$1000=F43), PACEs!$E$2:$E$1000), "")} | G45: {=IFERROR(_xlfn.XLOOKUP(1, (PACEs!$C$2:$C$1000=$A42) * (PACEs!$D$2:$D$1000=G43), PACEs!$E$2:$E$1000), "")} | H45: {=IFERROR(_xlfn.XLOOKUP(1, (PACEs!$C$2:$C$1000=$A42) * (PACEs!$D$2:$D$1000=H43), PACEs!$E$2:$E$1000), "")} | I45: {=IFERROR(_xlfn.XLOOKUP(1, (PACEs!$C$2:$C$1000=$A42) * (PACEs!$D$2:$D$1000=I43), PACEs!$E$2:$E$1000), "")} | ... M45: {=IFERROR(_xlfn.XLOOKUP(1, (PACEs!$C$2:$C$1000=$A42) * (PACEs!$D$2:$D$1000=M43), PACEs!$E$2:$E$1000), "")}
B46: {=IF(ISERROR(_xlfn.XLOOKUP(1,(PACEs!$C$2:$C$1000=$A42)*(PACEs!$D$2:$D$1000=B43),PACEs!$F$2:$F$1000)),"",VLOOKUP(_xlfn.XLOOKUP(1,(PACEs!$C$2:$C$1000=$A42)*(PACEs!$D$2:$D$1000=B43),PACEs!$F$2:$F$1000),Date!$B$2:$K$1623,10,FALSE)&".T"&VLOOKUP(_xlfn.XLOOKUP(1,(PACEs!$C$2:$C$1000=$A42)*(PACEs!$D$2:$D$1000=B43),PACEs!$F$2:$F$1000),Date!$B$2:$K$1623,7,FALSE))} | C46: {=IF(ISERROR(_xlfn.XLOOKUP(1,(PACEs!$C$2:$C$1000=$A42)*(PACEs!$D$2:$D$1000=C43),PACEs!$F$2:$F$1000)),"",VLOOKUP(_xlfn.XLOOKUP(1,(PACEs!$C$2:$C$1000=$A42)*(PACEs!$D$2:$D$1000=C43),PACEs!$F$2:$F$1000),Date!$B$2:$K$1623,10,FALSE)&".T"&VLOOKUP(_xlfn.XLOOKUP(1,(PACEs!$C$2:$C$1000=$A42)*(PACEs!$D$2:$D$1000=C43),PACEs!$F$2:$F$1000),Date!$B$2:$K$1623,7,FALSE))} | D46: {=IF(ISERROR(_xlfn.XLOOKUP(1,(PACEs!$C$2:$C$1000=$A42)*(PACEs!$D$2:$D$1000=D43),PACEs!$F$2:$F$1000)),"",VLOOKUP(_xlfn.XLOOKUP(1,(PACEs!$C$2:$C$1000=$A42)*(PACEs!$D$2:$D$1000=D43),PACEs!$F$2:$F$1000),Date!$B$2:$K$1623,10,FALSE)&".T"&VLOOKUP(_xlfn.XLOOKUP(1,(PACEs!$C$2:$C$1000=$A42)*(PACEs!$D$2:$D$1000=D43),PACEs!$F$2:$F$1000),Date!$B$2:$K$1623,7,FALSE))} -> 25–26.T3 | E46: {=IF(ISERROR(_xlfn.XLOOKUP(1,(PACEs!$C$2:$C$1000=$A42)*(PACEs!$D$2:$D$1000=E43),PACEs!$F$2:$F$1000)),"",VLOOKUP(_xlfn.XLOOKUP(1,(PACEs!$C$2:$C$1000=$A42)*(PACEs!$D$2:$D$1000=E43),PACEs!$F$2:$F$1000),Date!$B$2:$K$1623,10,FALSE)&".T"&VLOOKUP(_xlfn.XLOOKUP(1,(PACEs!$C$2:$C$1000=$A42)*(PACEs!$D$2:$D$1000=E43),PACEs!$F$2:$F$1000),Date!$B$2:$K$1623,7,FALSE))} -> 25–26.T3 | F46: {=IF(ISERROR(_xlfn.XLOOKUP(1,(PACEs!$C$2:$C$1000=$A42)*(PACEs!$D$2:$D$1000=F43),PACEs!$F$2:$F$1000)),"",VLOOKUP(_xlfn.XLOOKUP(1,(PACEs!$C$2:$C$1000=$A42)*(PACEs!$D$2:$D$1000=F43),PACEs!$F$2:$F$1000),Date!$B$2:$K$1623,10,FALSE)&".T"&VLOOKUP(_xlfn.XLOOKUP(1,(PACEs!$C$2:$C$1000=$A42)*(PACEs!$D$2:$D$1000=F43),PACEs!$F$2:$F$1000),Date!$B$2:$K$1623,7,FALSE))} | G46: {=IF(ISERROR(_xlfn.XLOOKUP(1,(PACEs!$C$2:$C$1000=$A42)*(PACEs!$D$2:$D$1000=G43),PACEs!$F$2:$F$1000)),"",VLOOKUP(_xlfn.XLOOKUP(1,(PACEs!$C$2:$C$1000=$A42)*(PACEs!$D$2:$D$1000=G43),PACEs!$F$2:$F$1000),Date!$B$2:$K$1623,10,FALSE)&".T"&VLOOKUP(_xlfn.XLOOKUP(1,(PACEs!$C$2:$C$1000=$A42)*(PACEs!$D$2:$D$1000=G43),PACEs!$F$2:$F$1000),Date!$B$2:$K$1623,7,FALSE))} | H46: {=IF(ISERROR(_xlfn.XLOOKUP(1,(PACEs!$C$2:$C$1000=$A42)*(PACEs!$D$2:$D$1000=H43),PACEs!$F$2:$F$1000)),"",VLOOKUP(_xlfn.XLOOKUP(1,(PACEs!$C$2:$C$1000=$A42)*(PACEs!$D$2:$D$1000=H43),PACEs!$F$2:$F$1000),Date!$B$2:$K$1623,10,FALSE)&".T"&VLOOKUP(_xlfn.XLOOKUP(1,(PACEs!$C$2:$C$1000=$A42)*(PACEs!$D$2:$D$1000=H43),PACEs!$F$2:$F$1000),Date!$B$2:$K$1623,7,FALSE))} | I46: {=IF(ISERROR(_xlfn.XLOOKUP(1,(PACEs!$C$2:$C$1000=$A42)*(PACEs!$D$2:$D$1000=I43),PACEs!$F$2:$F$1000)),"",VLOOKUP(_xlfn.XLOOKUP(1,(PACEs!$C$2:$C$1000=$A42)*(PACEs!$D$2:$D$1000=I43),PACEs!$F$2:$F$1000),Date!$B$2:$K$1623,10,FALSE)&".T"&VLOOKUP(_xlfn.XLOOKUP(1,(PACEs!$C$2:$C$1000=$A42)*(PACEs!$D$2:$D$1000=I43),PACEs!$F$2:$F$1000),Date!$B$2:$K$1623,7,FALSE))} | ... M46: {=IF(ISERROR(_xlfn.XLOOKUP(1,(PACEs!$C$2:$C$1000=$A42)*(PACEs!$D$2:$D$1000=M43),PACEs!$F$2:$F$1000)),"",VLOOKUP(_xlfn.XLOOKUP(1,(PACEs!$C$2:$C$1000=$A42)*(PACEs!$D$2:$D$1000=M43),PACEs!$F$2:$F$1000),Date!$B$2:$K$1623,10,FALSE)&".T"&VLOOKUP(_xlfn.XLOOKUP(1,(PACEs!$C$2:$C$1000=$A42)*(PACEs!$D$2:$D$1000=M43),PACEs!$F$2:$F$1000),Date!$B$2:$K$1623,7,FALSE))}
A47: Algebra I | B47: =VLOOKUP($A47,Course!$B$2:$C$165, 2, FALSE) -> Mathematics-IA | G47: =A47 -> Algebra I | L47: =IF(VLOOKUP($A47, Course!$B$2:$E$165, 3, FALSE)=0, "", VLOOKUP($A47, Course!$B$2:$E$165, 3, FALSE)) -> Maths I
B48: =VLOOKUP($A47,Enrolment!$B$2:$N$16, B$1+1, FALSE) -> 97 | C48: =VLOOKUP($A47,Enrolment!$B$2:$N$16, C$1+1, FALSE) -> 98 | D48: =VLOOKUP($A47,Enrolment!$B$2:$N$16, D$1+1, FALSE) -> 99 | E48: =VLOOKUP($A47,Enrolment!$B$2:$N$16, E$1+1, FALSE) -> 100 | F48: =VLOOKUP($A47,Enrolment!$B$2:$N$16, F$1+1, FALSE) -> 101 | G48: =VLOOKUP($A47,Enrolment!$B$2:$N$16, G$1+1, FALSE) -> 102 | H48: =VLOOKUP($A47,Enrolment!$B$2:$N$16, H$1+1, FALSE) -> 103 | I48: =VLOOKUP($A47,Enrolment!$B$2:$N$16, I$1+1, FALSE) -> 104 | ... M48: =VLOOKUP($A47,Enrolment!$B$2:$N$16, M$1+1, FALSE) -> 108
B49: « | C49: « | D49: « | E49: « | F49: « | G49: « | H49: « | I49: « | J49: « | K49: « | L49: « | M49: «
B50: {=IFERROR(_xlfn.XLOOKUP(1, (PACEs!$C$2:$C$1000=$A47) * (PACEs!$D$2:$D$1000=B48), PACEs!$E$2:$E$1000), "")} | C50: {=IFERROR(_xlfn.XLOOKUP(1, (PACEs!$C$2:$C$1000=$A47) * (PACEs!$D$2:$D$1000=C48), PACEs!$E$2:$E$1000), "")} | D50: {=IFERROR(_xlfn.XLOOKUP(1, (PACEs!$C$2:$C$1000=$A47) * (PACEs!$D$2:$D$1000=D48), PACEs!$E$2:$E$1000), "")} -> 1 | E50: {=IFERROR(_xlfn.XLOOKUP(1, (PACEs!$C$2:$C$1000=$A47) * (PACEs!$D$2:$D$1000=E48), PACEs!$E$2:$E$1000), "")} -> 0.99 | F50: {=IFERROR(_xlfn.XLOOKUP(1, (PACEs!$C$2:$C$1000=$A47) * (PACEs!$D$2:$D$1000=F48), PACEs!$E$2:$E$1000), "")} | G50: {=IFERROR(_xlfn.XLOOKUP(1, (PACEs!$C$2:$C$1000=$A47) * (PACEs!$D$2:$D$1000=G48), PACEs!$E$2:$E$1000), "")} | H50: {=IFERROR(_xlfn.XLOOKUP(1, (PACEs!$C$2:$C$1000=$A47) * (PACEs!$D$2:$D$1000=H48), PACEs!$E$2:$E$1000), "")} | I50: {=IFERROR(_xlfn.XLOOKUP(1, (PACEs!$C$2:$C$1000=$A47) * (PACEs!$D$2:$D$1000=I48), PACEs!$E$2:$E$1000), "")} | ... M50: {=IFERROR(_xlfn.XLOOKUP(1, (PACEs!$C$2:$C$1000=$A47) * (PACEs!$D$2:$D$1000=M48), PACEs!$E$2:$E$1000), "")}
B51: {=IF(ISERROR(_xlfn.XLOOKUP(1,(PACEs!$C$2:$C$1000=$A47)*(PACEs!$D$2:$D$1000=B48),PACEs!$F$2:$F$1000)),"",VLOOKUP(_xlfn.XLOOKUP(1,(PACEs!$C$2:$C$1000=$A47)*(PACEs!$D$2:$D$1000=B48),PACEs!$F$2:$F$1000),Date!$B$2:$K$1623,10,FALSE)&".T"&VLOOKUP(_xlfn.XLOOKUP(1,(PACEs!$C$2:$C$1000=$A47)*(PACEs!$D$2:$D$1000=B48),PACEs!$F$2:$F$1000),Date!$B$2:$K$1623,7,FALSE))} | C51: {=IF(ISERROR(_xlfn.XLOOKUP(1,(PACEs!$C$2:$C$1000=$A47)*(PACEs!$D$2:$D$1000=C48),PACEs!$F$2:$F$1000)),"",VLOOKUP(_xlfn.XLOOKUP(1,(PACEs!$C$2:$C$1000=$A47)*(PACEs!$D$2:$D$1000=C48),PACEs!$F$2:$F$1000),Date!$B$2:$K$1623,10,FALSE)&".T"&VLOOKUP(_xlfn.XLOOKUP(1,(PACEs!$C$2:$C$1000=$A47)*(PACEs!$D$2:$D$1000=C48),PACEs!$F$2:$F$1000),Date!$B$2:$K$1623,7,FALSE))} | D51: {=IF(ISERROR(_xlfn.XLOOKUP(1,(PACEs!$C$2:$C$1000=$A47)*(PACEs!$D$2:$D$1000=D48),PACEs!$F$2:$F$1000)),"",VLOOKUP(_xlfn.XLOOKUP(1,(PACEs!$C$2:$C$1000=$A47)*(PACEs!$D$2:$D$1000=D48),PACEs!$F$2:$F$1000),Date!$B$2:$K$1623,10,FALSE)&".T"&VLOOKUP(_xlfn.XLOOKUP(1,(PACEs!$C$2:$C$1000=$A47)*(PACEs!$D$2:$D$1000=D48),PACEs!$F$2:$F$1000),Date!$B$2:$K$1623,7,FALSE))} -> 25–26.T3 | E51: {=IF(ISERROR(_xlfn.XLOOKUP(1,(PACEs!$C$2:$C$1000=$A47)*(PACEs!$D$2:$D$1000=E48),PACEs!$F$2:$F$1000)),"",VLOOKUP(_xlfn.XLOOKUP(1,(PACEs!$C$2:$C$1000=$A47)*(PACEs!$D$2:$D$1000=E48),PACEs!$F$2:$F$1000),Date!$B$2:$K$1623,10,FALSE)&".T"&VLOOKUP(_xlfn.XLOOKUP(1,(PACEs!$C$2:$C$1000=$A47)*(PACEs!$D$2:$D$1000=E48),PACEs!$F$2:$F$1000),Date!$B$2:$K$1623,7,FALSE))} -> 25–26.T3 | F51: {=IF(ISERROR(_xlfn.XLOOKUP(1,(PACEs!$C$2:$C$1000=$A47)*(PACEs!$D$2:$D$1000=F48),PACEs!$F$2:$F$1000)),"",VLOOKUP(_xlfn.XLOOKUP(1,(PACEs!$C$2:$C$1000=$A47)*(PACEs!$D$2:$D$1000=F48),PACEs!$F$2:$F$1000),Date!$B$2:$K$1623,10,FALSE)&".T"&VLOOKUP(_xlfn.XLOOKUP(1,(PACEs!$C$2:$C$1000=$A47)*(PACEs!$D$2:$D$1000=F48),PACEs!$F$2:$F$1000),Date!$B$2:$K$1623,7,FALSE))} | G51: {=IF(ISERROR(_xlfn.XLOOKUP(1,(PACEs!$C$2:$C$1000=$A47)*(PACEs!$D$2:$D$1000=G48),PACEs!$F$2:$F$1000)),"",VLOOKUP(_xlfn.XLOOKUP(1,(PACEs!$C$2:$C$1000=$A47)*(PACEs!$D$2:$D$1000=G48),PACEs!$F$2:$F$1000),Date!$B$2:$K$1623,10,FALSE)&".T"&VLOOKUP(_xlfn.XLOOKUP(1,(PACEs!$C$2:$C$1000=$A47)*(PACEs!$D$2:$D$1000=G48),PACEs!$F$2:$F$1000),Date!$B$2:$K$1623,7,FALSE))} | H51: {=IF(ISERROR(_xlfn.XLOOKUP(1,(PACEs!$C$2:$C$1000=$A47)*(PACEs!$D$2:$D$1000=H48),PACEs!$F$2:$F$1000)),"",VLOOKUP(_xlfn.XLOOKUP(1,(PACEs!$C$2:$C$1000=$A47)*(PACEs!$D$2:$D$1000=H48),PACEs!$F$2:$F$1000),Date!$B$2:$K$1623,10,FALSE)&".T"&VLOOKUP(_xlfn.XLOOKUP(1,(PACEs!$C$2:$C$1000=$A47)*(PACEs!$D$2:$D$1000=H48),PACEs!$F$2:$F$1000),Date!$B$2:$K$1623,7,FALSE))} | I51: {=IF(ISERROR(_xlfn.XLOOKUP(1,(PACEs!$C$2:$C$1000=$A47)*(PACEs!$D$2:$D$1000=I48),PACEs!$F$2:$F$1000)),"",VLOOKUP(_xlfn.XLOOKUP(1,(PACEs!$C$2:$C$1000=$A47)*(PACEs!$D$2:$D$1000=I48),PACEs!$F$2:$F$1000),Date!$B$2:$K$1623,10,FALSE)&".T"&VLOOKUP(_xlfn.XLOOKUP(1,(PACEs!$C$2:$C$1000=$A47)*(PACEs!$D$2:$D$1000=I48),PACEs!$F$2:$F$1000),Date!$B$2:$K$1623,7,FALSE))} | ... M51: {=IF(ISERROR(_xlfn.XLOOKUP(1,(PACEs!$C$2:$C$1000=$A47)*(PACEs!$D$2:$D$1000=M48),PACEs!$F$2:$F$1000)),"",VLOOKUP(_xlfn.XLOOKUP(1,(PACEs!$C$2:$C$1000=$A47)*(PACEs!$D$2:$D$1000=M48),PACEs!$F$2:$F$1000),Date!$B$2:$K$1623,10,FALSE)&".T"&VLOOKUP(_xlfn.XLOOKUP(1,(PACEs!$C$2:$C$1000=$A47)*(PACEs!$D$2:$D$1000=M48),PACEs!$F$2:$F$1000),Date!$B$2:$K$1623,7,FALSE))}

Sheet Subject
A1: ID | B1: Subject | C1: ColorID | D1: Color | E1: Remarks
A2: 1 | B2: Maths | C2: 4 | D2: yellow
A3: 2 | B3: Language | C3: 2 | D3: red
A4: 3 | B4: Word Building | C4: 9 | D4: purple
A5: 4 | B5: Literature | C5: 3 | D5: dark red
A6: 5 | B6: Science | C6: 5 | D6: blue
A7: 6 | B7: Social Studies | C7: 6 | D7: green
A8: 7 | B8: Biblical Studies | C8: 1 | D8: sandy orange
A9: 11 | B9: Art Electives | C9: 9 | D9: purple
A10: 12 | B10: Technology Electives | C10: 8 | D10: dark grey | E10: changed to "dark grey" instead of "grey", because "grey" is the default.
A11: 10 | B11: Supplementary | C11: 10 | D11: white
A12: 8 | B12: Electives | C12: 7 | D12: grey | E12: This one has been replaced by ID=11,12

Sheet Course
A1: ID | B1: ACE_Alias | C1: ICCE_Alias (Course Name) | D1: Certificate Name | E1: ICCEID (Course ID) | F1: Level | G1: PaceNrStart | H1: PaceNrEnd | I1: PaceCount__ | J1: StarValue | K1: SubjectID | L1: Subject_temp | M1: SubjectAbb | N1: Remarks | O1: Specification | P1: SubjectGroupID | Q1: SubjectGroup__ | R1: CourseType | S1: Course | T1: PassThreshold | U1: Status
A2: 1 | B2: Maths Reading Readiness | F2: 0 | G2: 1 | H2: 12 | I2: =H2-G2+1 -> 12 | J2: 12 | K2: 1 | L2: =VLOOKUP(K2,Subject!$A$2:$B$12, 2, FALSE) -> Maths | M2: =VLOOKUP(K2, [1]Subject!$A$2:$E$11, 5, FALSE) -> MA | O2: RR | P2: 2 | Q2: =VLOOKUP(P2, [1]SubjectGroup!$A$2:$B$8, 2, FALSE) -> Core Academic Studies | R2: Core | S2: =B2 -> Maths Reading Readiness | T2: 0.8
A3: 2 | B3: Maths Level 1 | F3: 1 | G3: 1 | H3: 12 | I3: =H3-G3+1 -> 12 | J3: 12 | K3: 1 | L3: =VLOOKUP(K3,Subject!$A$2:$B$12, 2, FALSE) -> Maths | M3: =VLOOKUP(K3, [1]Subject!$A$2:$E$11, 5, FALSE) -> MA | O3: MA | P3: 2 | Q3: =VLOOKUP(P3, [1]SubjectGroup!$A$2:$B$8, 2, FALSE) -> Core Academic Studies | R3: Core | S3: =B3 -> Maths Level 1 | T3: 0.8
A4: 3 | B4: English Level 1 | F4: 1 | G4: 1 | H4: 12 | I4: =H4-G4+1 -> 12 | J4: 12 | K4: 2 | L4: =VLOOKUP(K4,Subject!$A$2:$B$12, 2, FALSE) -> Language | M4: =VLOOKUP(K4, [1]Subject!$A$2:$E$11, 5, FALSE) -> LA | O4: EN | P4: 2 | Q4: =VLOOKUP(P4, [1]SubjectGroup!$A$2:$B$8, 2, FALSE) -> Core Academic Studies | R4: Core | S4: =B4 -> English Level 1 | T4: 0.8
A5: 4 | B5: Word Building Level 1 | F5: 1 | G5: 1 | H5: 12 | I5: =H5-G5+1 -> 12 | J5: 12 | K5: 3 | L5: =VLOOKUP(K5,Subject!$A$2:$B$12, 2, FALSE) -> Word Building | M5: =VLOOKUP(K5, [1]Subject!$A$2:$E$11, 5, FALSE) -> WB | O5: WB | P5: 2 | Q5: =VLOOKUP(P5, [1]SubjectGroup!$A$2:$B$8, 2, FALSE) -> Core Academic Studies | R5: Core | S5: =B5 -> Word Building Level 1 | T5: 0.9
A6: 5 | B6: Literature and Creative Writing Level 1 | F6: 1 | G6: 1 | H6: 12 | I6: =H6-G6+1 -> 12 | J6: 12 | K6: 4 | L6: =VLOOKUP(K6,Subject!$A$2:$B$12, 2, FALSE) -> Literature | M6: =VLOOKUP(K6, [1]Subject!$A$2:$E$11, 5, FALSE) -> LI | O6: LC | P6: 2 | Q6: =VLOOKUP(P6, [1]SubjectGroup!$A$2:$B$8, 2, FALSE) -> Core Academic Studies | R6: Core | S6: =B6 -> Literature and Creative Writing Level 1 | T6: 0.8
A7: 6 | B7: Science Level 1 | E7: Science 1 | F7: 1 | G7: 1 | H7: 12 | I7: =H7-G7+1 -> 12 | J7: 12 | K7: 5 | L7: =VLOOKUP(K7,Subject!$A$2:$B$12, 2, FALSE) -> Science | M7: =VLOOKUP(K7, [1]Subject!$A$2:$E$11, 5, FALSE) -> SC | O7: SC | P7: 2 | Q7: =VLOOKUP(P7, [1]SubjectGroup!$A$2:$B$8, 2, FALSE) -> Core Academic Studies | R7: Core | S7: =B7 -> Science Level 1 | T7: 0.8
A8: 7 | B8: Social Studies Level 1 | F8: 1 | G8: 1 | H8: 12 | I8: =H8-G8+1 -> 12 | J8: 12 | K8: 6 | L8: =VLOOKUP(K8,Subject!$A$2:$B$12, 2, FALSE) -> Social Studies | M8: =VLOOKUP(K8, [1]Subject!$A$2:$E$11, 5, FALSE) -> SS | O8: SS | P8: 2 | Q8: =VLOOKUP(P8, [1]SubjectGroup!$A$2:$B$8, 2, FALSE) -> Core Academic Studies | R8: Core | S8: =B8 -> Social Studies Level 1 | T8: 0.8
A9: 8 | B9: Bible Reading Level 1 | F9: 1 | G9: 1 | H9: 12 | I9: =H9-G9+1 -> 12 | J9: 12 | K9: 7 | L9: =VLOOKUP(K9,Subject!$A$2:$B$12, 2, FALSE) -> Biblical Studies | M9: =VLOOKUP(K9, [1]Subject!$A$2:$E$11, 5, FALSE) -> BS | O9: BR | P9: 1 | Q9: =VLOOKUP(P9, [1]SubjectGroup!$A$2:$B$8, 2, FALSE) -> Christian Studies | R9: Core | S9: =B9 -> Bible Reading Level 1 | T9: 0.8
A10: 9 | B10: Maths Level 2 | F10: 2 | G10: 13 | H10: 24 | I10: =H10-G10+1 -> 12 | J10: 12 | K10: 1 | L10: =VLOOKUP(K10,Subject!$A$2:$B$12, 2, FALSE) -> Maths | M10: =VLOOKUP(K10, [1]Subject!$A$2:$E$11, 5, FALSE) -> MA | O10: MA | P10: 2 | Q10: =VLOOKUP(P10, [1]SubjectGroup!$A$2:$B$8, 2, FALSE) -> Core Academic Studies | R10: Core | S10: =B10 -> Maths Level 2 | T10: 0.8
A11: 10 | B11: English Level 2 | F11: 2 | G11: 13 | H11: 24 | I11: =H11-G11+1 -> 12 | J11: 12 | K11: 2 | L11: =VLOOKUP(K11,Subject!$A$2:$B$12, 2, FALSE) -> Language | M11: =VLOOKUP(K11, [1]Subject!$A$2:$E$11, 5, FALSE) -> LA | O11: EN | P11: 2 | Q11: =VLOOKUP(P11, [1]SubjectGroup!$A$2:$B$8, 2, FALSE) -> Core Academic Studies | R11: Core | S11: =B11 -> English Level 2 | T11: 0.8
A12: 11 | B12: Word Building Level 2 | F12: 2 | G12: 13 | H12: 24 | I12: =H12-G12+1 -> 12 | J12: 12 | K12: 3 | L12: =VLOOKUP(K12,Subject!$A$2:$B$12, 2, FALSE) -> Word Building | M12: =VLOOKUP(K12, [1]Subject!$A$2:$E$11, 5, FALSE) -> WB | O12: WB | P12: 2 | Q12: =VLOOKUP(P12, [1]SubjectGroup!$A$2:$B$8, 2, FALSE) -> Core Academic Studies | R12: Core | S12: =B12 -> Word Building Level 2 | T12: 0.9
A13: 12 | B13: Literature and Creative Writing Level 2 | F13: 2 | G13: 13 | H13: 24 | I13: =H13-G13+1 -> 12 | J13: 12 | K13: 4 | L13: =VLOOKUP(K13,Subject!$A$2:$B$12, 2, FALSE) -> Literature | M13: =VLOOKUP(K13, [1]Subject!$A$2:$E$11, 5, FALSE) -> LI | O13: LC | P13: 2 | Q13: =VLOOKUP(P13, [1]SubjectGroup!$A$2:$B$8, 2, FALSE) -> Core Academic Studies | R13: Core | S13: =B13 -> Literature and Creative Writing Level 2 | T13: 0.8
A14: 13 | B14: Science Level 2 | E14: Science 2 | F14: 2 | G14: 13 | H14: 24 | I14: =H14-G14+1 -> 12 | J14: 12 | K14: 5 | L14: =VLOOKUP(K14,Subject!$A$2:$B$12, 2, FALSE) -> Science | M14: =VLOOKUP(K14, [1]Subject!$A$2:$E$11, 5, FALSE) -> SC | O14: SC | P14: 2 | Q14: =VLOOKUP(P14, [1]SubjectGroup!$A$2:$B$8, 2, FALSE) -> Core Academic Studies | R14: Core | S14: =B14 -> Science Level 2 | T14: 0.8
A15: 14 | B15: Social Studies Level 2 | F15: 2 | G15: 13 | H15: 24 | I15: =H15-G15+1 -> 12 | J15: 12 | K15: 6 | L15: =VLOOKUP(K15,Subject!$A$2:$B$12, 2, FALSE) -> Social Studies | M15: =VLOOKUP(K15, [1]Subject!$A$2:$E$11, 5, FALSE) -> SS | O15: SS | P15: 2 | Q15: =VLOOKUP(P15, [1]SubjectGroup!$A$2:$B$8, 2, FALSE) -> Core Academic Studies | R15: Core | S15: =B15 -> Social Studies Level 2 | T15: 0.8
A16: 15 | B16: Bible Reading Level 2 | F16: 2 | G16: 13 | H16: 24 | I16: =H16-G16+1 -> 12 | J16: 12 | K16: 7 | L16: =VLOOKUP(K16,Subject!$A$2:$B$12, 2, FALSE) -> Biblical Studies | M16: =VLOOKUP(K16, [1]Subject!$A$2:$E$11, 5, FALSE) -> BS | O16: BR | P16: 1 | Q16: =VLOOKUP(P16, [1]SubjectGroup!$A$2:$B$8, 2, FALSE) -> Christian Studies | R16: Core | S16: =B16 -> Bible Reading Level 2 | T16: 0.8
A17: 16 | B17: Maths Level 3 | F17: 3 | G17: 25 | H17: 36 | I17: =H17-G17+1 -> 12 | J17: 12 | K17: 1 | L17: =VLOOKUP(K17,Subject!$A$2:$B$12, 2, FALSE) -> Maths | M17: =VLOOKUP(K17, [1]Subject!$A$2:$E$11, 5, FALSE) -> MA | O17: MA | P17: 2 | Q17: =VLOOKUP(P17, [1]SubjectGroup!$A$2:$B$8, 2, FALSE) -> Core Academic Studies | R17: Core | S17: =B17 -> Maths Level 3 | T17: 0.8
A18: 17 | B18: English Level 3 | F18: 3 | G18: 25 | H18: 36 | I18: =H18-G18+1 -> 12 | J18: 12 | K18: 2 | L18: =VLOOKUP(K18,Subject!$A$2:$B$12, 2, FALSE) -> Language | M18: =VLOOKUP(K18, [1]Subject!$A$2:$E$11, 5, FALSE) -> LA | O18: EN | P18: 2 | Q18: =VLOOKUP(P18, [1]SubjectGroup!$A$2:$B$8, 2, FALSE) -> Core Academic Studies | R18: Core | S18: =B18 -> English Level 3 | T18: 0.8
A19: 18 | B19: Word Building Level 3 | F19: 3 | G19: 25 | H19: 36 | I19: =H19-G19+1 -> 12 | J19: 12 | K19: 3 | L19: =VLOOKUP(K19,Subject!$A$2:$B$12, 2, FALSE) -> Word Building | M19: =VLOOKUP(K19, [1]Subject!$A$2:$E$11, 5, FALSE) -> WB | O19: WB | P19: 2 | Q19: =VLOOKUP(P19, [1]SubjectGroup!$A$2:$B$8, 2, FALSE) -> Core Academic Studies | R19: Core | S19: =B19 -> Word Building Level 3 | T19: 0.9
A20: 19 | B20: Literature and Creative Writing Level 3 | F20: 3 | G20: 25 | H20: 36 | I20: =H20-G20+1 -> 12 | J20: 12 | K20: 4 | L20: =VLOOKUP(K20,Subject!$A$2:$B$12, 2, FALSE) -> Literature | M20: =VLOOKUP(K20, [1]Subject!$A$2:$E$11, 5, FALSE) -> LI | O20: LC | P20: 2 | Q20: =VLOOKUP(P20, [1]SubjectGroup!$A$2:$B$8, 2, FALSE) -> Core Academic Studies | R20: Core | S20: =B20 -> Literature and Creative Writing Level 3 | T20: 0.8
A21: 20 | B21: Science Level 3 | E21: Science 3 | F21: 3 | G21: 25 | H21: 36 | I21: =H21-G21+1 -> 12 | J21: 12 | K21: 5 | L21: =VLOOKUP(K21,Subject!$A$2:$B$12, 2, FALSE) -> Science | M21: =VLOOKUP(K21, [1]Subject!$A$2:$E$11, 5, FALSE) -> SC | O21: SC | P21: 2 | Q21: =VLOOKUP(P21, [1]SubjectGroup!$A$2:$B$8, 2, FALSE) -> Core Academic Studies | R21: Core | S21: =B21 -> Science Level 3 | T21: 0.8
A22: 21 | B22: Social Studies Level 3 | F22: 3 | G22: 25 | H22: 36 | I22: =H22-G22+1 -> 12 | J22: 12 | K22: 6 | L22: =VLOOKUP(K22,Subject!$A$2:$B$12, 2, FALSE) -> Social Studies | M22: =VLOOKUP(K22, [1]Subject!$A$2:$E$11, 5, FALSE) -> SS | O22: SS | P22: 2 | Q22: =VLOOKUP(P22, [1]SubjectGroup!$A$2:$B$8, 2, FALSE) -> Core Academic Studies | R22: Core | S22: =B22 -> Social Studies Level 3 | T22: 0.8
A23: 22 | B23: Bible Reading Level 3 | F23: 3 | G23: 25 | H23: 36 | I23: =H23-G23+1 -> 12 | J23: 12 | K23: 7 | L23: =VLOOKUP(K23,Subject!$A$2:$B$12, 2, FALSE) -> Biblical Studies | M23: =VLOOKUP(K23, [1]Subject!$A$2:$E$11, 5, FALSE) -> BS | O23: BR | P23: 1 | Q23: =VLOOKUP(P23, [1]SubjectGroup!$A$2:$B$8, 2, FALSE) -> Christian Studies | R23: Core | S23: =B23 -> Bible Reading Level 3 | T23: 0.8
A24: 23 | B24: Maths Level 4 | F24: 4 | G24: 37 | H24: 48 | I24: =H24-G24+1 -> 12 | J24: 12 | K24: 1 | L24: =VLOOKUP(K24,Subject!$A$2:$B$12, 2, FALSE) -> Maths | M24: =VLOOKUP(K24, [1]Subject!$A$2:$E$11, 5, FALSE) -> MA | O24: MA | P24: 2 | Q24: =VLOOKUP(P24, [1]SubjectGroup!$A$2:$B$8, 2, FALSE) -> Core Academic Studies | R24: Core | S24: =B24 -> Maths Level 4 | T24: 0.8
A25: 24 | B25: English Level 4 | F25: 4 | G25: 37 | H25: 48 | I25: =H25-G25+1 -> 12 | J25: 12 | K25: 2 | L25: =VLOOKUP(K25,Subject!$A$2:$B$12, 2, FALSE) -> Language | M25: =VLOOKUP(K25, [1]Subject!$A$2:$E$11, 5, FALSE) -> LA | O25: EN | P25: 2 | Q25: =VLOOKUP(P25, [1]SubjectGroup!$A$2:$B$8, 2, FALSE) -> Core Academic Studies | R25: Core | S25: =B25 -> English Level 4 | T25: 0.8
A26: 25 | B26: Word Building Level 4 | F26: 4 | G26: 37 | H26: 48 | I26: =H26-G26+1 -> 12 | J26: 12 | K26: 3 | L26: =VLOOKUP(K26,Subject!$A$2:$B$12, 2, FALSE) -> Word Building | M26: =VLOOKUP(K26, [1]Subject!$A$2:$E$11, 5, FALSE) -> WB | O26: WB | P26: 2 | Q26: =VLOOKUP(P26, [1]SubjectGroup!$A$2:$B$8, 2, FALSE) -> Core Academic Studies | R26: Core | S26: =B26 -> Word Building Level 4 | T26: 0.9
A27: 26 | B27: Literature and Creative Writing Level 4 | F27: 4 | G27: 37 | H27: 48 | I27: =H27-G27+1 -> 12 | J27: 12 | K27: 4 | L27: =VLOOKUP(K27,Subject!$A$2:$B$12, 2, FALSE) -> Literature | M27: =VLOOKUP(K27, [1]Subject!$A$2:$E$11, 5, FALSE) -> LI | O27: LC | P27: 2 | Q27: =VLOOKUP(P27, [1]SubjectGroup!$A$2:$B$8, 2, FALSE) -> Core Academic Studies | R27: Core | S27: =B27 -> Literature and Creative Writing Level 4 | T27: 0.8
A28: 27 | B28: Science Level 4 | E28: Science 4 | F28: 4 | G28: 37 | H28: 48 | I28: =H28-G28+1 -> 12 | J28: 12 | K28: 5 | L28: =VLOOKUP(K28,Subject!$A$2:$B$12, 2, FALSE) -> Science | M28: =VLOOKUP(K28, [1]Subject!$A$2:$E$11, 5, FALSE) -> SC | O28: SC | P28: 2 | Q28: =VLOOKUP(P28, [1]SubjectGroup!$A$2:$B$8, 2, FALSE) -> Core Academic Studies | R28: Core | S28: =B28 -> Science Level 4 | T28: 0.8
A29: 28 | B29: Social Studies Level 4 | F29: 4 | G29: 37 | H29: 48 | I29: =H29-G29+1 -> 12 | J29: 12 | K29: 6 | L29: =VLOOKUP(K29,Subject!$A$2:$B$12, 2, FALSE) -> Social Studies | M29: =VLOOKUP(K29, [1]Subject!$A$2:$E$11, 5, FALSE) -> SS | O29: SS | P29: 2 | Q29: =VLOOKUP(P29, [1]SubjectGroup!$A$2:$B$8, 2, FALSE) -> Core Academic Studies | R29: Core | S29: =B29 -> Social Studies Level 4 | T29: 0.8
A30: 29 | B30: Bible Reading Level 4 | F30: 4 | G30: 37 | H30: 48 | I30: =H30-G30+1 -> 12 | J30: 12 | K30: 7 | L30: =VLOOKUP(K30,Subject!$A$2:$B$12, 2, FALSE) -> Biblical Studies | M30: =VLOOKUP(K30, [1]Subject!$A$2:$E$11, 5, FALSE) -> BS | O30: BR | P30: 1 | Q30: =VLOOKUP(P30, [1]SubjectGroup!$A$2:$B$8, 2, FALSE) -> Christian Studies | R30: Core | S30: =B30 -> Bible Reading Level 4 | T30: 0.8
A31: 30 | B31: Maths Level 5 | F31: 5 | G31: 49 | H31: 60 | I31: =H31-G31+1 -> 12 | J31: 12 | K31: 1 | L31: =VLOOKUP(K31,Subject!$A$2:$B$12, 2, FALSE) -> Maths | M31: =VLOOKUP(K31, [1]Subject!$A$2:$E$11, 5, FALSE) -> MA | O31: MA | P31: 2 | Q31: =VLOOKUP(P31, [1]SubjectGroup!$A$2:$B$8, 2, FALSE) -> Core Academic Studies | R31: Core | S31: =B31 -> Maths Level 5 | T31: 0.8
A32: 31 | B32: English Level 5 | F32: 5 | G32: 49 | H32: 60 | I32: =H32-G32+1 -> 12 | J32: 12 | K32: 2 | L32: =VLOOKUP(K32,Subject!$A$2:$B$12, 2, FALSE) -> Language | M32: =VLOOKUP(K32, [1]Subject!$A$2:$E$11, 5, FALSE) -> LA | O32: EN | P32: 2 | Q32: =VLOOKUP(P32, [1]SubjectGroup!$A$2:$B$8, 2, FALSE) -> Core Academic Studies | R32: Core | S32: =B32 -> English Level 5 | T32: 0.8
A33: 32 | B33: Word Building Level 5 | F33: 5 | G33: 49 | H33: 60 | I33: =H33-G33+1 -> 12 | J33: 12 | K33: 3 | L33: =VLOOKUP(K33,Subject!$A$2:$B$12, 2, FALSE) -> Word Building | M33: =VLOOKUP(K33, [1]Subject!$A$2:$E$11, 5, FALSE) -> WB | O33: WB | P33: 2 | Q33: =VLOOKUP(P33, [1]SubjectGroup!$A$2:$B$8, 2, FALSE) -> Core Academic Studies | R33: Core | S33: =B33 -> Word Building Level 5 | T33: 0.9
A34: 33 | B34: Literature and Creative Writing Level 5 | F34: 5 | G34: 49 | H34: 60 | I34: =H34-G34+1 -> 12 | J34: 12 | K34: 4 | L34: =VLOOKUP(K34,Subject!$A$2:$B$12, 2, FALSE) -> Literature | M34: =VLOOKUP(K34, [1]Subject!$A$2:$E$11, 5, FALSE) -> LI | O34: LC | P34: 2 | Q34: =VLOOKUP(P34, [1]SubjectGroup!$A$2:$B$8, 2, FALSE) -> Core Academic Studies | R34: Core | S34: =B34 -> Literature and Creative Writing Level 5 | T34: 0.8
A35: 34 | B35: Science Level 5 | E35: Science 5 | F35: 5 | G35: 49 | H35: 60 | I35: =H35-G35+1 -> 12 | J35: 12 | K35: 5 | L35: =VLOOKUP(K35,Subject!$A$2:$B$12, 2, FALSE) -> Science | M35: =VLOOKUP(K35, [1]Subject!$A$2:$E$11, 5, FALSE) -> SC | O35: SC | P35: 2 | Q35: =VLOOKUP(P35, [1]SubjectGroup!$A$2:$B$8, 2, FALSE) -> Core Academic Studies | R35: Core | S35: =B35 -> Science Level 5 | T35: 0.8
A36: 35 | B36: Social Studies Level 5 | F36: 5 | G36: 49 | H36: 60 | I36: =H36-G36+1 -> 12 | J36: 12 | K36: 6 | L36: =VLOOKUP(K36,Subject!$A$2:$B$12, 2, FALSE) -> Social Studies | M36: =VLOOKUP(K36, [1]Subject!$A$2:$E$11, 5, FALSE) -> SS | O36: SS | P36: 2 | Q36: =VLOOKUP(P36, [1]SubjectGroup!$A$2:$B$8, 2, FALSE) -> Core Academic Studies | R36: Core | S36: =B36 -> Social Studies Level 5 | T36: 0.8
A37: 36 | B37: Bible Reading Level 5 | F37: 5 | G37: 49 | H37: 60 | I37: =H37-G37+1 -> 12 | J37: 12 | K37: 7 | L37: =VLOOKUP(K37,Subject!$A$2:$B$12, 2, FALSE) -> Biblical Studies | M37: =VLOOKUP(K37, [1]Subject!$A$2:$E$11, 5, FALSE) -> BS | O37: BR | P37: 1 | Q37: =VLOOKUP(P37, [1]SubjectGroup!$A$2:$B$8, 2, FALSE) -> Christian Studies | R37: Core | S37: =B37 -> Bible Reading Level 5 | T37: 0.8
A38: 37 | B38: Maths Level 6 | F38: 6 | G38: 61 | H38: 72 | I38: =H38-G38+1 -> 12 | J38: 12 | K38: 1 | L38: =VLOOKUP(K38,Subject!$A$2:$B$12, 2, FALSE) -> Maths | M38: =VLOOKUP(K38, [1]Subject!$A$2:$E$11, 5, FALSE) -> MA | O38: MA | P38: 2 | Q38: =VLOOKUP(P38, [1]SubjectGroup!$A$2:$B$8, 2, FALSE) -> Core Academic Studies | R38: Core | S38: =B38 -> Maths Level 6 | T38: 0.8
A39: 38 | B39: English Level 6 | F39: 6 | G39: 61 | H39: 72 | I39: =H39-G39+1 -> 12 | J39: 12 | K39: 2 | L39: =VLOOKUP(K39,Subject!$A$2:$B$12, 2, FALSE) -> Language | M39: =VLOOKUP(K39, [1]Subject!$A$2:$E$11, 5, FALSE) -> LA | O39: EN | P39: 2 | Q39: =VLOOKUP(P39, [1]SubjectGroup!$A$2:$B$8, 2, FALSE) -> Core Academic Studies | R39: Core | S39: =B39 -> English Level 6 | T39: 0.8
A40: 39 | B40: Word Building Level 6 | F40: 6 | G40: 61 | H40: 72 | I40: =H40-G40+1 -> 12 | J40: 12 | K40: 3 | L40: =VLOOKUP(K40,Subject!$A$2:$B$12, 2, FALSE) -> Word Building | M40: =VLOOKUP(K40, [1]Subject!$A$2:$E$11, 5, FALSE) -> WB | O40: WB | P40: 2 | Q40: =VLOOKUP(P40, [1]SubjectGroup!$A$2:$B$8, 2, FALSE) -> Core Academic Studies | R40: Core | S40: =B40 -> Word Building Level 6 | T40: 0.9
A41: 40 | B41: Literature and Creative Writing Level 6 | F41: 6 | G41: 61 | H41: 72 | I41: =H41-G41+1 -> 12 | J41: 12 | K41: 4 | L41: =VLOOKUP(K41,Subject!$A$2:$B$12, 2, FALSE) -> Literature | M41: =VLOOKUP(K41, [1]Subject!$A$2:$E$11, 5, FALSE) -> LI | O41: LC | P41: 2 | Q41: =VLOOKUP(P41, [1]SubjectGroup!$A$2:$B$8, 2, FALSE) -> Core Academic Studies | R41: Core | S41: =B41 -> Literature and Creative Writing Level 6 | T41: 0.8
A42: 41 | B42: Science Level 6 | E42: Science 6 | F42: 6 | G42: 61 | H42: 72 | I42: =H42-G42+1 -> 12 | J42: 12 | K42: 5 | L42: =VLOOKUP(K42,Subject!$A$2:$B$12, 2, FALSE) -> Science | M42: =VLOOKUP(K42, [1]Subject!$A$2:$E$11, 5, FALSE) -> SC | O42: SC | P42: 2 | Q42: =VLOOKUP(P42, [1]SubjectGroup!$A$2:$B$8, 2, FALSE) -> Core Academic Studies | R42: Core | S42: =B42 -> Science Level 6 | T42: 0.8
A43: 42 | B43: Social Studies Level 6 | F43: 6 | G43: 61 | H43: 72 | I43: =H43-G43+1 -> 12 | J43: 12 | K43: 6 | L43: =VLOOKUP(K43,Subject!$A$2:$B$12, 2, FALSE) -> Social Studies | M43: =VLOOKUP(K43, [1]Subject!$A$2:$E$11, 5, FALSE) -> SS | O43: SS | P43: 2 | Q43: =VLOOKUP(P43, [1]SubjectGroup!$A$2:$B$8, 2, FALSE) -> Core Academic Studies | R43: Core | S43: =B43 -> Social Studies Level 6 | T43: 0.8
A44: 43 | B44: Bible Reading Level 6 | F44: 6 | G44: 61 | H44: 72 | I44: =H44-G44+1 -> 12 | J44: 12 | K44: 7 | L44: =VLOOKUP(K44,Subject!$A$2:$B$12, 2, FALSE) -> Biblical Studies | M44: =VLOOKUP(K44, [1]Subject!$A$2:$E$11, 5, FALSE) -> BS | O44: BR | P44: 1 | Q44: =VLOOKUP(P44, [1]SubjectGroup!$A$2:$B$8, 2, FALSE) -> Christian Studies | R44: Core | S44: =B44 -> Bible Reading Level 6 | T44: 0.8
A45: 44 | B45: Maths Level 7 | F45: 7 | G45: 73 | H45: 84 | I45: =H45-G45+1 -> 12 | J45: 12 | K45: 1 | L45: =VLOOKUP(K45,Subject!$A$2:$B$12, 2, FALSE) -> Maths | M45: =VLOOKUP(K45, [1]Subject!$A$2:$E$11, 5, FALSE) -> MA | O45: MA | P45: 2 | Q45: =VLOOKUP(P45, [1]SubjectGroup!$A$2:$B$8, 2, FALSE) -> Core Academic Studies | R45: Core | S45: =B45 -> Maths Level 7 | T45: 0.8
A46: 45 | B46: English Level 7 | F46: 7 | G46: 73 | H46: 84 | I46: =H46-G46+1 -> 12 | J46: 12 | K46: 2 | L46: =VLOOKUP(K46,Subject!$A$2:$B$12, 2, FALSE) -> Language | M46: =VLOOKUP(K46, [1]Subject!$A$2:$E$11, 5, FALSE) -> LA | O46: EN | P46: 2 | Q46: =VLOOKUP(P46, [1]SubjectGroup!$A$2:$B$8, 2, FALSE) -> Core Academic Studies | R46: Core | S46: =B46 -> English Level 7 | T46: 0.8
A47: 46 | B47: Beginning Art | F47: 7 | G47: 73 | H47: 84 | I47: =H47-G47+1 -> 12 | J47: 12 | K47: 3 | L47: =VLOOKUP(K47,Subject!$A$2:$B$12, 2, FALSE) -> Word Building | M47: =VLOOKUP(K47, [1]Subject!$A$2:$E$11, 5, FALSE) -> WB | O47: BA | P47: 2 | Q47: =VLOOKUP(P47, [1]SubjectGroup!$A$2:$B$8, 2, FALSE) -> Core Academic Studies | R47: Core | S47: =B47 -> Beginning Art | T47: 0.8
A48: 47 | B48: Word Building Level 7 | F48: 7 | G48: 73 | H48: 84 | I48: =H48-G48+1 -> 12 | J48: 12 | K48: 3 | L48: =VLOOKUP(K48,Subject!$A$2:$B$12, 2, FALSE) -> Word Building | M48: =VLOOKUP(K48, [1]Subject!$A$2:$E$11, 5, FALSE) -> WB | O48: WB | P48: 2 | Q48: =VLOOKUP(P48, [1]SubjectGroup!$A$2:$B$8, 2, FALSE) -> Core Academic Studies | R48: Core | S48: =B48 -> Word Building Level 7 | T48: 0.9
A49: 48 | B49: Literature Level 7 | F49: 7 | G49: 73 | H49: 84 | I49: =H49-G49+1 -> 12 | J49: ? | K49: 4 | L49: =VLOOKUP(K49,Subject!$A$2:$B$12, 2, FALSE) -> Literature | M49: =VLOOKUP(K49, [1]Subject!$A$2:$E$11, 5, FALSE) -> LI | N49: Alleen even getallen hebben PACE beschikbaar | O49: LC | P49: 2 | Q49: =VLOOKUP(P49, [1]SubjectGroup!$A$2:$B$8, 2, FALSE) -> Core Academic Studies | R49: Core | S49: =B49 -> Literature Level 7 | T49: 0.8
A50: 49 | B50: Science Level 7 | E50: Science 7 | F50: 7 | G50: 73 | H50: 84 | I50: =H50-G50+1 -> 12 | J50: 12 | K50: 5 | L50: =VLOOKUP(K50,Subject!$A$2:$B$12, 2, FALSE) -> Science | M50: =VLOOKUP(K50, [1]Subject!$A$2:$E$11, 5, FALSE) -> SC | O50: SC | P50: 2 | Q50: =VLOOKUP(P50, [1]SubjectGroup!$A$2:$B$8, 2, FALSE) -> Core Academic Studies | R50: Core | S50: =B50 -> Science Level 7 | T50: 0.8
A51: 50 | B51: Social Studies Level 7 | F51: 7 | G51: 73 | H51: 78 | I51: =H51-G51+1 -> 6 | J51: 6 | K51: 6 | L51: =VLOOKUP(K51,Subject!$A$2:$B$12, 2, FALSE) -> Social Studies | M51: =VLOOKUP(K51, [1]Subject!$A$2:$E$11, 5, FALSE) -> SS | N51: Deze zes PACEs gaan over "Career" en de volgende zes (79-84) over "American Constitution", maar die worden niet gedaan in Nederland. In plaats daarvan worden drie PACEs "Staatsinrichting" gedaan. | O51: SS | P51: 2 | Q51: =VLOOKUP(P51, [1]SubjectGroup!$A$2:$B$8, 2, FALSE) -> Core Academic Studies | R51: Core | S51: =B51 -> Social Studies Level 7 | T51: 0.8
A52: 51 | B52: Staatsinrichting | F52: 7 | G52: 1 | H52: 3 | I52: =H52-G52+1 -> 3 | J52: 3 | K52: 6 | L52: =VLOOKUP(K52,Subject!$A$2:$B$12, 2, FALSE) -> Social Studies | M52: =VLOOKUP(K52, [1]Subject!$A$2:$E$11, 5, FALSE) -> SS | N52: Bij bestellen rekening houden dat dit 1 boek is. | O52: SI | P52: 2 | Q52: =VLOOKUP(P52, [1]SubjectGroup!$A$2:$B$8, 2, FALSE) -> Core Academic Studies | R52: Core | S52: =B52 -> Staatsinrichting | T52: 0.8
A53: 52 | B53: Bible Reading Level 7 | F53: 7 | G53: 73 | H53: 84 | I53: =H53-G53+1 -> 12 | J53: 12 | K53: 7 | L53: =VLOOKUP(K53,Subject!$A$2:$B$12, 2, FALSE) -> Biblical Studies | M53: =VLOOKUP(K53, [1]Subject!$A$2:$E$11, 5, FALSE) -> BS | N53: Dit bestaat nog niet. Misschien komt er later nog materiaal beschikbaar voor dit niveau. | O53: BR | P53: 2 | Q53: =VLOOKUP(P53, [1]SubjectGroup!$A$2:$B$8, 2, FALSE) -> Core Academic Studies | R53: Core | S53: =B53 -> Bible Reading Level 7 | T53: 0.8
A54: 53 | B54: General Maths | C54: General Maths | D54: General Maths | E54: ICCE-C97 | F54: 8 | G54: 85 | H54: 96 | I54: =H54-G54+1 -> 12 | J54: 12 | K54: 1 | L54: =VLOOKUP(K54,Subject!$A$2:$B$12, 2, FALSE) -> Maths | M54: =VLOOKUP(K54, [1]Subject!$A$2:$E$11, 5, FALSE) -> MA | O54: GM | P54: 2 | Q54: =VLOOKUP(P54, [1]SubjectGroup!$A$2:$B$8, 2, FALSE) -> Core Academic Studies | R54: Core | S54: =B54 -> General Maths | T54: 0.8
A55: 54 | B55: General English | C55: General English | D55: General English | E55: ICCE-C96 | F55: 8 | G55: 85 | H55: 96 | I55: =H55-G55+1 -> 12 | J55: 12 | K55: 2 | L55: =VLOOKUP(K55,Subject!$A$2:$B$12, 2, FALSE) -> Language | M55: =VLOOKUP(K55, [1]Subject!$A$2:$E$11, 5, FALSE) -> LA | O55: EN | P55: 1 | Q55: =VLOOKUP(P55, [1]SubjectGroup!$A$2:$B$8, 2, FALSE) -> Christian Studies | R55: Core | S55: =B55 -> General English | T55: 0.8
A56: 55 | B56: Word Building Level 8 | F56: 8 | G56: 85 | H56: 96 | I56: =H56-G56+1 -> 12 | J56: 12 | K56: 3 | L56: =VLOOKUP(K56,Subject!$A$2:$B$12, 2, FALSE) -> Word Building | M56: =VLOOKUP(K56, [1]Subject!$A$2:$E$11, 5, FALSE) -> WB | O56: WB | P56: 1 | Q56: =VLOOKUP(P56, [1]SubjectGroup!$A$2:$B$8, 2, FALSE) -> Christian Studies | R56: Core | S56: =B56 -> Word Building Level 8 | T56: 0.9
A57: 56 | B57: Literature Level 8 | F57: 8 | G57: 86 | H57: 96 | I57: =H57-G57+1 -> 11 | J57: ? | K57: 4 | L57: =VLOOKUP(K57,Subject!$A$2:$B$12, 2, FALSE) -> Literature | M57: =VLOOKUP(K57, [1]Subject!$A$2:$E$11, 5, FALSE) -> LI | N57: Alleen even getallen hebben PACE beschikbaar | O57: LC | P57: 1 | Q57: =VLOOKUP(P57, [1]SubjectGroup!$A$2:$B$8, 2, FALSE) -> Christian Studies | R57: Core | S57: =B57 -> Literature Level 8 | T57: 0.8
A58: 57 | B58: Earth Science | C58: Earth Science | D58: Earth Science | E58: ICCE-C79 | F58: 8 | G58: 85 | H58: 96 | I58: =H58-G58+1 -> 12 | J58: 12 | K58: 5 | L58: =VLOOKUP(K58,Subject!$A$2:$B$12, 2, FALSE) -> Science | M58: =VLOOKUP(K58, [1]Subject!$A$2:$E$11, 5, FALSE) -> SC | O58: ES | P58: 2 | Q58: =VLOOKUP(P58, [1]SubjectGroup!$A$2:$B$8, 2, FALSE) -> Core Academic Studies | R58: Core | S58: Science Level 8 | T58: 0.8
A59: 58 | B59: British and European History | C59: Social Studies I-B | F59: 8 | G59: 97 | H59: 108 | I59: =H59-G59+1 -> 12 | J59: 12 | K59: 6 | L59: =VLOOKUP(K59,Subject!$A$2:$B$12, 2, FALSE) -> Social Studies | M59: =VLOOKUP(K59, [1]Subject!$A$2:$E$11, 5, FALSE) -> SS | N59: SS Level 8 bestaat uit History en Geography. Binnen History moet gekozen worden voor dit vak (British European) OF voor American History. Daarna volgt World Geography | O59: UK | P59: 1 | Q59: =VLOOKUP(P59, [1]SubjectGroup!$A$2:$B$8, 2, FALSE) -> Christian Studies | R59: Further Credit Option | S59: Social Studies Level 8 British and European History | T59: 0.8
A60: 59 | B60: World History | C60: Social Studies II-B | E60: World History | F60: 10 | G60: 97 | H60: 108 | I60: =H60-G60+1 -> 12 | J60: 12 | K60: 6 | L60: =VLOOKUP(K60,Subject!$A$2:$B$12, 2, FALSE) -> Social Studies | M60: =VLOOKUP(K60, [1]Subject!$A$2:$E$11, 5, FALSE) -> SS | N60: Dit was tot 1/1/2024 een optie voor het Enrollment-Course "British and European History / World History" binnen General (level 8), waarbij de leerling mag kiezen tussen Eur. of World History (alleen de 3rd Edition mocht dan gebruikt worden). Na deze periode is dit een keuzevak geworden binnen Intermediate (level 10) en alleen met de 4th Editions. | O60: WH | P60: 1 | Q60: =VLOOKUP(P60, [1]SubjectGroup!$A$2:$B$8, 2, FALSE) -> Christian Studies | R60: Further Credit Option | S60: Social Studies Level 9 World History | T60: 0.8 | U60: Inactive
A61: 60 | B61: New Testament Survey | C61: Biblical Studies I: New Testament Survey | D61: New Testament Survey | E61: ICCE-C24 | F61: 8 | G61: 97 | H61: 108 | I61: =H61-G61+1 -> 12 | J61: 12 | K61: 7 | L61: =VLOOKUP(K61,Subject!$A$2:$B$12, 2, FALSE) -> Biblical Studies | M61: =VLOOKUP(K61, [1]Subject!$A$2:$E$11, 5, FALSE) -> BS | O61: NT | P61: 1 | Q61: =VLOOKUP(P61, [1]SubjectGroup!$A$2:$B$8, 2, FALSE) -> Christian Studies | R61: Core | S61: =B61 -> New Testament Survey | T61: 0.8
A62: 61 | B62: Algebra I | C62: Mathematics-IA | D62: Maths I | E62: ICCE-C11 | F62: 9 | G62: 97 | H62: 108 | I62: =H62-G62+1 -> 12 | J62: 12 | K62: 1 | L62: =VLOOKUP(K62,Subject!$A$2:$B$12, 2, FALSE) -> Maths | M62: =VLOOKUP(K62, [1]Subject!$A$2:$E$11, 5, FALSE) -> MA | O62: AL | P62: 1 | Q62: =VLOOKUP(P62, [1]SubjectGroup!$A$2:$B$8, 2, FALSE) -> Christian Studies | R62: Core | S62: =B62 -> Algebra I | T62: 0.8
A63: 62 | B63: English I | F63: 9 | G63: 97 | H63: 108 | I63: =H63-G63+1 -> 12 | J63: 12 | K63: 2 | L63: =VLOOKUP(K63,Subject!$A$2:$B$12, 2, FALSE) -> Language | M63: =VLOOKUP(K63, [1]Subject!$A$2:$E$11, 5, FALSE) -> LA | O63: EN | P63: 1 | Q63: =VLOOKUP(P63, [1]SubjectGroup!$A$2:$B$8, 2, FALSE) -> Christian Studies | R63: Core | S63: =B63 -> English I | T63: 0.8
A64: 63 | B64: French I | F64: 9 | G64: 97 | H64: 108 | I64: =H64-G64+1 -> 12 | J64: 12 | K64: 2 | L64: =VLOOKUP(K64,Subject!$A$2:$B$12, 2, FALSE) -> Language | M64: =VLOOKUP(K64, [1]Subject!$A$2:$E$11, 5, FALSE) -> LA | O64: FR | P64: 1 | Q64: =VLOOKUP(P64, [1]SubjectGroup!$A$2:$B$8, 2, FALSE) -> Christian Studies | R64: Further Credit Option | S64: =B64 -> French I | T64: 0.8
A65: 64 | B65: Rosetta Stone Level 9 | F65: 9 | G65: 1 | H65: 2 | I65: =H65-G65+1 -> 2 | K65: 2 | L65: =VLOOKUP(K65,Subject!$A$2:$B$12, 2, FALSE) -> Language | M65: =VLOOKUP(K65, [1]Subject!$A$2:$E$11, 5, FALSE) -> LA | N65: Extended Levels only | O65: RS | P65: 1 | Q65: =VLOOKUP(P65, [1]SubjectGroup!$A$2:$B$8, 2, FALSE) -> Christian Studies | R65: Further Credit Option | S65: =B65 -> Rosetta Stone Level 9 | T65: 0.8
A66: 65 | B66: Spanish I | F66: 9 | G66: 1 | H66: 12 | I66: =H66-G66+1 -> 12 | J66: 12 | K66: 2 | L66: =VLOOKUP(K66,Subject!$A$2:$B$12, 2, FALSE) -> Language | M66: =VLOOKUP(K66, [1]Subject!$A$2:$E$11, 5, FALSE) -> LA | O66: ES | P66: 1 | Q66: =VLOOKUP(P66, [1]SubjectGroup!$A$2:$B$8, 2, FALSE) -> Christian Studies | R66: Further Credit Option | S66: =B66 -> Spanish I | T66: 0.8
A67: 66 | B67: Advanced Art | F67: 9 | G67: 97 | H67: 108 | I67: =H67-G67+1 -> 12 | J67: 12 | K67: 8 | L67: =VLOOKUP(K67,Subject!$A$2:$B$12, 2, FALSE) -> Electives | M67: =VLOOKUP(K67, [1]Subject!$A$2:$E$11, 5, FALSE) -> EL | O67: AA | P67: 2 | Q67: =VLOOKUP(P67, [1]SubjectGroup!$A$2:$B$8, 2, FALSE) -> Core Academic Studies | R67: Further Credit Option | S67: =B67 -> Advanced Art | T67: 0.8
A68: 67 | B68: Complete Art | F68: 9 | G68: 1 | H68: 10 | I68: =H68-G68+1 -> 10 | K68: 10 | L68: =VLOOKUP(K68,Subject!$A$2:$B$12, 2, FALSE) -> Supplementary | M68: =VLOOKUP(K68, [1]Subject!$A$2:$E$11, 5, FALSE) -> SU | O68: CA | P68: 2 | Q68: =VLOOKUP(P68, [1]SubjectGroup!$A$2:$B$8, 2, FALSE) -> Core Academic Studies | R68: Further Credit Option | S68: =B68 -> Complete Art | T68: 0.8
A69: 68 | B69: Word Building / Etymology | C69: Etymology | D69: Etymology | E69: ICCE-C89 | F69: 9 | G69: 97 | H69: 108 | I69: =H69-G69+1 -> 12 | J69: 12 | K69: 3 | L69: =VLOOKUP(K69,Subject!$A$2:$B$12, 2, FALSE) -> Word Building | M69: =VLOOKUP(K69, [1]Subject!$A$2:$E$11, 5, FALSE) -> WB | O69: ET | P69: 1 | Q69: =VLOOKUP(P69, [1]SubjectGroup!$A$2:$B$8, 2, FALSE) -> Christian Studies | R69: Core | S69: Word Building Level 9 | T69: 0.9
A70: 69 | B70: Music | F70: 9 | G70: 1 | H70: 6 | I70: =H70-G70+1 -> 6 | K70: 10 | L70: =VLOOKUP(K70,Subject!$A$2:$B$12, 2, FALSE) -> Supplementary | M70: =VLOOKUP(K70, [1]Subject!$A$2:$E$11, 5, FALSE) -> SU | O70: MU | P70: 3 | Q70: =VLOOKUP(P70, [1]SubjectGroup!$A$2:$B$8, 2, FALSE) -> Core Expanded Studies | R70: Further Credit Option | S70: =B70 -> Music | T70: 0.8
A71: 70 | B71: Music Theory/Performance Grade 5 | F71: 9 | G71: 5 | H71: 6 | I71: =H71-G71+1 -> 2 | J71: 12 | K71: 10 | L71: =VLOOKUP(K71,Subject!$A$2:$B$12, 2, FALSE) -> Supplementary | M71: =VLOOKUP(K71, [1]Subject!$A$2:$E$11, 5, FALSE) -> SU | O71: MT | P71: 3 | Q71: =VLOOKUP(P71, [1]SubjectGroup!$A$2:$B$8, 2, FALSE) -> Core Expanded Studies | R71: Further Credit Option | S71: =B71 -> Music Theory/Performance Grade 5 | T71: 0.8
A72: 71 | B72: Music Theory/Performance | F72: 9 | G72: 5 | H72: 6 | I72: =H72-G72+1 -> 2 | J72: 12 | K72: 10 | L72: =VLOOKUP(K72,Subject!$A$2:$B$12, 2, FALSE) -> Supplementary | M72: =VLOOKUP(K72, [1]Subject!$A$2:$E$11, 5, FALSE) -> SU | N72: Is duplicate of 70? Or perhaps the other one is theory and this one is performance | O72: MT | P72: 3 | Q72: =VLOOKUP(P72, [1]SubjectGroup!$A$2:$B$8, 2, FALSE) -> Core Expanded Studies | R72: Further Credit Option | S72: =B72 -> Music Theory/Performance | T72: 0.8
A73: 72 | B73: Speech | F73: 9 | G73: 1 | H73: 6 | I73: =H73-G73+1 -> 6 | K73: 3 | L73: =VLOOKUP(K73,Subject!$A$2:$B$12, 2, FALSE) -> Word Building | M73: =VLOOKUP(K73, [1]Subject!$A$2:$E$11, 5, FALSE) -> WB | O73: SP | P73: 3 | Q73: =VLOOKUP(P73, [1]SubjectGroup!$A$2:$B$8, 2, FALSE) -> Core Expanded Studies | R73: Core | S73: =B73 -> Speech | T73: 0.8
A74: 73 | B74: ICCE Literature Level 9 | F74: 9 | G74: 1 | H74: 4 | I74: =H74-G74+1 -> 4 | J74: 6 | K74: 4 | L74: =VLOOKUP(K74,Subject!$A$2:$B$12, 2, FALSE) -> Literature | M74: =VLOOKUP(K74, [1]Subject!$A$2:$E$11, 5, FALSE) -> LI | N74: Voor Essays vanaf een bepaald niveau worden er geen sterren gegeven. Dit vak heeft geen lesmateriaal. Het zijn gewoon vier boeken waar een essay voor moet worden geschreven. | O74: I9 | P74: 2 | Q74: =VLOOKUP(P74, [1]SubjectGroup!$A$2:$B$8, 2, FALSE) -> Core Academic Studies | R74: Core | S74: =B74 -> ICCE Literature Level 9 | T74: 0.8
A75: 74 | B75: Astronomy | C75: Astronomy | D75: Astronomy | E75: ICCE-C19 | F75: 9 | G75: 1 | H75: 5 | I75: =H75-G75+1 -> 5 | K75: 5 | L75: =VLOOKUP(K75,Subject!$A$2:$B$12, 2, FALSE) -> Science | M75: =VLOOKUP(K75, [1]Subject!$A$2:$E$11, 5, FALSE) -> SC | O75: AS | P75: 2 | Q75: =VLOOKUP(P75, [1]SubjectGroup!$A$2:$B$8, 2, FALSE) -> Core Academic Studies | R75: Further Credit Option | S75: =B75 -> Astronomy | T75: 0.8
A76: 75 | B76: Biology / Science Level 9 | E76: Science 9 | F76: 9 | G76: 97 | H76: 108 | I76: =H76-G76+1 -> 12 | J76: 12 | K76: 5 | L76: =VLOOKUP(K76,Subject!$A$2:$B$12, 2, FALSE) -> Science | M76: =VLOOKUP(K76, [1]Subject!$A$2:$E$11, 5, FALSE) -> SC | O76: BI | P76: 2 | Q76: =VLOOKUP(P76, [1]SubjectGroup!$A$2:$B$8, 2, FALSE) -> Core Academic Studies | R76: Core | S76: Science Level 9 | T76: 0.8
A77: 76 | B77: Health | F77: 9 | G77: 1 | H77: 6 | I77: =H77-G77+1 -> 6 | K77: 5 | L77: =VLOOKUP(K77,Subject!$A$2:$B$12, 2, FALSE) -> Science | M77: =VLOOKUP(K77, [1]Subject!$A$2:$E$11, 5, FALSE) -> SC | O77: HE | P77: 2 | Q77: =VLOOKUP(P77, [1]SubjectGroup!$A$2:$B$8, 2, FALSE) -> Core Academic Studies | R77: Further Credit Option | S77: =B77 -> Health | T77: 0.8
A78: 77 | B78: Nutrition Science | F78: 9 | G78: 1 | H78: 6 | I78: =H78-G78+1 -> 6 | K78: 5 | L78: =VLOOKUP(K78,Subject!$A$2:$B$12, 2, FALSE) -> Science | M78: =VLOOKUP(K78, [1]Subject!$A$2:$E$11, 5, FALSE) -> SC | O78: NS | P78: 2 | Q78: =VLOOKUP(P78, [1]SubjectGroup!$A$2:$B$8, 2, FALSE) -> Core Academic Studies | R78: Further Credit Option | S78: =B78 -> Nutrition Science | T78: 0.8
A79: 78 | B79: Sport + Health | F79: 9 | G79: 1 | H79: 4 | I79: =H79-G79+1 -> 4 | J79: 12 | K79: 5 | L79: =VLOOKUP(K79,Subject!$A$2:$B$12, 2, FALSE) -> Science | M79: =VLOOKUP(K79, [1]Subject!$A$2:$E$11, 5, FALSE) -> SC | N79: Is een combinatie vak dat alleen met Health samen gedaan kan worden? ON HOLD Informatie moet nog bevestigd worden | O79: SP | P79: 3 | Q79: =VLOOKUP(P79, [1]SubjectGroup!$A$2:$B$8, 2, FALSE) -> Core Expanded Studies | R79: Further Credit Option | S79: =B79 -> Sport + Health | T79: 0.8
A80: 79 | B80: A.C.E. Training | F80: 9 | I80: =H80-G80+1 -> 1 | J80: 6 | K80: 10 | L80: =VLOOKUP(K80,Subject!$A$2:$B$12, 2, FALSE) -> Supplementary | M80: =VLOOKUP(K80, [1]Subject!$A$2:$E$11, 5, FALSE) -> SU | O80: AC | P80: 4 | Q80: =VLOOKUP(P80, [1]SubjectGroup!$A$2:$B$8, 2, FALSE) -> Applied Studies | R80: Further Credit Option | S80: =B80 -> A.C.E. Training | T80: 0.8
A81: 80 | B81: World Geography | C81: Social Studies I-C | D81: World Geography | F81: 9 | G81: 97 | H81: 108 | I81: =H81-G81+1 -> 12 | J81: 12 | K81: 6 | L81: =VLOOKUP(K81,Subject!$A$2:$B$12, 2, FALSE) -> Social Studies | M81: =VLOOKUP(K81, [1]Subject!$A$2:$E$11, 5, FALSE) -> SS | O81: WG | P81: 2 | Q81: =VLOOKUP(P81, [1]SubjectGroup!$A$2:$B$8, 2, FALSE) -> Core Academic Studies | R81: Core | S81: Social Studies Level 9 World Geography | T81: 0.8
A82: 81 | B82: Apologetics I | C82: Apologetics I-A (2022) | F82: 9 | G82: 1 | H82: 2 | I82: =H82-G82+1 -> 2 | J82: 3 | K82: 7 | L82: =VLOOKUP(K82,Subject!$A$2:$B$12, 2, FALSE) -> Biblical Studies | M82: =VLOOKUP(K82, [1]Subject!$A$2:$E$11, 5, FALSE) -> BS | N82: Dit zijn resp. PACE's 97,102 in de oude editie (2018). 2 sterren voor de twee toetsen, en 1 ster voor het essay | O82: AP | P82: 1 | Q82: =VLOOKUP(P82, [1]SubjectGroup!$A$2:$B$8, 2, FALSE) -> Christian Studies | R82: Core | S82: =B82 -> Apologetics I | T82: 0.8
A83: 82 | B83: Missions | F83: 9 | G83: 1 | H83: 6 | I83: =H83-G83+1 -> 6 | J83: 6 | K83: 7 | L83: =VLOOKUP(K83,Subject!$A$2:$B$12, 2, FALSE) -> Biblical Studies | M83: =VLOOKUP(K83, [1]Subject!$A$2:$E$11, 5, FALSE) -> BS | O83: MI | P83: 1 | Q83: =VLOOKUP(P83, [1]SubjectGroup!$A$2:$B$8, 2, FALSE) -> Christian Studies | R83: Further Credit Option | S83: =B83 -> Missions | T83: 0.8
A84: 83 | B84: Successful Living | E84: Successful Living | F84: 9 | G84: 1 | H84: 12 | I84: =H84-G84+1 -> 12 | J84: 12 | K84: 7 | L84: =VLOOKUP(K84,Subject!$A$2:$B$12, 2, FALSE) -> Biblical Studies | M84: =VLOOKUP(K84, [1]Subject!$A$2:$E$11, 5, FALSE) -> BS | N84: Vroeger kwam dit na BS Level 9 (NTS). Dit is vanaf 2024-01 een keuze voor General en Intermediate geworden (verplichting is vervallen). In plaats daarvan is ICCE Phys Science verplicht geworden in Level 9. | O84: SL | P84: 1 | Q84: =VLOOKUP(P84, [1]SubjectGroup!$A$2:$B$8, 2, FALSE) -> Christian Studies | R84: Core | S84: =B84 -> Successful Living | T84: 0.8
A85: 84 | B85: A.C.E. Training + 30 hours of service | F85: 9 | I85: =H85-G85+1 -> 1 | J85: 12 | K85: 10 | L85: =VLOOKUP(K85,Subject!$A$2:$B$12, 2, FALSE) -> Supplementary | M85: =VLOOKUP(K85, [1]Subject!$A$2:$E$11, 5, FALSE) -> SU | O85: AT | P85: 4 | Q85: =VLOOKUP(P85, [1]SubjectGroup!$A$2:$B$8, 2, FALSE) -> Applied Studies | R85: Further Credit Option | S85: =B85 -> A.C.E. Training + 30 hours of service | T85: 0.8
A86: 85 | B86: ECDL Course | F86: 9 | G86: 1 | H86: 8 | I86: =H86-G86+1 -> 8 | K86: 10 | L86: =VLOOKUP(K86,Subject!$A$2:$B$12, 2, FALSE) -> Supplementary | M86: =VLOOKUP(K86, [1]Subject!$A$2:$E$11, 5, FALSE) -> SU | N86: Wat is dit? | O86: ED | P86: 3 | Q86: =VLOOKUP(P86, [1]SubjectGroup!$A$2:$B$8, 2, FALSE) -> Core Expanded Studies | R86: Core | S86: =B86 -> ECDL Course | T86: 0.8
A87: 86 | B87: Geometry | C87: Mathematics-IIA | F87: 10 | G87: 109 | H87: 120 | I87: =H87-G87+1 -> 12 | J87: 12 | K87: 1 | L87: =VLOOKUP(K87,Subject!$A$2:$B$12, 2, FALSE) -> Maths | M87: =VLOOKUP(K87, [1]Subject!$A$2:$E$11, 5, FALSE) -> MA | O87: GE | P87: 2 | Q87: =VLOOKUP(P87, [1]SubjectGroup!$A$2:$B$8, 2, FALSE) -> Core Academic Studies | R87: Core | S87: =B87 -> Geometry | T87: 0.8
A88: 87 | B88: English II | F88: 10 | G88: 109 | H88: 120 | I88: =H88-G88+1 -> 12 | J88: 12 | K88: 2 | L88: =VLOOKUP(K88,Subject!$A$2:$B$12, 2, FALSE) -> Language | M88: =VLOOKUP(K88, [1]Subject!$A$2:$E$11, 5, FALSE) -> LA | O88: EN | P88: 2 | Q88: =VLOOKUP(P88, [1]SubjectGroup!$A$2:$B$8, 2, FALSE) -> Core Academic Studies | R88: Core | S88: =B88 -> English II | T88: 0.8
A89: 88 | B89: Rosetta Stone Level 10 | F89: 10 | G89: 3 | H89: 5 | I89: =H89-G89+1 -> 3 | J89: 6 | K89: 2 | L89: =VLOOKUP(K89,Subject!$A$2:$B$12, 2, FALSE) -> Language | M89: =VLOOKUP(K89, [1]Subject!$A$2:$E$11, 5, FALSE) -> LA | N89: Each six stars | O89: RS | P89: 2 | Q89: =VLOOKUP(P89, [1]SubjectGroup!$A$2:$B$8, 2, FALSE) -> Core Academic Studies | R89: Further Credit Option | S89: =B89 -> Rosetta Stone Level 10 | T89: 0.8
A90: 89 | B90: Music Theory/Performance Grade 6 | F90: 10 | I90: =H90-G90+1 -> 1 | J90: 12 | K90: 10 | L90: =VLOOKUP(K90,Subject!$A$2:$B$12, 2, FALSE) -> Supplementary | M90: =VLOOKUP(K90, [1]Subject!$A$2:$E$11, 5, FALSE) -> SU | O90: MT | P90: 3 | Q90: =VLOOKUP(P90, [1]SubjectGroup!$A$2:$B$8, 2, FALSE) -> Core Expanded Studies | R90: Further Credit Option | S90: =B90 -> Music Theory/Performance Grade 6 | T90: 0.8
A91: 90 | B91: Physical Science | E91: Science 10 | F91: 10 | G91: 109 | H91: 120 | I91: =H91-G91+1 -> 12 | J91: 12 | K91: 5 | L91: =VLOOKUP(K91,Subject!$A$2:$B$12, 2, FALSE) -> Science | M91: =VLOOKUP(K91, [1]Subject!$A$2:$E$11, 5, FALSE) -> SC | N91: Dat klopt | O91: PS | P91: 2 | Q91: =VLOOKUP(P91, [1]SubjectGroup!$A$2:$B$8, 2, FALSE) -> Core Academic Studies | R91: Core | S91: Science Level 10 | T91: 0.8
A92: 91 | B92: History of Civilisation I | C92: Social Studies II-B | E92: History of Civilisation I | F92: 10 | G92: 1 | H92: 10 | I92: =H92-G92+1 -> 10 | J92: 12 | K92: 6 | L92: =VLOOKUP(K92,Subject!$A$2:$B$12, 2, FALSE) -> Social Studies | M92: =VLOOKUP(K92, [1]Subject!$A$2:$E$11, 5, FALSE) -> SS | O92: HC | P92: 2 | Q92: =VLOOKUP(P92, [1]SubjectGroup!$A$2:$B$8, 2, FALSE) -> Core Academic Studies | R92: Core | S92: Social Studies Level 10 | T92: 0.8
A93: 92 | B93: Apologetics II | C93: Apologetics I-B (2022) | F93: 10 | G93: 7 | H93: 10 | I93: =H93-G93+1 -> 4 | J93: 3 | K93: 7 | L93: =VLOOKUP(K93,Subject!$A$2:$B$12, 2, FALSE) -> Biblical Studies | M93: =VLOOKUP(K93, [1]Subject!$A$2:$E$11, 5, FALSE) -> BS | N93: De oude nummering hiervan is resp. PACE's 98-101 (nu dus 7-10). Hier mag gekozen worden voor Apologetics II (i.e. boekjes 3 en 4) of uit Groep 1 (i.e. Christian Studies, van Intermediate). Klopt deze laatste opmerking (keuze uit Groep 1)? Er is geen toets bij Apologetics II, maar wel een essay, waar drie sterren voor worden gegeven. | O93: AP | P93: 1 | Q93: =VLOOKUP(P93, [1]SubjectGroup!$A$2:$B$8, 2, FALSE) -> Christian Studies | R93: Further Credit Option | S93: =B93 -> Apologetics II | T93: 0.8
A94: 93 | B94: Christian Counselling I | F94: 10 | G94: 1 | H94: 5 | I94: =H94-G94+1 -> 5 | J94: 6 | K94: 7 | L94: =VLOOKUP(K94,Subject!$A$2:$B$12, 2, FALSE) -> Biblical Studies | M94: =VLOOKUP(K94, [1]Subject!$A$2:$E$11, 5, FALSE) -> BS | N94: Correct gespeld? Is Amerikaans materiaal maar Britse spelling? | O94: CC | P94: 1 | Q94: =VLOOKUP(P94, [1]SubjectGroup!$A$2:$B$8, 2, FALSE) -> Christian Studies | R94: Further Credit Option | S94: =B94 -> Christian Counselling I | T94: 0.8
A95: 94 | B95: Life of Christ I | F95: 10 | G95: 133 | H95: 138 | I95: =H95-G95+1 -> 6 | K95: 7 | L95: =VLOOKUP(K95,Subject!$A$2:$B$12, 2, FALSE) -> Biblical Studies | M95: =VLOOKUP(K95, [1]Subject!$A$2:$E$11, 5, FALSE) -> BS | O95: LC | P95: 1 | Q95: =VLOOKUP(P95, [1]SubjectGroup!$A$2:$B$8, 2, FALSE) -> Christian Studies | R95: Further Credit Option | S95: =B95 -> Life of Christ I | T95: 0.8
A96: 95 | B96: Old Testament Survey | C96: Biblical Studies II: Old Testament Survey ICCE-C25 | D96: Old Testament Survey | E96: ICCE-C25 | F96: 10 | G96: 109 | H96: 120 | I96: =H96-G96+1 -> 12 | J96: 12 | K96: 7 | L96: =VLOOKUP(K96,Subject!$A$2:$B$12, 2, FALSE) -> Biblical Studies | M96: =VLOOKUP(K96, [1]Subject!$A$2:$E$11, 5, FALSE) -> BS | N96: Ik kan alleen PACEs 1-10 vinden, zijn waarschijnlijk oude edities | O96: OT | P96: 1 | Q96: =VLOOKUP(P96, [1]SubjectGroup!$A$2:$B$8, 2, FALSE) -> Christian Studies | R96: Core | S96: =B96 -> Old Testament Survey | T96: 0.8
A97: 96 | B97: Auto Mechanics | F97: 10 | G97: 109 | H97: 114 | I97: =H97-G97+1 -> 6 | K97: 10 | L97: =VLOOKUP(K97,Subject!$A$2:$B$12, 2, FALSE) -> Supplementary | M97: =VLOOKUP(K97, [1]Subject!$A$2:$E$11, 5, FALSE) -> SU | O97: AM | P97: 3 | Q97: =VLOOKUP(P97, [1]SubjectGroup!$A$2:$B$8, 2, FALSE) -> Core Expanded Studies | R97: Further Credit Option | S97: =B97 -> Auto Mechanics | T97: 0.8
A98: 97 | B98: Digital Savvy | C98: ICT: Digital Savvy | E98: ICCE-C108 | F98: 10 | G98: 1 | H98: 24 | I98: =H98-G98+1 -> 24 | J98: 12 | K98: 11 | L98: =VLOOKUP(K98,Subject!$A$2:$B$12, 2, FALSE) -> Art Electives | M98: =VLOOKUP(K98, [1]Subject!$A$2:$E$11, 5, FALSE) -> #N/A | N98: From approved list | O98: IC | P98: 3 | Q98: =VLOOKUP(P98, [1]SubjectGroup!$A$2:$B$8, 2, FALSE) -> Core Expanded Studies | R98: Further Credit Option | S98: =B98 -> Digital Savvy | T98: 0.8
A99: 98 | B99: Algebra II | F99: 11 | G99: 121 | H99: 132 | I99: =H99-G99+1 -> 12 | J99: 12 | K99: 1 | L99: =VLOOKUP(K99,Subject!$A$2:$B$12, 2, FALSE) -> Maths | M99: =VLOOKUP(K99, [1]Subject!$A$2:$E$11, 5, FALSE) -> MA | O99: AL | P99: 2 | Q99: =VLOOKUP(P99, [1]SubjectGroup!$A$2:$B$8, 2, FALSE) -> Core Academic Studies | R99: Core | S99: =B99 -> Algebra II | T99: 0.8
A100: 99 | B100: British Literature | F100: 11 | G100: 1 | H100: 5 | I100: =H100-G100+1 -> 5 | J100: ? | K100: 4 | L100: =VLOOKUP(K100,Subject!$A$2:$B$12, 2, FALSE) -> Literature | M100: =VLOOKUP(K100, [1]Subject!$A$2:$E$11, 5, FALSE) -> LI | O100: BL | P100: 2 | Q100: =VLOOKUP(P100, [1]SubjectGroup!$A$2:$B$8, 2, FALSE) -> Core Academic Studies | R100: Core | S100: =B100 -> British Literature | T100: 0.8
...

Sheet PACEs
A1: ID | B1: Name | C1: Course | D1: Number | E1: Score | F1: Date | G1: Term
A2: 1 | B2: Nathan Yong | C2: General Maths | D2: 96 | E2: 0.975 | F2: 45933 | G2: =VLOOKUP(F2,Date!$B$2:$K$1623, 7, FALSE) -> 1
A3: 2 | B3: Nathan Yong | C3: General English | D3: 95 | E3: 1 | F3: 45919 | G3: =VLOOKUP(F3,Date!$B$2:$K$1623, 7, FALSE) -> 1
A4: 3 | B4: Nathan Yong | C4: General English | D4: 96 | E4: 1 | F4: 45945 | G4: =VLOOKUP(F4,Date!$B$2:$K$1623, 7, FALSE) -> 1
A5: 4 | B5: Nathan Yong | C5: Word Building Level 8 | D5: 95 | E5: 0.995 | F5: 45919 | G5: =VLOOKUP(F5,Date!$B$2:$K$1623, 7, FALSE) -> 1
A6: 5 | B6: Nathan Yong | C6: Word Building Level 8 | D6: 96 | E6: 1 | F6: 45945 | G6: =VLOOKUP(F6,Date!$B$2:$K$1623, 7, FALSE) -> 1
A7: 6 | B7: Nathan Yong | C7: ICCE Physical Science | D7: 98 | E7: 1 | F7: 45926 | G7: =VLOOKUP(F7,Date!$B$2:$K$1623, 7, FALSE) -> 1
A8: 7 | B8: Nathan Yong | C8: Earth Science | D8: 96 | E8: 0.975 | F8: 45919 | G8: =VLOOKUP(F8,Date!$B$2:$K$1623, 7, FALSE) -> 1
A9: 8 | B9: Nathan Yong | C9: Biology | D9: 97 | E9: 1 | F9: 45945 | G9: =VLOOKUP(F9,Date!$B$2:$K$1623, 7, FALSE) -> 1
A10: 9 | B10: Nathan Yong | C10: American History | D10: 96 | E10: 1 | F10: 45933 | G10: =VLOOKUP(F10,Date!$B$2:$K$1623, 7, FALSE) -> 1
A11: 10 | B11: Nathan Yong | C11: World Geography | D11: 97 | E11: 0.98 | F11: 45945 | G11: =VLOOKUP(F11,Date!$B$2:$K$1623, 7, FALSE) -> 1
A12: 11 | B12: Nathan Yong | C12: New Testament Survey | D12: 108 | E12: 0.99 | F12: 45926 | G12: =VLOOKUP(F12,Date!$B$2:$K$1623, 7, FALSE) -> 1
A13: 12 | B13: Nathan Yong | C13: Digital Savvy | D13: 9–10 | E13: 1 | F13: 45926 | G13: =VLOOKUP(F13,Date!$B$2:$K$1623, 7, FALSE) -> 1
A14: 13 | B14: Nathan Yong | C14: Algebra I | D14: 100 | E14: 0.99 | F14: 46066 | G14: =VLOOKUP(F14,Date!$B$2:$K$1623, 7, FALSE) -> 3
A15: 14 | B15: Nathan Yong | C15: Algebra I | D15: 99 | E15: 1 | F15: 46045 | G15: =VLOOKUP(F15,Date!$B$2:$K$1623, 7, FALSE) -> 3
A16: 15 | B16: Nathan Yong | C16: General English | D16: 100 | E16: 1 | F16: 46065 | G16: =VLOOKUP(F16,Date!$B$2:$K$1623, 7, FALSE) -> 3
A17: 16 | B17: Nathan Yong | C17: General English | D17: 99 | E17: 0.98 | F17: 46045 | G17: =VLOOKUP(F17,Date!$B$2:$K$1623, 7, FALSE) -> 3
A18: 17 | B18: Nathan Yong | C18: Word Building / Etymology | D18: 100 | E18: 0.99 | F18: 46066 | G18: =VLOOKUP(F18,Date!$B$2:$K$1623, 7, FALSE) -> 3
A19: 18 | B19: Nathan Yong | C19: Word Building / Etymology | D19: 99 | E19: 1 | F19: 46045 | G19: =VLOOKUP(F19,Date!$B$2:$K$1623, 7, FALSE) -> 3
A20: 19 | B20: Nathan Yong | C20: Literature | D20: 102 | E20: 1 | F20: 46044 | G20: =VLOOKUP(F20,Date!$B$2:$K$1623, 7, FALSE) -> 3
A21: 20 | B21: Nathan Yong | C21: Earth Science | D21: 100 | E21: 1 | F21: 46066 | G21: =VLOOKUP(F21,Date!$B$2:$K$1623, 7, FALSE) -> 3
A22: 21 | B22: Nathan Yong | C22: Earth Science | D22: 99 | E22: 1 | F22: 46052 | G22: =VLOOKUP(F22,Date!$B$2:$K$1623, 7, FALSE) -> 3
A23: 22 | B23: Nathan Yong | C23: Astronomy | D23: 4 | E23: 0.92 | F23: 46072 | G23: =VLOOKUP(F23,Date!$B$2:$K$1623, 7, FALSE) -> 3
A24: 23 | B24: Nathan Yong | C24: World Geography | D24: 100 | E24: 1 | F24: 46072 | G24: =VLOOKUP(F24,Date!$B$2:$K$1623, 7, FALSE) -> 3
A25: 24 | B25: Nathan Yong | C25: World Geography | D25: 99 | E25: 0.975 | F25: 46052 | G25: =VLOOKUP(F25,Date!$B$2:$K$1623, 7, FALSE) -> 3
A26: 25 | B26: Nathan Yong | C26: Digital Savvy | D26: 15–17 | E26: 1 | F26: 46052 | G26: =VLOOKUP(F26,Date!$B$2:$K$1623, 7, FALSE) -> 3
A27: 26 | B27: Nathan Yong | C27: Digital Savvy | D27: 18–19 | E27: 1 | F27: 46072 | G27: =VLOOKUP(F27,Date!$B$2:$K$1623, 7, FALSE) -> 3

Sheet PACE
A1: ID | B1: CourseID | C1: Number | D1: SpecificationAbb | E1: Code2 | F1: Alias__ | G1: Subject | H1: Edition | I1: EditionOrder | J1: Year | K1: Type | L1: SubjectGroupID__ | M1: StarValue | N1: Remark
A2: 1 | B2: 1 | C2: 2 | D2: RR | E2: =UPPER(LEFT(G2,2)) & RIGHT("00" & C2, 3) & D2 & RIGHT("0" & H2, 2) & K2 -> 12002RR03PT | F2: =VLOOKUP(B2,[1]Course!$A$2:$R$329,2,FALSE) -> 0 | G2: =VLOOKUP(B2, [1]Course!$A$2:$L$950, 8, FALSE) -> 12 | H2: 3 | I2: 1 | K2: PT | L2: =VLOOKUP(B2, [1]Course!$A$1:$O$933, 14, FALSE) -> RR | M2: 1
A3: 2 | B3: 1 | C3: 3 | D3: RR | E3: =UPPER(LEFT(G3,2)) & RIGHT("0" & C3, 2) & D3 & RIGHT("0" & H3, 2) & K3 -> 1203RR03PT | F3: =VLOOKUP(B3,[1]Course!$A$2:$R$329,2,FALSE) -> 0 | G3: =VLOOKUP(B3, [1]Course!$A$2:$L$950, 8, FALSE) -> 12 | H3: 3 | I3: 1 | K3: PT | L3: =VLOOKUP(B3, [1]Course!$A$1:$O$933, 14, FALSE) -> RR | M3: 1
A4: 3 | B4: 1 | C4: 4 | D4: RR | E4: =UPPER(LEFT(G4,2)) & RIGHT("0" & C4, 2) & D4 & RIGHT("0" & H4, 2) & K4 -> 1204RR03PT | F4: =VLOOKUP(B4,[1]Course!$A$2:$R$329,2,FALSE) -> 0 | G4: =VLOOKUP(B4, [1]Course!$A$2:$L$950, 8, FALSE) -> 12 | H4: 3 | I4: 1 | K4: PT | L4: =VLOOKUP(B4, [1]Course!$A$1:$O$933, 14, FALSE) -> RR | M4: 1
A5: 4 | B5: 1 | C5: 5 | D5: RR | E5: =UPPER(LEFT(G5,2)) & RIGHT("0" & C5, 2) & D5 & RIGHT("0" & H5, 2) & K5 -> 1205RR03PT | F5: =VLOOKUP(B5,[1]Course!$A$2:$R$329,2,FALSE) -> 0 | G5: =VLOOKUP(B5, [1]Course!$A$2:$L$950, 8, FALSE) -> 12 | H5: 3 | I5: 1 | K5: PT | L5: =VLOOKUP(B5, [1]Course!$A$1:$O$933, 14, FALSE) -> RR | M5: 1
A6: 5 | B6: 1 | C6: 6 | D6: RR | E6: =UPPER(LEFT(G6,2)) & RIGHT("0" & C6, 2) & D6 & RIGHT("0" & H6, 2) & K6 -> 1206RR03PT | F6: =VLOOKUP(B6,[1]Course!$A$2:$R$329,2,FALSE) -> 0 | G6: =VLOOKUP(B6, [1]Course!$A$2:$L$950, 8, FALSE) -> 12 | H6: 3 | I6: 1 | K6: PT | L6: =VLOOKUP(B6, [1]Course!$A$1:$O$933, 14, FALSE) -> RR | M6: 1
A7: 6 | B7: 1 | C7: 7 | D7: RR | E7: =UPPER(LEFT(G7,2)) & RIGHT("0" & C7, 2) & D7 & RIGHT("0" & H7, 2) & K7 -> 1207RR03PT | F7: =VLOOKUP(B7,[1]Course!$A$2:$R$329,2,FALSE) -> 0 | G7: =VLOOKUP(B7, [1]Course!$A$2:$L$950, 8, FALSE) -> 12 | H7: 3 | I7: 1 | K7: PT | L7: =VLOOKUP(B7, [1]Course!$A$1:$O$933, 14, FALSE) -> RR | M7: 1
A8: 7 | B8: 1 | C8: 8 | D8: RR | E8: =UPPER(LEFT(G8,2)) & RIGHT("0" & C8, 2) & D8 & RIGHT("0" & H8, 2) & K8 -> 1208RR03PT | F8: =VLOOKUP(B8,[1]Course!$A$2:$R$329,2,FALSE) -> 0 | G8: =VLOOKUP(B8, [1]Course!$A$2:$L$950, 8, FALSE) -> 12 | H8: 3 | I8: 1 | K8: PT | L8: =VLOOKUP(B8, [1]Course!$A$1:$O$933, 14, FALSE) -> RR | M8: 1
A9: 8 | B9: 1 | C9: 9 | D9: RR | E9: =UPPER(LEFT(G9,2)) & RIGHT("0" & C9, 2) & D9 & RIGHT("0" & H9, 2) & K9 -> 1209RR03PT | F9: =VLOOKUP(B9,[1]Course!$A$2:$R$329,2,FALSE) -> 0 | G9: =VLOOKUP(B9, [1]Course!$A$2:$L$950, 8, FALSE) -> 12 | H9: 3 | I9: 1 | K9: PT | L9: =VLOOKUP(B9, [1]Course!$A$1:$O$933, 14, FALSE) -> RR | M9: 1
A10: 9 | B10: 1 | C10: 10 | D10: RR | E10: =UPPER(LEFT(G10,2)) & RIGHT("0" & C10, 2) & D10 & RIGHT("0" & H10, 2) & K10 -> 1210RR03PT | F10: =VLOOKUP(B10,[1]Course!$A$2:$R$329,2,FALSE) -> 0 | G10: =VLOOKUP(B10, [1]Course!$A$2:$L$950, 8, FALSE) -> 12 | H10: 3 | I10: 1 | K10: PT | L10: =VLOOKUP(B10, [1]Course!$A$1:$O$933, 14, FALSE) -> RR | M10: 1
A11: 10 | B11: 1 | C11: 11 | D11: RR | E11: =UPPER(LEFT(G11,2)) & RIGHT("0" & C11, 2) & D11 & RIGHT("0" & H11, 2) & K11 -> 1211RR03PT | F11: =VLOOKUP(B11,[1]Course!$A$2:$R$329,2,FALSE) -> 0 | G11: =VLOOKUP(B11, [1]Course!$A$2:$L$950, 8, FALSE) -> 12 | H11: 3 | I11: 3 | K11: PT | L11: =VLOOKUP(B11, [1]Course!$A$1:$O$933, 14, FALSE) -> RR | M11: 1
A12: 11 | B12: 1 | C12: 12 | D12: RR | E12: =UPPER(LEFT(G12,2)) & RIGHT("0" & C12, 2) & D12 & RIGHT("0" & H12, 2) & K12 -> 1212RR03PT | F12: =VLOOKUP(B12,[1]Course!$A$2:$R$329,2,FALSE) -> 0 | G12: =VLOOKUP(B12, [1]Course!$A$2:$L$950, 8, FALSE) -> 12 | H12: 3 | I12: 2 | K12: PT | L12: =VLOOKUP(B12, [1]Course!$A$1:$O$933, 14, FALSE) -> RR | M12: 1
A13: 12 | B13: 2 | C13: 1 | D13: MA | E13: =UPPER(LEFT(G13,2)) & RIGHT("0" & C13, 2) & D13 & RIGHT("0" & H13, 2) & K13 -> 1201MA03PT | F13: =VLOOKUP(B13,[1]Course!$A$2:$R$329,2,FALSE) -> 0 | G13: =VLOOKUP(B13, [1]Course!$A$2:$L$950, 8, FALSE) -> 12 | H13: 3 | I13: 1 | K13: PT | L13: =VLOOKUP(B13, [1]Course!$A$1:$O$933, 14, FALSE) -> MA | M13: 1
A14: 13 | B14: 2 | C14: 2 | D14: MA | E14: =UPPER(LEFT(G14,2)) & RIGHT("0" & C14, 2) & D14 & RIGHT("0" & H14, 2) & K14 -> 1202MA03PT | F14: =VLOOKUP(B14,[1]Course!$A$2:$R$329,2,FALSE) -> 0 | G14: =VLOOKUP(B14, [1]Course!$A$2:$L$950, 8, FALSE) -> 12 | H14: 3 | I14: 2 | K14: PT | L14: =VLOOKUP(B14, [1]Course!$A$1:$O$933, 14, FALSE) -> MA | M14: 1
... A808: 811 | B808: 73 | C808: 108 | D808: LC | E808: =UPPER(LEFT(G808,2)) & RIGHT("0" & C808, 2) & D808 & RIGHT("0" & H808, 2) & K808 -> 408LC03PT | F808: =VLOOKUP(B808,[1]Course!$A$2:$R$329,2,FALSE) -> 0 | G808: =VLOOKUP(B808, [1]Course!$A$2:$L$950, 8, FALSE) -> 4 | H808: 3 | I808: 1 | K808: PT | L808: =VLOOKUP(B808, [1]Course!$A$1:$O$933, 14, FALSE) -> I9 | M808: 1
A809: 812 | B809: 74 | C809: 1 | D809: AS | E809: =UPPER(LEFT(G809,2)) & RIGHT("0" & C809, 2) & D809 & RIGHT("0" & H809, 2) & K809 -> 501AS03PT | F809: Astronomy | G809: =VLOOKUP(B809, [1]Course!$A$2:$L$950, 8, FALSE) -> 5 | H809: 3 | I809: 1 | K809: PT | L809: =VLOOKUP(B809, [1]Course!$A$1:$O$933, 14, FALSE) -> AS | M809: 1
A810: 813 | B810: 74 | C810: 2 | D810: AS | E810: =UPPER(LEFT(G810,2)) & RIGHT("0" & C810, 2) & D810 & RIGHT("0" & H810, 2) & K810 -> 502AS03PT | F810: Astronomy | G810: =VLOOKUP(B810, [1]Course!$A$2:$L$950, 8, FALSE) -> 5 | H810: 3 | I810: 1 | K810: PT | L810: =VLOOKUP(B810, [1]Course!$A$1:$O$933, 14, FALSE) -> AS | M810: 1
A811: 814 | B811: 74 | C811: 3 | D811: AS | E811: =UPPER(LEFT(G811,2)) & RIGHT("0" & C811, 2) & D811 & RIGHT("0" & H811, 2) & K811 -> 503AS03PT | F811: Astronomy | G811: =VLOOKUP(B811, [1]Course!$A$2:$L$950, 8, FALSE) -> 5 | H811: 3 | I811: 1 | K811: PT | L811: =VLOOKUP(B811, [1]Course!$A$1:$O$933, 14, FALSE) -> AS | M811: 1
A812: 815 | B812: 74 | C812: 4 | D812: AS | E812: =UPPER(LEFT(G812,2)) & RIGHT("0" & C812, 2) & D812 & RIGHT("0" & H812, 2) & K812 -> 504AS03PT | F812: Astronomy | G812: =VLOOKUP(B812, [1]Course!$A$2:$L$950, 8, FALSE) -> 5 | H812: 3 | I812: 1 | K812: PT | L812: =VLOOKUP(B812, [1]Course!$A$1:$O$933, 14, FALSE) -> AS | M812: 1
A813: 816 | B813: 74 | C813: 5 | D813: AS | E813: =UPPER(LEFT(G813,2)) & RIGHT("0" & C813, 2) & D813 & RIGHT("0" & H813, 2) & K813 -> 505AS03PT | F813: Astronomy | G813: =VLOOKUP(B813, [1]Course!$A$2:$L$950, 8, FALSE) -> 5 | H813: 3 | I813: 1 | K813: PT | L813: =VLOOKUP(B813, [1]Course!$A$1:$O$933, 14, FALSE) -> AS | M813: 1
A814: 817 | B814: 75 | C814: 97 | D814: BI | E814: =UPPER(LEFT(G814,2)) & RIGHT("0" & C814, 2) & D814 & RIGHT("0" & H814, 2) & K814 -> 1297BI03PT | F814: =VLOOKUP(B814,[1]Course!$A$2:$R$329,2,FALSE) -> Science 9 | G814: =VLOOKUP(B814, [1]Course!$A$2:$L$950, 8, FALSE) -> 12 | H814: 3 | I814: 1 | K814: PT | L814: =VLOOKUP(B814, [1]Course!$A$1:$O$933, 14, FALSE) -> BI | M814: 1
A815: 818 | B815: 75 | C815: 98 | D815: BI | E815: =UPPER(LEFT(G815,2)) & RIGHT("0" & C815, 2) & D815 & RIGHT("0" & H815, 2) & K815 -> 1298BI03PT | F815: =VLOOKUP(B815,[1]Course!$A$2:$R$329,2,FALSE) -> Science 9 | G815: =VLOOKUP(B815, [1]Course!$A$2:$L$950, 8, FALSE) -> 12 | H815: 3 | I815: 1 | K815: PT | L815: =VLOOKUP(B815, [1]Course!$A$1:$O$933, 14, FALSE) -> BI | M815: 1
A816: 819 | B816: 75 | C816: 99 | D816: BI | E816: =UPPER(LEFT(G816,2)) & RIGHT("0" & C816, 2) & D816 & RIGHT("0" & H816, 2) & K816 -> 1299BI03PT | F816: =VLOOKUP(B816,[1]Course!$A$2:$R$329,2,FALSE) -> Science 9 | G816: =VLOOKUP(B816, [1]Course!$A$2:$L$950, 8, FALSE) -> 12 | H816: 3 | I816: 1 | K816: PT | L816: =VLOOKUP(B816, [1]Course!$A$1:$O$933, 14, FALSE) -> BI | M816: 1
A817: 820 | B817: 75 | C817: 100 | D817: BI | E817: =UPPER(LEFT(G817,2)) & RIGHT("0" & C817, 2) & D817 & RIGHT("0" & H817, 2) & K817 -> 1200BI03PT | F817: =VLOOKUP(B817,[1]Course!$A$2:$R$329,2,FALSE) -> Science 9 | G817: =VLOOKUP(B817, [1]Course!$A$2:$L$950, 8, FALSE) -> 12 | H817: 3 | I817: 1 | K817: PT | L817: =VLOOKUP(B817, [1]Course!$A$1:$O$933, 14, FALSE) -> BI | M817: 1
A818: 821 | B818: 75 | C818: 101 | D818: BI | E818: =UPPER(LEFT(G818,2)) & RIGHT("0" & C818, 2) & D818 & RIGHT("0" & H818, 2) & K818 -> 1201BI03PT | F818: =VLOOKUP(B818,[1]Course!$A$2:$R$329,2,FALSE) -> Science 9 | G818: =VLOOKUP(B818, [1]Course!$A$2:$L$950, 8, FALSE) -> 12 | H818: 3 | I818: 1 | K818: PT | L818: =VLOOKUP(B818, [1]Course!$A$1:$O$933, 14, FALSE) -> BI | M818: 1
A819: 822 | B819: 75 | C819: 102 | D819: BI | E819: =UPPER(LEFT(G819,2)) & RIGHT("0" & C819, 2) & D819 & RIGHT("0" & H819, 2) & K819 -> 1202BI03PT | F819: =VLOOKUP(B819,[1]Course!$A$2:$R$329,2,FALSE) -> Science 9 | G819: =VLOOKUP(B819, [1]Course!$A$2:$L$950, 8, FALSE) -> 12 | H819: 3 | I819: 1 | K819: PT | L819: =VLOOKUP(B819, [1]Course!$A$1:$O$933, 14, FALSE) -> BI | M819: 1
A820: 823 | B820: 75 | C820: 103 | D820: BI | E820: =UPPER(LEFT(G820,2)) & RIGHT("0" & C820, 2) & D820 & RIGHT("0" & H820, 2) & K820 -> 1203BI03PT | F820: =VLOOKUP(B820,[1]Course!$A$2:$R$329,2,FALSE) -> Science 9 | G820: =VLOOKUP(B820, [1]Course!$A$2:$L$950, 8, FALSE) -> 12 | H820: 3 | I820: 1 | K820: PT | L820: =VLOOKUP(B820, [1]Course!$A$1:$O$933, 14, FALSE) -> BI | M820: 1
A821: 824 | B821: 75 | C821: 104 | D821: BI | E821: =UPPER(LEFT(G821,2)) & RIGHT("0" & C821, 2) & D821 & RIGHT("0" & H821, 2) & K821 -> 1204BI03PT | F821: =VLOOKUP(B821,[1]Course!$A$2:$R$329,2,FALSE) -> Science 9 | G821: =VLOOKUP(B821, [1]Course!$A$2:$L$950, 8, FALSE) -> 12 | H821: 3 | I821: 1 | K821: PT | L821: =VLOOKUP(B821, [1]Course!$A$1:$O$933, 14, FALSE) -> BI | M821: 1
A822: 825 | B822: 75 | C822: 105 | D822: BI | E822: =UPPER(LEFT(G822,2)) & RIGHT("0" & C822, 2) & D822 & RIGHT("0" & H822, 2) & K822 -> 1205BI03PT | F822: =VLOOKUP(B822,[1]Course!$A$2:$R$329,2,FALSE) -> Science 9 | G822: =VLOOKUP(B822, [1]Course!$A$2:$L$950, 8, FALSE) -> 12 | H822: 3 | I822: 1 | K822: PT | L822: =VLOOKUP(B822, [1]Course!$A$1:$O$933, 14, FALSE) -> BI | M822: 1
A823: 826 | B823: 75 | C823: 106 | D823: BI | E823: =UPPER(LEFT(G823,2)) & RIGHT("0" & C823, 2) & D823 & RIGHT("0" & H823, 2) & K823 -> 1206BI03PT | F823: =VLOOKUP(B823,[1]Course!$A$2:$R$329,2,FALSE) -> Science 9 | G823: =VLOOKUP(B823, [1]Course!$A$2:$L$950, 8, FALSE) -> 12 | H823: 3 | I823: 1 | K823: PT | L823: =VLOOKUP(B823, [1]Course!$A$1:$O$933, 14, FALSE) -> BI | M823: 1
A824: 827 | B824: 75 | C824: 107 | D824: BI | E824: =UPPER(LEFT(G824,2)) & RIGHT("0" & C824, 2) & D824 & RIGHT("0" & H824, 2) & K824 -> 1207BI03PT | F824: =VLOOKUP(B824,[1]Course!$A$2:$R$329,2,FALSE) -> Science 9 | G824: =VLOOKUP(B824, [1]Course!$A$2:$L$950, 8, FALSE) -> 12 | H824: 3 | I824: 1 | K824: PT | L824: =VLOOKUP(B824, [1]Course!$A$1:$O$933, 14, FALSE) -> BI | M824: 1
A825: 828 | B825: 75 | C825: 108 | D825: BI | E825: =UPPER(LEFT(G825,2)) & RIGHT("0" & C825, 2) & D825 & RIGHT("0" & H825, 2) & K825 -> 1208BI03PT | F825: =VLOOKUP(B825,[1]Course!$A$2:$R$329,2,FALSE) -> Science 9 | G825: =VLOOKUP(B825, [1]Course!$A$2:$L$950, 8, FALSE) -> 12 | H825: 3 | I825: 1 | K825: PT | L825: =VLOOKUP(B825, [1]Course!$A$1:$O$933, 14, FALSE) -> BI | M825: 1
... A865: 868 | B865: 80 | C865: 108 | D865: WG | E865: =UPPER(LEFT(G865,2)) & RIGHT("0" & C865, 2) & D865 & RIGHT("0" & H865, 2) & K865 -> 1208WG03PT | F865: =VLOOKUP(B865,[1]Course!$A$2:$R$329,2,FALSE) -> 0 | G865: =VLOOKUP(B865, [1]Course!$A$2:$L$950, 8, FALSE) -> 12 | H865: 3 | I865: 1 | K865: PT | L865: =VLOOKUP(B865, [1]Course!$A$1:$O$933, 14, FALSE) -> WG | M865: 1
A866: 869 | B866: 81 | C866: 1 | D866: APv2 | E866: =UPPER(LEFT(G866,2)) & RIGHT("0" & C866, 2) & D866 & RIGHT("0" & H866, 2) & K866 -> 201APv203PT | F866: =VLOOKUP(B866,[1]Course!$A$2:$R$329,2,FALSE) -> 0 | G866: =VLOOKUP(B866, [1]Course!$A$2:$L$950, 8, FALSE) -> 2 | H866: 3 | I866: 1 | J866: 2022 | K866: PT | L866: =VLOOKUP(B866, [1]Course!$A$1:$O$933, 14, FALSE) -> AP | M866: 3 | N866: heeft toets (1 star) en essay (2 stars). Deze regel staat voor de toets
A867: 870 | B867: 81 | C867: 2 | D867: APv2 | E867: =UPPER(LEFT(G867,2)) & RIGHT("0" & C867, 2) & D867 & RIGHT("0" & H867, 2) & K867 -> 202APv203PT | F867: =VLOOKUP(B867,[1]Course!$A$2:$R$329,2,FALSE) -> 0 | G867: =VLOOKUP(B867, [1]Course!$A$2:$L$950, 8, FALSE) -> 2 | H867: 3 | I867: 1 | J867: 2022 | K867: PT | L867: =VLOOKUP(B867, [1]Course!$A$1:$O$933, 14, FALSE) -> AP | M867: 3 | N867: Deze heeft ook drie sterren, voor één PACE?
A868: 871 | B868: 151 | C868: 97 | D868: AP | E868: =UPPER(LEFT(G868,2)) & RIGHT("0" & C868, 2) & D868 & RIGHT("0" & H868, 2) & K868 -> 797AP00PT | F868: Apologetics I-A | G868: 7 | H868: 0 | I868: 1 | J868: 2019 | K868: PT | L868: =VLOOKUP(B868, [1]Course!$A$1:$O$933, 14, FALSE) -> AP | M868: 1 | N868: heeft toets (1 star) en essay (2 stars). Deze regel staat voor de toets
A869: 872 | B869: 151 | C869: 102 | D869: AP | E869: =UPPER(LEFT(G869,2)) & RIGHT("0" & C869, 2) & D869 & RIGHT("0" & H869, 2) & K869 -> 702AP00PT | F869: Apologetics I-A | G869: 7 | H869: 0 | I869: 1 | J869: 2019 | K869: PT | L869: =VLOOKUP(B869, [1]Course!$A$1:$O$933, 14, FALSE) -> AP | M869: 3
A870: 873 | B870: 152 | C870: 98 | D870: AP | E870: =UPPER(LEFT(G870,2)) & RIGHT("0" & C870, 2) & D870 & RIGHT("0" & H870, 2) & K870 -> 798AP00PT | F870: Apologetics I-B | G870: 7 | H870: 0 | I870: 1 | J870: 2019 | K870: PT | L870: =VLOOKUP(B870, [1]Course!$A$1:$O$933, 14, FALSE) -> AP | M870: 1 | N870: 6 sterren verdeeld over vier PACEs, vandaar om en om 1 en 2 sterren.
A871: 874 | B871: 152 | C871: 99 | D871: AP | E871: =UPPER(LEFT(G871,2)) & RIGHT("0" & C871, 2) & D871 & RIGHT("0" & H871, 2) & K871 -> 799AP00PT | F871: Apologetics I-B | G871: 7 | H871: 0 | I871: 1 | J871: 2019 | K871: PT | L871: =VLOOKUP(B871, [1]Course!$A$1:$O$933, 14, FALSE) -> AP | M871: 2
A872: 875 | B872: 152 | C872: 100 | D872: AP | E872: =UPPER(LEFT(G872,2)) & RIGHT("0" & C872, 2) & D872 & RIGHT("0" & H872, 2) & K872 -> 700AP00PT | F872: Apologetics I-B | G872: 7 | H872: 0 | I872: 1 | J872: 2019 | K872: PT | L872: =VLOOKUP(B872, [1]Course!$A$1:$O$933, 14, FALSE) -> AP | M872: 1
A873: 876 | B873: 152 | C873: 101 | D873: AP | E873: =UPPER(LEFT(G873,2)) & RIGHT("0" & C873, 2) & D873 & RIGHT("0" & H873, 2) & K873 -> 701AP00PT | F873: Apologetics I-B | G873: 7 | H873: 0 | I873: 1 | J873: 2019 | K873: PT | L873: =VLOOKUP(B873, [1]Course!$A$1:$O$933, 14, FALSE) -> AP | M873: 2
A874: 877 | B874: 82 | C874: 1 | D874: MI | E874: =UPPER(LEFT(G874,2)) & RIGHT("0" & C874, 2) & D874 & RIGHT("0" & H874, 2) & K874 -> 601MI03PT | F874: =VLOOKUP(B874,[1]Course!$A$2:$R$329,2,FALSE) -> 0 | G874: =VLOOKUP(B874, [1]Course!$A$2:$L$950, 8, FALSE) -> 6 | H874: 3 | I874: 1 | K874: PT | L874: =VLOOKUP(B874, [1]Course!$A$1:$O$933, 14, FALSE) -> MI | M874: 1
A875: 878 | B875: 82 | C875: 2 | D875: MI | E875: =UPPER(LEFT(G875,2)) & RIGHT("0" & C875, 2) & D875 & RIGHT("0" & H875, 2) & K875 -> 602MI03PT | F875: =VLOOKUP(B875,[1]Course!$A$2:$R$329,2,FALSE) -> 0 | G875: =VLOOKUP(B875, [1]Course!$A$2:$L$950, 8, FALSE) -> 6 | H875: 3 | I875: 1 | K875: PT | L875: =VLOOKUP(B875, [1]Course!$A$1:$O$933, 14, FALSE) -> MI | M875: 1
A876: 879 | B876: 82 | C876: 3 | D876: MI | E876: =UPPER(LEFT(G876,2)) & RIGHT("0" & C876, 2) & D876 & RIGHT("0" & H876, 2) & K876 -> 603MI03PT | F876: =VLOOKUP(B876,[1]Course!$A$2:$R$329,2,FALSE) -> 0 | G876: =VLOOKUP(B876, [1]Course!$A$2:$L$950, 8, FALSE) -> 6 | H876: 3 | I876: 1 | K876: PT | L876: =VLOOKUP(B876, [1]Course!$A$1:$O$933, 14, FALSE) -> MI | M876: 1
A877: 880 | B877: 82 | C877: 4 | D877: MI | E877: =UPPER(LEFT(G877,2)) & RIGHT("0" & C877, 2) & D877 & RIGHT("0" & H877, 2) & K877 -> 604MI03PT | F877: =VLOOKUP(B877,[1]Course!$A$2:$R$329,2,FALSE) -> 0 | G877: =VLOOKUP(B877, [1]Course!$A$2:$L$950, 8, FALSE) -> 6 | H877: 3 | I877: 1 | K877: PT | L877: =VLOOKUP(B877, [1]Course!$A$1:$O$933, 14, FALSE) -> MI | M877: 1
A878: 881 | B878: 82 | C878: 5 | D878: MI | E878: =UPPER(LEFT(G878,2)) & RIGHT("0" & C878, 2) & D878 & RIGHT("0" & H878, 2) & K878 -> 605MI03PT | F878: =VLOOKUP(B878,[1]Course!$A$2:$R$329,2,FALSE) -> 0 | G878: =VLOOKUP(B878, [1]Course!$A$2:$L$950, 8, FALSE) -> 6 | H878: 3 | I878: 1 | K878: PT | L878: =VLOOKUP(B878, [1]Course!$A$1:$O$933, 14, FALSE) -> MI | M878: 1
A879: 882 | B879: 82 | C879: 6 | D879: MI | E879: =UPPER(LEFT(G879,2)) & RIGHT("0" & C879, 2) & D879 & RIGHT("0" & H879, 2) & K879 -> 606MI03PT | F879: =VLOOKUP(B879,[1]Course!$A$2:$R$329,2,FALSE) -> 0 | G879: =VLOOKUP(B879, [1]Course!$A$2:$L$950, 8, FALSE) -> 6 | H879: 3 | I879: 1 | K879: PT | L879: =VLOOKUP(B879, [1]Course!$A$1:$O$933, 14, FALSE) -> MI | M879: 1
A880: 883 | B880: 83 | C880: 1 | D880: SL | E880: =UPPER(LEFT(G880,2)) & RIGHT("0" & C880, 2) & D880 & RIGHT("0" & H880, 2) & K880 -> 1201SL03PT | F880: =VLOOKUP(B880,[1]Course!$A$2:$R$329,2,FALSE) -> Successful Living | G880: =VLOOKUP(B880, [1]Course!$A$2:$L$950, 8, FALSE) -> 12 | H880: 3 | I880: 1 | K880: PT | L880: =VLOOKUP(B880, [1]Course!$A$1:$O$933, 14, FALSE) -> SL | M880: 1
A881: 884 | B881: 83 | C881: 2 | D881: SL | E881: =UPPER(LEFT(G881,2)) & RIGHT("0" & C881, 2) & D881 & RIGHT("0" & H881, 2) & K881 -> 1202SL03PT | F881: =VLOOKUP(B881,[1]Course!$A$2:$R$329,2,FALSE) -> Successful Living | G881: =VLOOKUP(B881, [1]Course!$A$2:$L$950, 8, FALSE) -> 12 | H881: 3 | I881: 1 | K881: PT | L881: =VLOOKUP(B881, [1]Course!$A$1:$O$933, 14, FALSE) -> SL | M881: 1
A882: 885 | B882: 83 | C882: 3 | D882: SL | E882: =UPPER(LEFT(G882,2)) & RIGHT("0" & C882, 2) & D882 & RIGHT("0" & H882, 2) & K882 -> 1203SL03PT | F882: =VLOOKUP(B882,[1]Course!$A$2:$R$329,2,FALSE) -> Successful Living | G882: =VLOOKUP(B882, [1]Course!$A$2:$L$950, 8, FALSE) -> 12 | H882: 3 | I882: 1 | K882: PT | L882: =VLOOKUP(B882, [1]Course!$A$1:$O$933, 14, FALSE) -> SL | M882: 1
A883: 886 | B883: 83 | C883: 4 | D883: SL | E883: =UPPER(LEFT(G883,2)) & RIGHT("0" & C883, 2) & D883 & RIGHT("0" & H883, 2) & K883 -> 1204SL03PT | F883: =VLOOKUP(B883,[1]Course!$A$2:$R$329,2,FALSE) -> Successful Living | G883: =VLOOKUP(B883, [1]Course!$A$2:$L$950, 8, FALSE) -> 12 | H883: 3 | I883: 1 | K883: PT | L883: =VLOOKUP(B883, [1]Course!$A$1:$O$933, 14, FALSE) -> SL | M883: 1
A884: 887 | B884: 83 | C884: 5 | D884: SL | E884: =UPPER(LEFT(G884,2)) & RIGHT("0" & C884, 2) & D884 & RIGHT("0" & H884, 2) & K884 -> 1205SL03PT | F884: =VLOOKUP(B884,[1]Course!$A$2:$R$329,2,FALSE) -> Successful Living | G884: =VLOOKUP(B884, [1]Course!$A$2:$L$950, 8, FALSE) -> 12 | H884: 3 | I884: 1 | K884: PT | L884: =VLOOKUP(B884, [1]Course!$A$1:$O$933, 14, FALSE) -> SL | M884: 1
A885: 888 | B885: 83 | C885: 6 | D885: SL | E885: =UPPER(LEFT(G885,2)) & RIGHT("0" & C885, 2) & D885 & RIGHT("0" & H885, 2) & K885 -> 1206SL03PT | F885: =VLOOKUP(B885,[1]Course!$A$2:$R$329,2,FALSE) -> Successful Living | G885: =VLOOKUP(B885, [1]Course!$A$2:$L$950, 8, FALSE) -> 12 | H885: 3 | I885: 1 | K885: PT | L885: =VLOOKUP(B885, [1]Course!$A$1:$O$933, 14, FALSE) -> SL | M885: 1
... A948: 951 | B948: 91 | C948: 10 | D948: HC | E948: =UPPER(LEFT(G948,2)) & RIGHT("0" & C948, 2) & D948 & RIGHT("0" & H948, 2) & K948 -> 1010HC03PT | F948: =VLOOKUP(B948,[1]Course!$A$2:$R$329,2,FALSE) -> History of Civilisation I | G948: =VLOOKUP(B948, [1]Course!$A$2:$L$950, 8, FALSE) -> 10 | H948: 3 | I948: 1 | K948: PT | L948: =VLOOKUP(B948, [1]Course!$A$1:$O$933, 14, FALSE) -> HC | M948: 2
A949: 952 | B949: 92 | C949: 7 | D949: APv2 | E949: =UPPER(LEFT(G949,2)) & RIGHT("0" & C949, 2) & D949 & RIGHT("0" & H949, 2) & K949 -> 407APv203PT | F949: =VLOOKUP(B949,[1]Course!$A$2:$R$329,2,FALSE) -> 0 | G949: =VLOOKUP(B949, [1]Course!$A$2:$L$950, 8, FALSE) -> 4 | H949: 3 | I949: 1 | J949: 2022 | K949: PT | L949: =VLOOKUP(B949, [1]Course!$A$1:$O$933, 14, FALSE) -> AP | M949: 1
A950: 953 | B950: 92 | C950: 8 | D950: APv2 | E950: =UPPER(LEFT(G950,2)) & RIGHT("0" & C950, 2) & D950 & RIGHT("0" & H950, 2) & K950 -> 408APv203PT | F950: =VLOOKUP(B950,[1]Course!$A$2:$R$329,2,FALSE) -> 0 | G950: =VLOOKUP(B950, [1]Course!$A$2:$L$950, 8, FALSE) -> 4 | H950: 3 | I950: 1 | J950: 2022 | K950: PT | L950: =VLOOKUP(B950, [1]Course!$A$1:$O$933, 14, FALSE) -> AP | M950: 2
A951: 954 | B951: 93 | C951: 1 | D951: CC | E951: =UPPER(LEFT(G951,2)) & RIGHT("0" & C951, 2) & D951 & RIGHT("0" & H951, 2) & K951 -> 501CC03PT | F951: =VLOOKUP(B951,[1]Course!$A$2:$R$329,2,FALSE) -> 0 | G951: =VLOOKUP(B951, [1]Course!$A$2:$L$950, 8, FALSE) -> 5 | H951: 3 | I951: 1 | K951: PT | L951: =VLOOKUP(B951, [1]Course!$A$1:$O$933, 14, FALSE) -> CC | M951: 1
A952: 955 | B952: 93 | C952: 2 | D952: CC | E952: =UPPER(LEFT(G952,2)) & RIGHT("0" & C952, 2) & D952 & RIGHT("0" & H952, 2) & K952 -> 502CC03PT | F952: =VLOOKUP(B952,[1]Course!$A$2:$R$329,2,FALSE) -> 0 | G952: =VLOOKUP(B952, [1]Course!$A$2:$L$950, 8, FALSE) -> 5 | H952: 3 | I952: 1 | K952: PT | L952: =VLOOKUP(B952, [1]Course!$A$1:$O$933, 14, FALSE) -> CC | M952: 1
A953: 956 | B953: 93 | C953: 3 | D953: CC | E953: =UPPER(LEFT(G953,2)) & RIGHT("0" & C953, 2) & D953 & RIGHT("0" & H953, 2) & K953 -> 503CC03PT | F953: =VLOOKUP(B953,[1]Course!$A$2:$R$329,2,FALSE) -> 0 | G953: =VLOOKUP(B953, [1]Course!$A$2:$L$950, 8, FALSE) -> 5 | H953: 3 | I953: 1 | K953: PT | L953: =VLOOKUP(B953, [1]Course!$A$1:$O$933, 14, FALSE) -> CC | M953: 1
A954: 957 | B954: 93 | C954: 4 | D954: CC | E954: =UPPER(LEFT(G954,2)) & RIGHT("0" & C954, 2) & D954 & RIGHT("0" & H954, 2) & K954 -> 504CC03PT | F954: =VLOOKUP(B954,[1]Course!$A$2:$R$329,2,FALSE) -> 0 | G954: =VLOOKUP(B954, [1]Course!$A$2:$L$950, 8, FALSE) -> 5 | H954: 3 | I954: 1 | K954: PT | L954: =VLOOKUP(B954, [1]Course!$A$1:$O$933, 14, FALSE) -> CC | M954: 1
A955: 958 | B955: 93 | C955: 5 | D955: CC | E955: =UPPER(LEFT(G955,2)) & RIGHT("0" & C955, 2) & D955 & RIGHT("0" & H955, 2) & K955 -> 505CC03PT | F955: =VLOOKUP(B955,[1]Course!$A$2:$R$329,2,FALSE) -> 0 | G955: =VLOOKUP(B955, [1]Course!$A$2:$L$950, 8, FALSE) -> 5 | H955: 3 | I955: 1 | K955: PT | L955: =VLOOKUP(B955, [1]Course!$A$1:$O$933, 14, FALSE) -> CC | M955: 2 | N955: TODO
A956: 965 | B956: 95 | C956: 109 | D956: OT | E956: =UPPER(LEFT(G956,2)) & RIGHT("0" & C956, 2) & D956 & RIGHT("0" & H956, 2) & K956 -> 1209OT03PT | F956: =VLOOKUP(B956,[1]Course!$A$2:$R$329,2,FALSE) -> Biblical Studies II | G956: =VLOOKUP(B956, [1]Course!$A$2:$L$950, 8, FALSE) -> 12 | H956: 3 | I956: 1 | K956: PT | L956: =VLOOKUP(B956, [1]Course!$A$1:$O$933, 14, FALSE) -> OT | M956: 1
A957: 966 | B957: 95 | C957: 110 | D957: OT | E957: =UPPER(LEFT(G957,2)) & RIGHT("0" & C957, 2) & D957 & RIGHT("0" & H957, 2) & K957 -> 1210OT03PT | F957: =VLOOKUP(B957,[1]Course!$A$2:$R$329,2,FALSE) -> Biblical Studies II | G957: =VLOOKUP(B957, [1]Course!$A$2:$L$950, 8, FALSE) -> 12 | H957: 3 | I957: 1 | K957: PT | L957: =VLOOKUP(B957, [1]Course!$A$1:$O$933, 14, FALSE) -> OT | M957: 1
A958: 967 | B958: 95 | C958: 111 | D958: OT | E958: =UPPER(LEFT(G958,2)) & RIGHT("0" & C958, 2) & D958 & RIGHT("0" & H958, 2) & K958 -> 1211OT03PT | F958: =VLOOKUP(B958,[1]Course!$A$2:$R$329,2,FALSE) -> Biblical Studies II | G958: =VLOOKUP(B958, [1]Course!$A$2:$L$950, 8, FALSE) -> 12 | H958: 3 | I958: 1 | K958: PT | L958: =VLOOKUP(B958, [1]Course!$A$1:$O$933, 14, FALSE) -> OT | M958: 1
A959: 968 | B959: 95 | C959: 112 | D959: OT | E959: =UPPER(LEFT(G959,2)) & RIGHT("0" & C959, 2) & D959 & RIGHT("0" & H959, 2) & K959 -> 1212OT03PT | F959: =VLOOKUP(B959,[1]Course!$A$2:$R$329,2,FALSE) -> Biblical Studies II | G959: =VLOOKUP(B959, [1]Course!$A$2:$L$950, 8, FALSE) -> 12 | H959: 3 | I959: 1 | K959: PT | L959: =VLOOKUP(B959, [1]Course!$A$1:$O$933, 14, FALSE) -> OT | M959: 1
A960: 969 | B960: 95 | C960: 113 | D960: OT | E960: =UPPER(LEFT(G960,2)) & RIGHT("0" & C960, 2) & D960 & RIGHT("0" & H960, 2) & K960 -> 1213OT03PT | F960: =VLOOKUP(B960,[1]Course!$A$2:$R$329,2,FALSE) -> Biblical Studies II | G960: =VLOOKUP(B960, [1]Course!$A$2:$L$950, 8, FALSE) -> 12 | H960: 3 | I960: 1 | K960: PT | L960: =VLOOKUP(B960, [1]Course!$A$1:$O$933, 14, FALSE) -> OT | M960: 1
A961: 970 | B961: 95 | C961: 114 | D961: OT | E961: =UPPER(LEFT(G961,2)) & RIGHT("0" & C961, 2) & D961 & RIGHT("0" & H961, 2) & K961 -> 1214OT03PT | F961: =VLOOKUP(B961,[1]Course!$A$2:$R$329,2,FALSE) -> Biblical Studies II | G961: =VLOOKUP(B961, [1]Course!$A$2:$L$950, 8, FALSE) -> 12 | H961: 3 | I961: 1 | K961: PT | L961: =VLOOKUP(B961, [1]Course!$A$1:$O$933, 14, FALSE) -> OT | M961: 1
A962: 971 | B962: 95 | C962: 115 | D962: OT | E962: =UPPER(LEFT(G962,2)) & RIGHT("0" & C962, 2) & D962 & RIGHT("0" & H962, 2) & K962 -> 1215OT03PT | F962: =VLOOKUP(B962,[1]Course!$A$2:$R$329,2,FALSE) -> Biblical Studies II | G962: =VLOOKUP(B962, [1]Course!$A$2:$L$950, 8, FALSE) -> 12 | H962: 3 | I962: 1 | K962: PT | L962: =VLOOKUP(B962, [1]Course!$A$1:$O$933, 14, FALSE) -> OT | M962: 1
A963: 972 | B963: 95 | C963: 116 | D963: OT | E963: =UPPER(LEFT(G963,2)) & RIGHT("0" & C963, 2) & D963 & RIGHT("0" & H963, 2) & K963 -> 1216OT03PT | F963: =VLOOKUP(B963,[1]Course!$A$2:$R$329,2,FALSE) -> Biblical Studies II | G963: =VLOOKUP(B963, [1]Course!$A$2:$L$950, 8, FALSE) -> 12 | H963: 3 | I963: 1 | K963: PT | L963: =VLOOKUP(B963, [1]Course!$A$1:$O$933, 14, FALSE) -> OT | M963: 1
A964: 973 | B964: 95 | C964: 117 | D964: OT | E964: =UPPER(LEFT(G964,2)) & RIGHT("0" & C964, 2) & D964 & RIGHT("0" & H964, 2) & K964 -> 1217OT03PT | F964: =VLOOKUP(B964,[1]Course!$A$2:$R$329,2,FALSE) -> Biblical Studies II | G964: =VLOOKUP(B964, [1]Course!$A$2:$L$950, 8, FALSE) -> 12 | H964: 3 | I964: 1 | K964: PT | L964: =VLOOKUP(B964, [1]Course!$A$1:$O$933, 14, FALSE) -> OT | M964: 1
A965: 974 | B965: 95 | C965: 118 | D965: OT | E965: =UPPER(LEFT(G965,2)) & RIGHT("0" & C965, 2) & D965 & RIGHT("0" & H965, 2) & K965 -> 1218OT03PT | F965: =VLOOKUP(B965,[1]Course!$A$2:$R$329,2,FALSE) -> Biblical Studies II | G965: =VLOOKUP(B965, [1]Course!$A$2:$L$950, 8, FALSE) -> 12 | H965: 3 | I965: 1 | K965: PT | L965: =VLOOKUP(B965, [1]Course!$A$1:$O$933, 14, FALSE) -> OT | M965: 1
A966: 975 | B966: 95 | C966: 119 | D966: OT | E966: =UPPER(LEFT(G966,2)) & RIGHT("0" & C966, 2) & D966 & RIGHT("0" & H966, 2) & K966 -> 1219OT03PT | F966: =VLOOKUP(B966,[1]Course!$A$2:$R$329,2,FALSE) -> Biblical Studies II | G966: =VLOOKUP(B966, [1]Course!$A$2:$L$950, 8, FALSE) -> 12 | H966: 3 | I966: 1 | K966: PT | L966: =VLOOKUP(B966, [1]Course!$A$1:$O$933, 14, FALSE) -> OT | M966: 1
A967: 976 | B967: 95 | C967: 120 | D967: OT | E967: =UPPER(LEFT(G967,2)) & RIGHT("0" & C967, 2) & D967 & RIGHT("0" & H967, 2) & K967 -> 1220OT03PT | F967: =VLOOKUP(B967,[1]Course!$A$2:$R$329,2,FALSE) -> Biblical Studies II | G967: =VLOOKUP(B967, [1]Course!$A$2:$L$950, 8, FALSE) -> 12 | H967: 3 | I967: 1 | K967: PT | L967: =VLOOKUP(B967, [1]Course!$A$1:$O$933, 14, FALSE) -> OT | M967: 1
... A1195: 1204 | B1195: 123 | C1195: 9 | D1195: CC | E1195: =UPPER(LEFT(G1195,2)) & RIGHT("0" & C1195, 2) & D1195 & RIGHT("0" & H1195, 2) & K1195 -> 509CC03PT | F1195: =VLOOKUP(B1195,[1]Course!$A$2:$R$329,2,FALSE) -> 0 | G1195: =VLOOKUP(B1195, [1]Course!$A$2:$L$950, 8, FALSE) -> 5 | H1195: 3 | I1195: 1 | K1195: PT | L1195: =VLOOKUP(B1195, [1]Course!$A$1:$O$933, 14, FALSE) -> CC | M1195: 1
A1196: 1205 | B1196: 123 | C1196: 10 | D1196: CC | E1196: =UPPER(LEFT(G1196,2)) & RIGHT("0" & C1196, 2) & D1196 & RIGHT("0" & H1196, 2) & K1196 -> 510CC03PT | F1196: =VLOOKUP(B1196,[1]Course!$A$2:$R$329,2,FALSE) -> 0 | G1196: =VLOOKUP(B1196, [1]Course!$A$2:$L$950, 8, FALSE) -> 5 | H1196: 3 | I1196: 1 | K1196: PT | L1196: =VLOOKUP(B1196, [1]Course!$A$1:$O$933, 14, FALSE) -> CC | M1196: 2 | N1196: TODO
A1197: 1206 | B1197: 124 | C1197: 133 | D1197: CG | E1197: =UPPER(LEFT(G1197,2)) & RIGHT("0" & C1197, 2) & D1197 & RIGHT("0" & H1197, 2) & K1197 -> 633CG03PT | F1197: =VLOOKUP(B1197,[1]Course!$A$2:$R$329,2,FALSE) -> Basic Christian Growth | G1197: =VLOOKUP(B1197, [1]Course!$A$2:$L$950, 8, FALSE) -> 6 | H1197: 3 | I1197: 1 | K1197: PT | L1197: =VLOOKUP(B1197, [1]Course!$A$1:$O$933, 14, FALSE) -> CG | M1197: 1
A1198: 1207 | B1198: 124 | C1198: 134 | D1198: CG | E1198: =UPPER(LEFT(G1198,2)) & RIGHT("0" & C1198, 2) & D1198 & RIGHT("0" & H1198, 2) & K1198 -> 634CG03PT | F1198: =VLOOKUP(B1198,[1]Course!$A$2:$R$329,2,FALSE) -> Basic Christian Growth | G1198: =VLOOKUP(B1198, [1]Course!$A$2:$L$950, 8, FALSE) -> 6 | H1198: 3 | I1198: 1 | K1198: PT | L1198: =VLOOKUP(B1198, [1]Course!$A$1:$O$933, 14, FALSE) -> CG | M1198: 1
A1199: 1208 | B1199: 124 | C1199: 135 | D1199: CG | E1199: =UPPER(LEFT(G1199,2)) & RIGHT("0" & C1199, 2) & D1199 & RIGHT("0" & H1199, 2) & K1199 -> 635CG03PT | F1199: =VLOOKUP(B1199,[1]Course!$A$2:$R$329,2,FALSE) -> Basic Christian Growth | G1199: =VLOOKUP(B1199, [1]Course!$A$2:$L$950, 8, FALSE) -> 6 | H1199: 3 | I1199: 1 | K1199: PT | L1199: =VLOOKUP(B1199, [1]Course!$A$1:$O$933, 14, FALSE) -> CG | M1199: 1
A1200: 1209 | B1200: 124 | C1200: 136 | D1200: CG | E1200: =UPPER(LEFT(G1200,2)) & RIGHT("0" & C1200, 2) & D1200 & RIGHT("0" & H1200, 2) & K1200 -> 636CG03PT | F1200: =VLOOKUP(B1200,[1]Course!$A$2:$R$329,2,FALSE) -> Basic Christian Growth | G1200: =VLOOKUP(B1200, [1]Course!$A$2:$L$950, 8, FALSE) -> 6 | H1200: 3 | I1200: 1 | K1200: PT | L1200: =VLOOKUP(B1200, [1]Course!$A$1:$O$933, 14, FALSE) -> CG | M1200: 1
A1201: 1210 | B1201: 124 | C1201: 137 | D1201: CG | E1201: =UPPER(LEFT(G1201,2)) & RIGHT("0" & C1201, 2) & D1201 & RIGHT("0" & H1201, 2) & K1201 -> 637CG03PT | F1201: =VLOOKUP(B1201,[1]Course!$A$2:$R$329,2,FALSE) -> Basic Christian Growth | G1201: =VLOOKUP(B1201, [1]Course!$A$2:$L$950, 8, FALSE) -> 6 | H1201: 3 | I1201: 1 | K1201: PT | L1201: =VLOOKUP(B1201, [1]Course!$A$1:$O$933, 14, FALSE) -> CG | M1201: 1
A1202: 1211 | B1202: 124 | C1202: 138 | D1202: CG | E1202: =UPPER(LEFT(G1202,2)) & RIGHT("0" & C1202, 2) & D1202 & RIGHT("0" & H1202, 2) & K1202 -> 638CG03PT | F1202: =VLOOKUP(B1202,[1]Course!$A$2:$R$329,2,FALSE) -> Basic Christian Growth | G1202: =VLOOKUP(B1202, [1]Course!$A$2:$L$950, 8, FALSE) -> 6 | H1202: 3 | I1202: 1 | K1202: PT | L1202: =VLOOKUP(B1202, [1]Course!$A$1:$O$933, 14, FALSE) -> CG | M1202: 1
A1203: 1212 | B1203: 162 | C1203: 1 | D1203: BC | E1203: =UPPER(LEFT(G1203,2)) & RIGHT("0" & C1203, 2) & D1203 & RIGHT("0" & H1203, 2) & K1203 -> 1001BC03PT | F1203: =VLOOKUP(B1203,[1]Course!$A$2:$R$329,2,FALSE) -> Basic Biographies of Christians | G1203: =VLOOKUP(B1203, [1]Course!$A$2:$L$950, 8, FALSE) -> 10 | H1203: 3 | I1203: 1 | K1203: PT | L1203: =VLOOKUP(B1203, [1]Course!$A$1:$O$933, 14, FALSE) -> BC | M1203: 1
A1204: 1213 | B1204: 162 | C1204: 2 | D1204: BC | E1204: =UPPER(LEFT(G1204,2)) & RIGHT("0" & C1204, 2) & D1204 & RIGHT("0" & H1204, 2) & K1204 -> 1002BC03PT | F1204: =VLOOKUP(B1204,[1]Course!$A$2:$R$329,2,FALSE) -> Basic Biographies of Christians | G1204: =VLOOKUP(B1204, [1]Course!$A$2:$L$950, 8, FALSE) -> 10 | H1204: 3 | I1204: 1 | K1204: PT | L1204: =VLOOKUP(B1204, [1]Course!$A$1:$O$933, 14, FALSE) -> BC | M1204: 1
A1205: 1214 | B1205: 162 | C1205: 3 | D1205: BC | E1205: =UPPER(LEFT(G1205,2)) & RIGHT("0" & C1205, 2) & D1205 & RIGHT("0" & H1205, 2) & K1205 -> 1003BC03PT | F1205: =VLOOKUP(B1205,[1]Course!$A$2:$R$329,2,FALSE) -> Basic Biographies of Christians | G1205: =VLOOKUP(B1205, [1]Course!$A$2:$L$950, 8, FALSE) -> 10 | H1205: 3 | I1205: 1 | K1205: PT | L1205: =VLOOKUP(B1205, [1]Course!$A$1:$O$933, 14, FALSE) -> BC | M1205: 1
A1206: 1215 | B1206: 162 | C1206: 4 | D1206: BC | E1206: =UPPER(LEFT(G1206,2)) & RIGHT("0" & C1206, 2) & D1206 & RIGHT("0" & H1206, 2) & K1206 -> 1004BC03PT | F1206: =VLOOKUP(B1206,[1]Course!$A$2:$R$329,2,FALSE) -> Basic Biographies of Christians | G1206: =VLOOKUP(B1206, [1]Course!$A$2:$L$950, 8, FALSE) -> 10 | H1206: 3 | I1206: 1 | K1206: PT | L1206: =VLOOKUP(B1206, [1]Course!$A$1:$O$933, 14, FALSE) -> BC | M1206: 1
A1207: 1216 | B1207: 162 | C1207: 5 | D1207: BC | E1207: =UPPER(LEFT(G1207,2)) & RIGHT("0" & C1207, 2) & D1207 & RIGHT("0" & H1207, 2) & K1207 -> 1005BC03PT | F1207: =VLOOKUP(B1207,[1]Course!$A$2:$R$329,2,FALSE) -> Basic Biographies of Christians | G1207: =VLOOKUP(B1207, [1]Course!$A$2:$L$950, 8, FALSE) -> 10 | H1207: 3 | I1207: 1 | K1207: PT | L1207: =VLOOKUP(B1207, [1]Course!$A$1:$O$933, 14, FALSE) -> BC | M1207: 1
A1208: 1217 | B1208: 162 | C1208: 6 | D1208: BC | E1208: =UPPER(LEFT(G1208,2)) & RIGHT("0" & C1208, 2) & D1208 & RIGHT("0" & H1208, 2) & K1208 -> 1006BC03PT | F1208: =VLOOKUP(B1208,[1]Course!$A$2:$R$329,2,FALSE) -> Basic Biographies of Christians | G1208: =VLOOKUP(B1208, [1]Course!$A$2:$L$950, 8, FALSE) -> 10 | H1208: 3 | I1208: 1 | K1208: PT | L1208: =VLOOKUP(B1208, [1]Course!$A$1:$O$933, 14, FALSE) -> BC | M1208: 1
... A1250: 1261 | B1250: 131 | C1250: 144 | D1250: LC | E1250: =UPPER(LEFT(G1250,2)) & RIGHT("0" & C1250, 2) & D1250 & RIGHT("0" & H1250, 2) & K1250 -> 1244LC03PT | F1250: =VLOOKUP(B1250,[1]Course!$A$2:$R$329,2,FALSE) -> 0 | G1250: =VLOOKUP(B1250, [1]Course!$A$2:$L$950, 8, FALSE) -> 12 | H1250: 3 | I1250: 1 | K1250: PT | L1250: =VLOOKUP(B1250, [1]Course!$A$1:$O$933, 14, FALSE) -> LC | M1250: 1
A1251: 1262 | B1251: 129 | C1251: 1 | D1251: IB | E1251: =UPPER(LEFT(G1251,2)) & RIGHT("0" & C1251, 2) & D1251 & RIGHT("0" & H1251, 2) & K1251 -> 601IB03PT | F1251: =VLOOKUP(B1251,[1]Course!$A$2:$R$329,2,FALSE) -> 0 | G1251: =VLOOKUP(B1251, [1]Course!$A$2:$L$950, 8, FALSE) -> 6 | H1251: 3 | I1251: 1 | K1251: PT | L1251: =VLOOKUP(B1251, [1]Course!$A$1:$O$933, 14, FALSE) -> IB | M1251: 1 | N1251: PACE + Activity Pac
A1252: 1263 | B1252: 129 | C1252: 2 | D1252: IB | E1252: =UPPER(LEFT(G1252,2)) & RIGHT("0" & C1252, 2) & D1252 & RIGHT("0" & H1252, 2) & K1252 -> 602IB03PT | F1252: =VLOOKUP(B1252,[1]Course!$A$2:$R$329,2,FALSE) -> 0 | G1252: =VLOOKUP(B1252, [1]Course!$A$2:$L$950, 8, FALSE) -> 6 | H1252: 3 | I1252: 1 | K1252: PT | L1252: =VLOOKUP(B1252, [1]Course!$A$1:$O$933, 14, FALSE) -> IB | M1252: 1 | N1252: PACE + Activity Pac
A1253: 1264 | B1253: 129 | C1253: 3 | D1253: IB | E1253: =UPPER(LEFT(G1253,2)) & RIGHT("0" & C1253, 2) & D1253 & RIGHT("0" & H1253, 2) & K1253 -> 603IB03PT | F1253: =VLOOKUP(B1253,[1]Course!$A$2:$R$329,2,FALSE) -> 0 | G1253: =VLOOKUP(B1253, [1]Course!$A$2:$L$950, 8, FALSE) -> 6 | H1253: 3 | I1253: 1 | K1253: PT | L1253: =VLOOKUP(B1253, [1]Course!$A$1:$O$933, 14, FALSE) -> IB | M1253: 1 | N1253: PACE + Activity Pac
A1254: 1265 | B1254: 129 | C1254: 4 | D1254: IB | E1254: =UPPER(LEFT(G1254,2)) & RIGHT("0" & C1254, 2) & D1254 & RIGHT("0" & H1254, 2) & K1254 -> 604IB03PT | F1254: =VLOOKUP(B1254,[1]Course!$A$2:$R$329,2,FALSE) -> 0 | G1254: =VLOOKUP(B1254, [1]Course!$A$2:$L$950, 8, FALSE) -> 6 | H1254: 3 | I1254: 1 | K1254: PT | L1254: =VLOOKUP(B1254, [1]Course!$A$1:$O$933, 14, FALSE) -> IB | M1254: 1 | N1254: PACE + Activity Pac
A1255: 1266 | B1255: 129 | C1255: 5 | D1255: IB | E1255: =UPPER(LEFT(G1255,2)) & RIGHT("0" & C1255, 2) & D1255 & RIGHT("0" & H1255, 2) & K1255 -> 605IB03PT | F1255: =VLOOKUP(B1255,[1]Course!$A$2:$R$329,2,FALSE) -> 0 | G1255: =VLOOKUP(B1255, [1]Course!$A$2:$L$950, 8, FALSE) -> 6 | H1255: 3 | I1255: 1 | K1255: PT | L1255: =VLOOKUP(B1255, [1]Course!$A$1:$O$933, 14, FALSE) -> IB | M1255: 1 | N1255: PACE + Activity Pac
A1256: 1267 | B1256: 129 | C1256: 6 | D1256: IB | E1256: =UPPER(LEFT(G1256,2)) & RIGHT("0" & C1256, 2) & D1256 & RIGHT("0" & H1256, 2) & K1256 -> 606IB03PT | F1256: =VLOOKUP(B1256,[1]Course!$A$2:$R$329,2,FALSE) -> 0 | G1256: =VLOOKUP(B1256, [1]Course!$A$2:$L$950, 8, FALSE) -> 6 | H1256: 3 | I1256: 1 | K1256: PT | L1256: =VLOOKUP(B1256, [1]Course!$A$1:$O$933, 14, FALSE) -> IB | M1256: 1 | N1256: PACE + Activity Pac
A1257: 1268 | B1257: 147 | C1257: 49 | D1257: UK | E1257: =UPPER(LEFT(G1257,2)) & RIGHT("0" & C1257, 2) & D1257 & RIGHT("0" & H1257, 2) & K1257 -> 1249UK03PT | F1257: =VLOOKUP(B1257,[1]Course!$A$2:$R$329,2,FALSE) -> 0 | G1257: =VLOOKUP(B1257, [1]Course!$A$2:$L$950, 8, FALSE) -> 12 | H1257: 3 | I1257: 1 | K1257: PT | L1257: =VLOOKUP(B1257, [1]Course!$A$1:$O$933, 14, FALSE) -> UK | M1257: 1
A1258: 1269 | B1258: 147 | C1258: 50 | D1258: UK | E1258: =UPPER(LEFT(G1258,2)) & RIGHT("0" & C1258, 2) & D1258 & RIGHT("0" & H1258, 2) & K1258 -> 1250UK03PT | F1258: =VLOOKUP(B1258,[1]Course!$A$2:$R$329,2,FALSE) -> 0 | G1258: =VLOOKUP(B1258, [1]Course!$A$2:$L$950, 8, FALSE) -> 12 | H1258: 3 | I1258: 1 | K1258: PT | L1258: =VLOOKUP(B1258, [1]Course!$A$1:$O$933, 14, FALSE) -> UK | M1258: 1
A1259: 1270 | B1259: 147 | C1259: 51 | D1259: UK | E1259: =UPPER(LEFT(G1259,2)) & RIGHT("0" & C1259, 2) & D1259 & RIGHT("0" & H1259, 2) & K1259 -> 1251UK03PT | F1259: =VLOOKUP(B1259,[1]Course!$A$2:$R$329,2,FALSE) -> 0 | G1259: =VLOOKUP(B1259, [1]Course!$A$2:$L$950, 8, FALSE) -> 12 | H1259: 3 | I1259: 1 | K1259: PT | L1259: =VLOOKUP(B1259, [1]Course!$A$1:$O$933, 14, FALSE) -> UK | M1259: 1
A1260: 1271 | B1260: 147 | C1260: 52 | D1260: UK | E1260: =UPPER(LEFT(G1260,2)) & RIGHT("0" & C1260, 2) & D1260 & RIGHT("0" & H1260, 2) & K1260 -> 1252UK03PT | F1260: =VLOOKUP(B1260,[1]Course!$A$2:$R$329,2,FALSE) -> 0 | G1260: =VLOOKUP(B1260, [1]Course!$A$2:$L$950, 8, FALSE) -> 12 | H1260: 3 | I1260: 1 | K1260: PT | L1260: =VLOOKUP(B1260, [1]Course!$A$1:$O$933, 14, FALSE) -> UK | M1260: 1
A1261: 1272 | B1261: 147 | C1261: 53 | D1261: UK | E1261: =UPPER(LEFT(G1261,2)) & RIGHT("0" & C1261, 2) & D1261 & RIGHT("0" & H1261, 2) & K1261 -> 1253UK03PT | F1261: =VLOOKUP(B1261,[1]Course!$A$2:$R$329,2,FALSE) -> 0 | G1261: =VLOOKUP(B1261, [1]Course!$A$2:$L$950, 8, FALSE) -> 12 | H1261: 3 | I1261: 1 | K1261: PT | L1261: =VLOOKUP(B1261, [1]Course!$A$1:$O$933, 14, FALSE) -> UK | M1261: 1
A1262: 1273 | B1262: 147 | C1262: 54 | D1262: UK | E1262: =UPPER(LEFT(G1262,2)) & RIGHT("0" & C1262, 2) & D1262 & RIGHT("0" & H1262, 2) & K1262 -> 1254UK03PT | F1262: =VLOOKUP(B1262,[1]Course!$A$2:$R$329,2,FALSE) -> 0 | G1262: =VLOOKUP(B1262, [1]Course!$A$2:$L$950, 8, FALSE) -> 12 | H1262: 3 | I1262: 1 | K1262: PT | L1262: =VLOOKUP(B1262, [1]Course!$A$1:$O$933, 14, FALSE) -> UK | M1262: 1
...

Sheet PaceCourse
A1: ID | B1: PaceID | C1: CourseID | D1: Alias__ | E1: Number__ | F1: Code__ | G1: CreditValuePace | H1: PassThreshold__ | I1: Active | J1: Remark
A2: 1 | B2: 1 | C2: 1 | D2: =VLOOKUP(C2,[1]Course!$A$1:$C$229, 2, FALSE) -> 0 | E2: 2 | F2: MA02RR03PT | G2: 1 | H2: 0.8 | I2: 1
A3: 2 | B3: 2 | C3: 1 | D3: =VLOOKUP(C3,[1]Course!$A$1:$C$229, 2, FALSE) -> 0 | E3: 3 | F3: MA03RR03PT | G3: 1 | H3: 0.8 | I3: 1
A4: 3 | B4: 3 | C4: 1 | D4: =VLOOKUP(C4,[1]Course!$A$1:$C$229, 2, FALSE) -> 0 | E4: 4 | F4: MA04RR03PT | G4: 1 | H4: 0.8 | I4: 1
A5: 4 | B5: 4 | C5: 1 | D5: =VLOOKUP(C5,[1]Course!$A$1:$C$229, 2, FALSE) -> 0 | E5: 5 | F5: MA05RR03PT | G5: 1 | H5: 0.8 | I5: 1
A6: 5 | B6: 5 | C6: 1 | D6: =VLOOKUP(C6,[1]Course!$A$1:$C$229, 2, FALSE) -> 0 | E6: 6 | F6: MA06RR03PT | G6: 1 | H6: 0.8 | I6: 1
A7: 6 | B7: 6 | C7: 1 | D7: =VLOOKUP(C7,[1]Course!$A$1:$C$229, 2, FALSE) -> 0 | E7: 7 | F7: MA07RR03PT | G7: 1 | H7: 0.8 | I7: 1
A8: 7 | B8: 7 | C8: 1 | D8: =VLOOKUP(C8,[1]Course!$A$1:$C$229, 2, FALSE) -> 0 | E8: 8 | F8: MA08RR03PT | G8: 1 | H8: 0.8 | I8: 1
A9: 8 | B9: 8 | C9: 1 | D9: =VLOOKUP(C9,[1]Course!$A$1:$C$229, 2, FALSE) -> 0 | E9: 9 | F9: MA09RR03PT | G9: 1 | H9: 0.8 | I9: 1
A10: 9 | B10: 9 | C10: 1 | D10: =VLOOKUP(C10,[1]Course!$A$1:$C$229, 2, FALSE) -> 0 | E10: 10 | F10: MA10RR03PT | G10: 1 | H10: 0.8 | I10: 1
A11: 10 | B11: 10 | C11: 1 | D11: =VLOOKUP(C11,[1]Course!$A$1:$C$229, 2, FALSE) -> 0 | E11: 11 | F11: MA11RR03PT | G11: 1 | H11: 0.8 | I11: 1
A12: 11 | B12: 11 | C12: 1 | D12: =VLOOKUP(C12,[1]Course!$A$1:$C$229, 2, FALSE) -> 0 | E12: 12 | F12: MA12RR03PT | G12: 1 | H12: 0.8 | I12: 1
A13: 12 | B13: 12 | C13: 2 | D13: =VLOOKUP(C13,[1]Course!$A$1:$C$229, 2, FALSE) -> 0 | E13: 1 | F13: MA01MA03PT | G13: 1 | H13: 0.8 | I13: 1
... A564: 563 | B564: 563 | C564: 47 | D564: =VLOOKUP(C564,[1]Course!$A$1:$C$229, 2, FALSE) -> 0 | E564: 84 | F564: WB84WB03PT | G564: 1 | H564: 0.9 | I564: 1
A565: 564 | B565: 564 | C565: 48 | D565: =VLOOKUP(C565,[1]Course!$A$1:$C$229, 2, FALSE) -> 0 | E565: 74 | F565: LI74LC03PT | G565: =1/6/2 -> 0.083333333 | H565: 0.8 | I565: 1
A566: 566 | B566: 566 | C566: 48 | D566: =VLOOKUP(C566,[1]Course!$A$1:$C$229, 2, FALSE) -> 0 | E566: 76 | F566: LI76LC03PT | G566: =1/6/2 -> 0.083333333 | H566: 0.8 | I566: 1
A567: 568 | B567: 568 | C567: 48 | D567: =VLOOKUP(C567,[1]Course!$A$1:$C$229, 2, FALSE) -> 0 | E567: 78 | F567: LI78LC03PT | G567: =1/6/2 -> 0.083333333 | H567: 0.8 | I567: 1
A568: 570 | B568: 570 | C568: 48 | D568: =VLOOKUP(C568,[1]Course!$A$1:$C$229, 2, FALSE) -> 0 | E568: 80 | F568: LI80LC03PT | G568: =1/6/2 -> 0.083333333 | H568: 0.8 | I568: 1
A569: 572 | B569: 572 | C569: 48 | D569: =VLOOKUP(C569,[1]Course!$A$1:$C$229, 2, FALSE) -> 0 | E569: 82 | F569: LI82LC03PT | G569: =1/6/2 -> 0.083333333 | H569: 0.8 | I569: 1
A570: 574 | B570: 574 | C570: 48 | D570: =VLOOKUP(C570,[1]Course!$A$1:$C$229, 2, FALSE) -> 0 | E570: 84 | F570: LI84LC03PT | G570: =1/6/2 -> 0.083333333 | H570: 0.8 | I570: 1
A571: 575 | B571: 575 | C571: 49 | D571: =VLOOKUP(C571,[1]Course!$A$1:$C$229, 2, FALSE) -> Science 7 | E571: 73 | F571: SC73SC03PT | G571: 1 | H571: 0.8 | I571: 1
A572: 576 | B572: 576 | C572: 49 | D572: =VLOOKUP(C572,[1]Course!$A$1:$C$229, 2, FALSE) -> Science 7 | E572: 74 | F572: SC74SC03PT | G572: 1 | H572: 0.8 | I572: 1
A573: 577 | B573: 577 | C573: 49 | D573: =VLOOKUP(C573,[1]Course!$A$1:$C$229, 2, FALSE) -> Science 7 | E573: 75 | F573: SC75SC03PT | G573: 1 | H573: 0.8 | I573: 1
A574: 578 | B574: 578 | C574: 49 | D574: =VLOOKUP(C574,[1]Course!$A$1:$C$229, 2, FALSE) -> Science 7 | E574: 76 | F574: SC76SC03PT | G574: 1 | H574: 0.8 | I574: 1
A575: 579 | B575: 579 | C575: 49 | D575: =VLOOKUP(C575,[1]Course!$A$1:$C$229, 2, FALSE) -> Science 7 | E575: 77 | F575: SC77SC03PT | G575: 1 | H575: 0.8 | I575: 1
A576: 580 | B576: 580 | C576: 49 | D576: =VLOOKUP(C576,[1]Course!$A$1:$C$229, 2, FALSE) -> Science 7 | E576: 78 | F576: SC78SC03PT | G576: 1 | H576: 0.8 | I576: 1
A577: 581 | B577: 581 | C577: 49 | D577: =VLOOKUP(C577,[1]Course!$A$1:$C$229, 2, FALSE) -> Science 7 | E577: 79 | F577: SC79SC03PT | G577: 1 | H577: 0.8 | I577: 1
A578: 582 | B578: 582 | C578: 49 | D578: =VLOOKUP(C578,[1]Course!$A$1:$C$229, 2, FALSE) -> Science 7 | E578: 80 | F578: SC80SC03PT | G578: 1 | H578: 0.8 | I578: 1
A579: 583 | B579: 583 | C579: 49 | D579: =VLOOKUP(C579,[1]Course!$A$1:$C$229, 2, FALSE) -> Science 7 | E579: 81 | F579: SC81SC03PT | G579: 1 | H579: 0.8 | I579: 1
A580: 584 | B580: 584 | C580: 49 | D580: =VLOOKUP(C580,[1]Course!$A$1:$C$229, 2, FALSE) -> Science 7 | E580: 82 | F580: SC82SC03PT | G580: 1 | H580: 0.8 | I580: 1
A581: 585 | B581: 585 | C581: 49 | D581: =VLOOKUP(C581,[1]Course!$A$1:$C$229, 2, FALSE) -> Science 7 | E581: 83 | F581: SC83SC03PT | G581: 1 | H581: 0.8 | I581: 1
A582: 586 | B582: 586 | C582: 49 | D582: =VLOOKUP(C582,[1]Course!$A$1:$C$229, 2, FALSE) -> Science 7 | E582: 84 | F582: SC84SC03PT | G582: 1 | H582: 0.8 | I582: 1
... A639: 643 | B639: 643 | C639: 55 | D639: =VLOOKUP(C639,[1]Course!$A$1:$C$229, 2, FALSE) -> 0 | E639: 96 | F639: WB96WB03PT | G639: 1 | H639: 0.9 | I639: 1
A640: 644 | B640: 644 | C640: 56 | D640: =VLOOKUP(C640,[1]Course!$A$1:$C$229, 2, FALSE) -> 0 | E640: 86 | F640: LI86LC03PT | G640: =1/6/2 -> 0.083333333 | H640: 0.8 | I640: 1
A641: 646 | B641: 646 | C641: 56 | D641: =VLOOKUP(C641,[1]Course!$A$1:$C$229, 2, FALSE) -> 0 | E641: 88 | F641: LI88LC03PT | G641: =1/6/2 -> 0.083333333 | H641: 0.8 | I641: 1
A642: 648 | B642: 648 | C642: 56 | D642: =VLOOKUP(C642,[1]Course!$A$1:$C$229, 2, FALSE) -> 0 | E642: 90 | F642: LI90LC03PT | G642: =1/6/2 -> 0.083333333 | H642: 0.8 | I642: 1
A643: 650 | B643: 650 | C643: 56 | D643: =VLOOKUP(C643,[1]Course!$A$1:$C$229, 2, FALSE) -> 0 | E643: 92 | F643: LI92LC03PT | G643: =1/6/2 -> 0.083333333 | H643: 0.8 | I643: 1
A644: 652 | B644: 652 | C644: 56 | D644: =VLOOKUP(C644,[1]Course!$A$1:$C$229, 2, FALSE) -> 0 | E644: 94 | F644: LI94LC03PT | G644: =1/6/2 -> 0.083333333 | H644: 0.8 | I644: 1
A645: 654 | B645: 654 | C645: 56 | D645: =VLOOKUP(C645,[1]Course!$A$1:$C$229, 2, FALSE) -> 0 | E645: 96 | F645: LI96LC03PT | G645: =1/6/2 -> 0.083333333 | H645: 0.8 | I645: 1
A646: 655 | B646: 655 | C646: 57 | D646: =VLOOKUP(C646,[1]Course!$A$1:$C$229, 2, FALSE) -> Science 8 | E646: 85 | F646: SC85ES03PT | G646: 1 | H646: 0.8 | I646: 1
A647: 656 | B647: 656 | C647: 57 | D647: =VLOOKUP(C647,[1]Course!$A$1:$C$229, 2, FALSE) -> Science 8 | E647: 86 | F647: SC86ES03PT | G647: 1 | H647: 0.8 | I647: 1
A648: 657 | B648: 657 | C648: 57 | D648: =VLOOKUP(C648,[1]Course!$A$1:$C$229, 2, FALSE) -> Science 8 | E648: 87 | F648: SC87ES03PT | G648: 1 | H648: 0.8 | I648: 1
A649: 658 | B649: 658 | C649: 57 | D649: =VLOOKUP(C649,[1]Course!$A$1:$C$229, 2, FALSE) -> Science 8 | E649: 88 | F649: SC88ES03PT | G649: 1 | H649: 0.8 | I649: 1
A650: 659 | B650: 659 | C650: 57 | D650: =VLOOKUP(C650,[1]Course!$A$1:$C$229, 2, FALSE) -> Science 8 | E650: 89 | F650: SC89ES03PT | G650: 1 | H650: 0.8 | I650: 1
A651: 660 | B651: 660 | C651: 57 | D651: =VLOOKUP(C651,[1]Course!$A$1:$C$229, 2, FALSE) -> Science 8 | E651: 90 | F651: SC90ES03PT | G651: 1 | H651: 0.8 | I651: 1
A652: 661 | B652: 661 | C652: 57 | D652: =VLOOKUP(C652,[1]Course!$A$1:$C$229, 2, FALSE) -> Science 8 | E652: 91 | F652: SC91ES03PT | G652: 1 | H652: 0.8 | I652: 1
A653: 662 | B653: 662 | C653: 57 | D653: =VLOOKUP(C653,[1]Course!$A$1:$C$229, 2, FALSE) -> Science 8 | E653: 92 | F653: SC92ES03PT | G653: 1 | H653: 0.8 | I653: 1
A654: 663 | B654: 663 | C654: 57 | D654: =VLOOKUP(C654,[1]Course!$A$1:$C$229, 2, FALSE) -> Science 8 | E654: 93 | F654: SC93ES03PT | G654: 1 | H654: 0.8 | I654: 1
A655: 664 | B655: 664 | C655: 57 | D655: =VLOOKUP(C655,[1]Course!$A$1:$C$229, 2, FALSE) -> Science 8 | E655: 94 | F655: SC94ES03PT | G655: 1 | H655: 0.8 | I655: 1
A656: 665 | B656: 665 | C656: 57 | D656: =VLOOKUP(C656,[1]Course!$A$1:$C$229, 2, FALSE) -> Science 8 | E656: 95 | F656: SC95ES03PT | G656: 1 | H656: 0.8 | I656: 1
A657: 666 | B657: 666 | C657: 57 | D657: =VLOOKUP(C657,[1]Course!$A$1:$C$229, 2, FALSE) -> Science 8 | E657: 96 | F657: SC96ES03PT | G657: 1 | H657: 0.8 | I657: 1
... A669: 678 | B669: 678 | C669: 58 | D669: =VLOOKUP(C669,[1]Course!$A$1:$C$229, 2, FALSE) -> 0 | E669: 108 | F669: SS96UK03PT | G669: 1 | H669: 0.8 | I669: 1
A670: 679 | B670: 679 | C670: 59 | D670: World History 3rd Edition | E670: 97 | F670: SS85WH03PT | G670: 1 | H670: 0.8 | I670: 1
A671: 680 | B671: 680 | C671: 59 | D671: World History 3rd Edition | E671: 98 | F671: SS86WH03PT | G671: 1 | H671: 0.8 | I671: 1
A672: 681 | B672: 681 | C672: 59 | D672: World History 3rd Edition | E672: 99 | F672: SS87WH03PT | G672: 1 | H672: 0.8 | I672: 1
A673: 682 | B673: 682 | C673: 59 | D673: World History 3rd Edition | E673: 100 | F673: SS88WH03PT | G673: 1 | H673: 0.8 | I673: 1
A674: 683 | B674: 683 | C674: 59 | D674: World History 3rd Edition | E674: 101 | F674: SS89WH03PT | G674: 1 | H674: 0.8 | I674: 1
A675: 684 | B675: 684 | C675: 59 | D675: World History 3rd Edition | E675: 102 | F675: SS90WH03PT | G675: 1 | H675: 0.8 | I675: 1
A676: 685 | B676: 685 | C676: 59 | D676: World History 3rd Edition | E676: 103 | F676: SS91WH03PT | G676: 1 | H676: 0.8 | I676: 1
A677: 686 | B677: 686 | C677: 59 | D677: World History 3rd Edition | E677: 104 | F677: SS92WH03PT | G677: 1 | H677: 0.8 | I677: 1
A678: 687 | B678: 687 | C678: 59 | D678: World History 3rd Edition | E678: 105 | F678: SS93WH03PT | G678: 1 | H678: 0.8 | I678: 1
A679: 688 | B679: 688 | C679: 59 | D679: World History 3rd Edition | E679: 106 | F679: SS94WH03PT | G679: 1 | H679: 0.8 | I679: 1
A680: 689 | B680: 689 | C680: 59 | D680: World History 3rd Edition | E680: 107 | F680: SS95WH03PT | G680: 1 | H680: 0.8 | I680: 1
A681: 690 | B681: 690 | C681: 59 | D681: World History 3rd Edition | E681: 108 | F681: SS96WH03PT | G681: 1 | H681: 0.8 | I681: 1
A682: 691 | B682: 691 | C682: 60 | D682: =VLOOKUP(C682,[1]Course!$A$1:$C$229, 2, FALSE) -> Biblical Studies I: New Testament Survey | E682: 97 | F682: BS97NT03PT | G682: 1 | H682: 0.8 | I682: 1
A683: 692 | B683: 692 | C683: 60 | D683: =VLOOKUP(C683,[1]Course!$A$1:$C$229, 2, FALSE) -> Biblical Studies I: New Testament Survey | E683: 98 | F683: BS98NT03PT | G683: 1 | H683: 0.8 | I683: 1
A684: 693 | B684: 693 | C684: 60 | D684: =VLOOKUP(C684,[1]Course!$A$1:$C$229, 2, FALSE) -> Biblical Studies I: New Testament Survey | E684: 99 | F684: BS99NT03PT | G684: 1 | H684: 0.8 | I684: 1
A685: 694 | B685: 694 | C685: 60 | D685: =VLOOKUP(C685,[1]Course!$A$1:$C$229, 2, FALSE) -> Biblical Studies I: New Testament Survey | E685: 100 | F685: BS00NT03PT | G685: 1 | H685: 0.8 | I685: 1
A686: 695 | B686: 695 | C686: 60 | D686: =VLOOKUP(C686,[1]Course!$A$1:$C$229, 2, FALSE) -> Biblical Studies I: New Testament Survey | E686: 101 | F686: BS01NT03PT | G686: 1 | H686: 0.8 | I686: 1
A687: 696 | B687: 696 | C687: 60 | D687: =VLOOKUP(C687,[1]Course!$A$1:$C$229, 2, FALSE) -> Biblical Studies I: New Testament Survey | E687: 102 | F687: BS02NT03PT | G687: 1 | H687: 0.8 | I687: 1
A688: 697 | B688: 697 | C688: 61 | D688: =VLOOKUP(C688,[1]Course!$A$1:$C$229, 2, FALSE) -> 0 | E688: 97 | F688: MA97AL03PT | G688: 1 | H688: 0.8 | I688: 1
A689: 698 | B689: 698 | C689: 61 | D689: =VLOOKUP(C689,[1]Course!$A$1:$C$229, 2, FALSE) -> 0 | E689: 98 | F689: MA98AL03PT | G689: 1 | H689: 0.8 | I689: 1
A690: 699 | B690: 699 | C690: 61 | D690: =VLOOKUP(C690,[1]Course!$A$1:$C$229, 2, FALSE) -> 0 | E690: 99 | F690: MA99AL03PT | G690: 1 | H690: 0.8 | I690: 1
A691: 700 | B691: 700 | C691: 61 | D691: =VLOOKUP(C691,[1]Course!$A$1:$C$229, 2, FALSE) -> 0 | E691: 100 | F691: MA00AL03PT | G691: 1 | H691: 0.8 | I691: 1
A692: 701 | B692: 701 | C692: 61 | D692: =VLOOKUP(C692,[1]Course!$A$1:$C$229, 2, FALSE) -> 0 | E692: 101 | F692: MA01AL03PT | G692: 1 | H692: 0.8 | I692: 1
A693: 702 | B693: 702 | C693: 61 | D693: =VLOOKUP(C693,[1]Course!$A$1:$C$229, 2, FALSE) -> 0 | E693: 102 | F693: MA02AL03PT | G693: 1 | H693: 0.8 | I693: 1
... A791: 800 | B791: 800 | C791: 73 | D791: =VLOOKUP(C791,[1]Course!$A$1:$C$229, 2, FALSE) -> 0 | E791: 4 | F791: LI04I903PT | G791: 1 | H791: 0.8 | I791: 1
A792: 801 | B792: 801 | C792: 146 | D792: =VLOOKUP(C792,[1]Course!$A$1:$C$229, 2, FALSE) -> 0 | E792: 98 | F792: LI98LC03PT | G792: =1/6 -> 0.16666667 | H792: 0.8 | I792: 1
A793: 803 | B793: 803 | C793: 146 | D793: =VLOOKUP(C793,[1]Course!$A$1:$C$229, 2, FALSE) -> 0 | E793: 100 | F793: LI00LC03PT | G793: =1/6 -> 0.16666667 | H793: 0.8 | I793: 1
A794: 805 | B794: 805 | C794: 146 | D794: =VLOOKUP(C794,[1]Course!$A$1:$C$229, 2, FALSE) -> 0 | E794: 102 | F794: LI02LC03PT | G794: =1/6 -> 0.16666667 | H794: 0.8 | I794: 1
A795: 807 | B795: 807 | C795: 146 | D795: =VLOOKUP(C795,[1]Course!$A$1:$C$229, 2, FALSE) -> 0 | E795: 104 | F795: LI04LC03PT | G795: =1/6 -> 0.16666667 | H795: 0.8 | I795: 1
A796: 809 | B796: 809 | C796: 146 | D796: =VLOOKUP(C796,[1]Course!$A$1:$C$229, 2, FALSE) -> 0 | E796: 106 | F796: LI06LC03PT | G796: =1/6 -> 0.16666667 | H796: 0.8 | I796: 1
A797: 811 | B797: 811 | C797: 146 | D797: =VLOOKUP(C797,[1]Course!$A$1:$C$229, 2, FALSE) -> 0 | E797: 108 | F797: LI08LC03PT | G797: =1/6 -> 0.16666667 | H797: 0.8 | I797: 1
A798: 812 | B798: 812 | C798: 74 | D798: =VLOOKUP(C798,[1]Course!$A$1:$C$229, 2, FALSE) -> 0 | E798: 1 | F798: SC01AS03PT | G798: 0.2 | H798: 0.8 | I798: 1
A799: 813 | B799: 813 | C799: 74 | D799: =VLOOKUP(C799,[1]Course!$A$1:$C$229, 2, FALSE) -> 0 | E799: 2 | F799: SC02AS03PT | G799: 0.2 | H799: 0.8 | I799: 1
A800: 814 | B800: 814 | C800: 74 | D800: =VLOOKUP(C800,[1]Course!$A$1:$C$229, 2, FALSE) -> 0 | E800: 3 | F800: SC03AS03PT | G800: 0.2 | H800: 0.8 | I800: 1
A801: 815 | B801: 815 | C801: 74 | D801: =VLOOKUP(C801,[1]Course!$A$1:$C$229, 2, FALSE) -> 0 | E801: 4 | F801: SC04AS03PT | G801: 0.2 | H801: 0.8 | I801: 1
A802: 816 | B802: 816 | C802: 74 | D802: =VLOOKUP(C802,[1]Course!$A$1:$C$229, 2, FALSE) -> 0 | E802: 5 | F802: SC05AS03PT | G802: 0.2 | H802: 0.8 | I802: 1
A803: 817 | B803: 817 | C803: 75 | D803: =VLOOKUP(C803,[1]Course!$A$1:$C$229, 2, FALSE) -> Science 9 | E803: 97 | F803: SC97BI03PT | G803: =1/12 -> 0.083333333 | H803: 0.8 | I803: 1
A804: 818 | B804: 818 | C804: 75 | D804: =VLOOKUP(C804,[1]Course!$A$1:$C$229, 2, FALSE) -> Science 9 | E804: 98 | F804: SC98BI03PT | G804: =1/12 -> 0.083333333 | H804: 0.8 | I804: 1
A805: 819 | B805: 819 | C805: 75 | D805: =VLOOKUP(C805,[1]Course!$A$1:$C$229, 2, FALSE) -> Science 9 | E805: 99 | F805: SC99BI03PT | G805: =1/12 -> 0.083333333 | H805: 0.8 | I805: 1
A806: 820 | B806: 820 | C806: 75 | D806: =VLOOKUP(C806,[1]Course!$A$1:$C$229, 2, FALSE) -> Science 9 | E806: 100 | F806: SC00BI03PT | G806: =1/12 -> 0.083333333 | H806: 0.8 | I806: 1
A807: 821 | B807: 821 | C807: 75 | D807: =VLOOKUP(C807,[1]Course!$A$1:$C$229, 2, FALSE) -> Science 9 | E807: 101 | F807: SC01BI03PT | G807: =1/12 -> 0.083333333 | H807: 0.8 | I807: 1
A808: 822 | B808: 822 | C808: 75 | D808: =VLOOKUP(C808,[1]Course!$A$1:$C$229, 2, FALSE) -> Science 9 | E808: 102 | F808: SC02BI03PT | G808: =1/12 -> 0.083333333 | H808: 0.8 | I808: 1
A809: 823 | B809: 823 | C809: 75 | D809: =VLOOKUP(C809,[1]Course!$A$1:$C$229, 2, FALSE) -> Science 9 | E809: 103 | F809: SC03BI03PT | G809: =1/12 -> 0.083333333 | H809: 0.8 | I809: 1
A810: 824 | B810: 824 | C810: 75 | D810: =VLOOKUP(C810,[1]Course!$A$1:$C$229, 2, FALSE) -> Science 9 | E810: 104 | F810: SC04BI03PT | G810: =1/12 -> 0.083333333 | H810: 0.8 | I810: 1
A811: 825 | B811: 825 | C811: 75 | D811: =VLOOKUP(C811,[1]Course!$A$1:$C$229, 2, FALSE) -> Science 9 | E811: 105 | F811: SC05BI03PT | G811: =1/12 -> 0.083333333 | H811: 0.8 | I811: 1
A812: 826 | B812: 826 | C812: 75 | D812: =VLOOKUP(C812,[1]Course!$A$1:$C$229, 2, FALSE) -> Science 9 | E812: 106 | F812: SC06BI03PT | G812: =1/12 -> 0.083333333 | H812: 0.8 | I812: 1
A813: 827 | B813: 827 | C813: 75 | D813: =VLOOKUP(C813,[1]Course!$A$1:$C$229, 2, FALSE) -> Science 9 | E813: 107 | F813: SC07BI03PT | G813: =1/12 -> 0.083333333 | H813: 0.8 | I813: 1
A814: 828 | B814: 828 | C814: 75 | D814: =VLOOKUP(C814,[1]Course!$A$1:$C$229, 2, FALSE) -> Science 9 | E814: 108 | F814: SC08BI03PT | G814: =1/12 -> 0.083333333 | H814: 0.8 | I814: 1
...

Sheet Student
A1: ID | B1: Surname | C1: SurnamePrefix | D1: FirstNames | E1: CallName | F1: Alias
A2: 1 | B2: Adeleke | D2: Deborah | E2: Deborah | F2: =E2 & IF(ISBLANK(C2), " ", " " & C2 & " ") & B2 -> Deborah Adeleke
A3: 2 | B3: Adeleke | D3: Oluwatobi Samuel | E3: Oluwatobi | F3: =E3 & IF(ISBLANK(C3), " ", " " & C3 & " ") & B3 -> Oluwatobi Adeleke
A4: 3 | B4: Adeleke | D4: Dorcas Mayowa Oluwatofarati Temitope Esther | E4: Dorcas | F4: =E4 & IF(ISBLANK(C4), " ", " " & C4 & " ") & B4 -> Dorcas Adeleke
A5: 5 | B5: Boulahdaraj | D5: Zakariya | E5: Zakariya | F5: =E5 & IF(ISBLANK(C5), " ", " " & C5 & " ") & B5 -> Zakariya Boulahdaraj
A6: 6 | B6: Brand | C6: van den | D6: Ezra | E6: Ezra | F6: =E6 & IF(ISBLANK(C6), " ", " " & C6 & " ") & B6 -> Ezra van den Brand
A7: 7 | B7: Brand | C7: van den | D7: Lois-Daan | E7: Lois-Daan | F7: =E7 & IF(ISBLANK(C7), " ", " " & C7 & " ") & B7 -> Lois-Daan van den Brand
A8: 8 | B8: Bruijne | C8: de | D8: Matthias | E8: Matthias | F8: =E8 & IF(ISBLANK(C8), " ", " " & C8 & " ") & B8 -> Matthias de Bruijne
A9: 10 | B9: Gonzalez Rodriguez | D9: Eleazar Leonardo | E9: Eleazar | F9: =E9 & IF(ISBLANK(C9), " ", " " & C9 & " ") & B9 -> Eleazar Gonzalez Rodriguez
A10: 12 | B10: Harkes | D10: Marinus Dirk Martijn | E10: Stijn | F10: =E10 & IF(ISBLANK(C10), " ", " " & C10 & " ") & B10 -> Stijn Harkes
A11: 13 | B11: Harkes | D11: Jonathan Anne Theodoor | E11: Jona | F11: =E11 & IF(ISBLANK(C11), " ", " " & C11 & " ") & B11 -> Jona Harkes
A12: 19 | B12: Lee | D12: Kang Kevin | E12: Kevin | F12: =E12 & IF(ISBLANK(C12), " ", " " & C12 & " ") & B12 -> Kevin Lee
A13: 20 | B13: Lee | D13: Myung | E13: Matthew | F13: =E13 & IF(ISBLANK(C13), " ", " " & C13 & " ") & B13 -> Matthew Lee
A14: 21 | B14: Littel | D14: Beline Elizabeth | E14: Lina | F14: =E14 & IF(ISBLANK(C14), " ", " " & C14 & " ") & B14 -> Lina Littel
A15: 22 | B15: Littel | D15: Simon Johannes | E15: Sam | F15: =E15 & IF(ISBLANK(C15), " ", " " & C15 & " ") & B15 -> Sam Littel
A16: 23 | B16: Littel | D16: Catharina Johanna | E16: Noa | F16: =E16 & IF(ISBLANK(C16), " ", " " & C16 & " ") & B16 -> Noa Littel
A17: 24 | B17: Trimp | D17: Elbert Daniël | E17: Dani | F17: =E17 & IF(ISBLANK(C17), " ", " " & C17 & " ") & B17 -> Dani Trimp
A18: 25 | B18: Trimp | D18: Aron Pieter | E18: Aron | F18: =E18 & IF(ISBLANK(C18), " ", " " & C18 & " ") & B18 -> Aron Trimp
A19: 29 | B19: Yong | D19: Joseph Nathan Andrew Jun-Yin | E19: Nathan | F19: =E19 & IF(ISBLANK(C19), " ", " " & C19 & " ") & B19 -> Nathan Yong
A20: 53 | B20: Hoogendoorn | D20: Boaz | E20: Boaz | F20: =E20 & IF(ISBLANK(C20), " ", " " & C20 & " ") & B20 -> Boaz Hoogendoorn
A21: 54 | B21: Steenbeek | E21: Refaja | F21: =E21 & IF(ISBLANK(C21), " ", " " & C21 & " ") & B21 -> Refaja Steenbeek
A22: 55 | B22: Steenbeek | D22: Gabriël | E22: Gabriël | F22: =E22 & IF(ISBLANK(C22), " ", " " & C22 & " ") & B22 -> Gabriël Steenbeek
A23: 56 | B23: Chen | E23: Sofia | F23: =E23 & IF(ISBLANK(C23), " ", " " & C23 & " ") & B23 -> Sofia Chen

Sheet Date
A1: ID | B1: Date | C1: Weekend | D1: Holiday | E1: DayOff | F1: WeekDay | G1: Remark | H1: Term | I1: TermWeek | J1: Week | K1: YearTerm
A2: 1 | B2: 44792 | C2: =IF(OR(WEEKDAY(B2) = 7, WEEKDAY(B2) = 1), 1, 0) -> 0 | D2: 1 | E2: =IF((C2+D2)>0, 1, 0) -> 1 | F2: =TEXT(B2, "dddd") -> Friday | G2: Zomervakantie | H2: 5 | I2: 5 | J2: =_xlfn.ISOWEEKNUM(B2) -> 33
A3: 2 | B3: 44793 | C3: =IF(OR(WEEKDAY(B3) = 7, WEEKDAY(B3) = 1), 1, 0) -> 1 | D3: 1 | E3: =IF((C3+D3)>0, 1, 0) -> 1 | F3: =TEXT(B3, "dddd") -> Saturday | G3: Zomervakantie | H3: 5 | I3: 5 | J3: =_xlfn.ISOWEEKNUM(B3) -> 33
A4: 3 | B4: 44794 | C4: =IF(OR(WEEKDAY(B4) = 7, WEEKDAY(B4) = 1), 1, 0) -> 1 | D4: 1 | E4: =IF((C4+D4)>0, 1, 0) -> 1 | F4: =TEXT(B4, "dddd") -> Sunday | G4: Zomervakantie | H4: 5 | I4: 5 | J4: =_xlfn.ISOWEEKNUM(B4) -> 33
A5: 4 | B5: 44795 | C5: =IF(OR(WEEKDAY(B5) = 7, WEEKDAY(B5) = 1), 1, 0) -> 0 | D5: 0 | E5: =IF((C5+D5)>0, 1, 0) -> 0 | F5: =TEXT(B5, "dddd") -> Monday | H5: 1 | I5: =IF(J5>J4, IF(H5<>H4,1, I4+1),I4) -> 1 | J5: =_xlfn.ISOWEEKNUM(B5) -> 34
A6: 5 | B6: 44796 | C6: =IF(OR(WEEKDAY(B6) = 7, WEEKDAY(B6) = 1), 1, 0) -> 0 | D6: 0 | E6: =IF((C6+D6)>0, 1, 0) -> 0 | F6: =TEXT(B6, "dddd") -> Tuesday | H6: 1 | I6: =IF(J6>J5, IF(H6<>H5,1, I5+1),I5) -> 1 | J6: =_xlfn.ISOWEEKNUM(B6) -> 34
A7: 6 | B7: 44797 | C7: =IF(OR(WEEKDAY(B7) = 7, WEEKDAY(B7) = 1), 1, 0) -> 0 | D7: 0 | E7: =IF((C7+D7)>0, 1, 0) -> 0 | F7: =TEXT(B7, "dddd") -> Wednesday | H7: 1 | I7: =IF(J7>J6, IF(H7<>H6,1, I6+1),I6) -> 1 | J7: =_xlfn.ISOWEEKNUM(B7) -> 34
A8: 7 | B8: 44798 | C8: =IF(OR(WEEKDAY(B8) = 7, WEEKDAY(B8) = 1), 1, 0) -> 0 | D8: 0 | E8: =IF((C8+D8)>0, 1, 0) -> 0 | F8: =TEXT(B8, "dddd") -> Thursday | H8: 1 | I8: =IF(J8>J7, IF(H8<>H7,1, I7+1),I7) -> 1 | J8: =_xlfn.ISOWEEKNUM(B8) -> 34
A9: 8 | B9: 44799 | C9: =IF(OR(WEEKDAY(B9) = 7, WEEKDAY(B9) = 1), 1, 0) -> 0 | D9: 0 | E9: =IF((C9+D9)>0, 1, 0) -> 0 | F9: =TEXT(B9, "dddd") -> Friday | H9: 1 | I9: =IF(J9>J8, IF(H9<>H8,1, I8+1),I8) -> 1 | J9: =_xlfn.ISOWEEKNUM(B9) -> 34
A10: 9 | B10: 44800 | C10: =IF(OR(WEEKDAY(B10) = 7, WEEKDAY(B10) = 1), 1, 0) -> 1 | D10: 0 | E10: =IF((C10+D10)>0, 1, 0) -> 1 | F10: =TEXT(B10, "dddd") -> Saturday | H10: 1 | I10: =IF(J10>J9, IF(H10<>H9,1, I9+1),I9) -> 1 | J10: =_xlfn.ISOWEEKNUM(B10) -> 34
A11: 10 | B11: 44801 | C11: =IF(OR(WEEKDAY(B11) = 7, WEEKDAY(B11) = 1), 1, 0) -> 1 | D11: 0 | E11: =IF((C11+D11)>0, 1, 0) -> 1 | F11: =TEXT(B11, "dddd") -> Sunday | H11: 1 | I11: =IF(J11>J10, IF(H11<>H10,1, I10+1),I10) -> 1 | J11: =_xlfn.ISOWEEKNUM(B11) -> 34
A12: 11 | B12: 44802 | C12: =IF(OR(WEEKDAY(B12) = 7, WEEKDAY(B12) = 1), 1, 0) -> 0 | D12: 0 | E12: =IF((C12+D12)>0, 1, 0) -> 0 | F12: =TEXT(B12, "dddd") -> Monday | H12: 1 | I12: =IF(J12>J11, IF(H12<>H11,1, I11+1),I11) -> 2 | J12: =_xlfn.ISOWEEKNUM(B12) -> 35
A13: 12 | B13: 44803 | C13: =IF(OR(WEEKDAY(B13) = 7, WEEKDAY(B13) = 1), 1, 0) -> 0 | D13: 0 | E13: =IF((C13+D13)>0, 1, 0) -> 0 | F13: =TEXT(B13, "dddd") -> Tuesday | H13: 1 | I13: =IF(J13>J12, IF(H13<>H12,1, I12+1),I12) -> 2 | J13: =_xlfn.ISOWEEKNUM(B13) -> 35
A14: 13 | B14: 44804 | C14: =IF(OR(WEEKDAY(B14) = 7, WEEKDAY(B14) = 1), 1, 0) -> 0 | D14: 0 | E14: =IF((C14+D14)>0, 1, 0) -> 0 | F14: =TEXT(B14, "dddd") -> Wednesday | H14: 1 | I14: =IF(J14>J13, IF(H14<>H13,1, I13+1),I13) -> 2 | J14: =_xlfn.ISOWEEKNUM(B14) -> 35
A15: 14 | B15: 44805 | C15: =IF(OR(WEEKDAY(B15) = 7, WEEKDAY(B15) = 1), 1, 0) -> 0 | D15: 0 | E15: =IF((C15+D15)>0, 1, 0) -> 0 | F15: =TEXT(B15, "dddd") -> Thursday | H15: 1 | I15: =IF(J15>J14, IF(H15<>H14,1, I14+1),I14) -> 2 | J15: =_xlfn.ISOWEEKNUM(B15) -> 35
A16: 15 | B16: 44806 | C16: =IF(OR(WEEKDAY(B16) = 7, WEEKDAY(B16) = 1), 1, 0) -> 0 | D16: 0 | E16: =IF((C16+D16)>0, 1, 0) -> 0 | F16: =TEXT(B16, "dddd") -> Friday | H16: 1 | I16: =IF(J16>J15, IF(H16<>H15,1, I15+1),I15) -> 2 | J16: =_xlfn.ISOWEEKNUM(B16) -> 35
... A67: 66 | B67: 44857 | C67: =IF(OR(WEEKDAY(B67) = 7, WEEKDAY(B67) = 1), 1, 0) -> 1 | D67: 0 | E67: =IF((C67+D67)>0, 1, 0) -> 1 | F67: =TEXT(B67, "dddd") -> Sunday | H67: 1 | I67: =IF(J67>J66, IF(H67<>H66,1, I66+1),I66) -> 9 | J67: =_xlfn.ISOWEEKNUM(B67) -> 42
A68: 67 | B68: 44858 | C68: =IF(OR(WEEKDAY(B68) = 7, WEEKDAY(B68) = 1), 1, 0) -> 0 | D68: 1 | E68: =IF((C68+D68)>0, 1, 0) -> 1 | F68: =TEXT(B68, "dddd") -> Monday | G68: Najaarsvakantie | H68: 1 | I68: =IF(J68>J67, IF(H68<>H67,1, I67+1),I67) -> 10 | J68: =_xlfn.ISOWEEKNUM(B68) -> 43
A69: 68 | B69: 44859 | C69: =IF(OR(WEEKDAY(B69) = 7, WEEKDAY(B69) = 1), 1, 0) -> 0 | D69: 1 | E69: =IF((C69+D69)>0, 1, 0) -> 1 | F69: =TEXT(B69, "dddd") -> Tuesday | G69: Najaarsvakantie | H69: 1 | I69: =IF(J69>J68, IF(H69<>H68,1, I68+1),I68) -> 10 | J69: =_xlfn.ISOWEEKNUM(B69) -> 43
A70: 69 | B70: 44860 | C70: =IF(OR(WEEKDAY(B70) = 7, WEEKDAY(B70) = 1), 1, 0) -> 0 | D70: 1 | E70: =IF((C70+D70)>0, 1, 0) -> 1 | F70: =TEXT(B70, "dddd") -> Wednesday | G70: Najaarsvakantie | H70: 1 | I70: =IF(J70>J69, IF(H70<>H69,1, I69+1),I69) -> 10 | J70: =_xlfn.ISOWEEKNUM(B70) -> 43
A71: 70 | B71: 44861 | C71: =IF(OR(WEEKDAY(B71) = 7, WEEKDAY(B71) = 1), 1, 0) -> 0 | D71: 1 | E71: =IF((C71+D71)>0, 1, 0) -> 1 | F71: =TEXT(B71, "dddd") -> Thursday | G71: Najaarsvakantie | H71: 1 | I71: =IF(J71>J70, IF(H71<>H70,1, I70+1),I70) -> 10 | J71: =_xlfn.ISOWEEKNUM(B71) -> 43
A72: 71 | B72: 44862 | C72: =IF(OR(WEEKDAY(B72) = 7, WEEKDAY(B72) = 1), 1, 0) -> 0 | D72: 1 | E72: =IF((C72+D72)>0, 1, 0) -> 1 | F72: =TEXT(B72, "dddd") -> Friday | G72: Najaarsvakantie | H72: 1 | I72: =IF(J72>J71, IF(H72<>H71,1, I71+1),I71) -> 10 | J72: =_xlfn.ISOWEEKNUM(B72) -> 43
A73: 72 | B73: 44863 | C73: =IF(OR(WEEKDAY(B73) = 7, WEEKDAY(B73) = 1), 1, 0) -> 1 | D73: 1 | E73: =IF((C73+D73)>0, 1, 0) -> 1 | F73: =TEXT(B73, "dddd") -> Saturday | G73: Najaarsvakantie | H73: 1 | I73: =IF(J73>J72, IF(H73<>H72,1, I72+1),I72) -> 10 | J73: =_xlfn.ISOWEEKNUM(B73) -> 43
A74: 73 | B74: 44864 | C74: =IF(OR(WEEKDAY(B74) = 7, WEEKDAY(B74) = 1), 1, 0) -> 1 | D74: 1 | E74: =IF((C74+D74)>0, 1, 0) -> 1 | F74: =TEXT(B74, "dddd") -> Sunday | G74: Najaarsvakantie | H74: 1 | I74: =IF(J74>J73, IF(H74<>H73,1, I73+1),I73) -> 10 | J74: =_xlfn.ISOWEEKNUM(B74) -> 43
A75: 74 | B75: 44865 | C75: =IF(OR(WEEKDAY(B75) = 7, WEEKDAY(B75) = 1), 1, 0) -> 0 | D75: 1 | E75: =IF((C75+D75)>0, 1, 0) -> 1 | F75: =TEXT(B75, "dddd") -> Monday | G75: Studiedag | H75: 2 | I75: =IF(J75>J74, IF(H75<>H74,1, I74+1),I74) -> 1 | J75: =_xlfn.ISOWEEKNUM(B75) -> 44
A76: 75 | B76: 44866 | C76: =IF(OR(WEEKDAY(B76) = 7, WEEKDAY(B76) = 1), 1, 0) -> 0 | D76: 0 | E76: =IF((C76+D76)>0, 1, 0) -> 0 | F76: =TEXT(B76, "dddd") -> Tuesday | H76: 2 | I76: =IF(J76>J75, IF(H76<>H75,1, I75+1),I75) -> 1 | J76: =_xlfn.ISOWEEKNUM(B76) -> 44
A77: 76 | B77: 44867 | C77: =IF(OR(WEEKDAY(B77) = 7, WEEKDAY(B77) = 1), 1, 0) -> 0 | D77: 0 | E77: =IF((C77+D77)>0, 1, 0) -> 0 | F77: =TEXT(B77, "dddd") -> Wednesday | H77: 2 | I77: =IF(J77>J76, IF(H77<>H76,1, I76+1),I76) -> 1 | J77: =_xlfn.ISOWEEKNUM(B77) -> 44
A78: 77 | B78: 44868 | C78: =IF(OR(WEEKDAY(B78) = 7, WEEKDAY(B78) = 1), 1, 0) -> 0 | D78: 0 | E78: =IF((C78+D78)>0, 1, 0) -> 0 | F78: =TEXT(B78, "dddd") -> Thursday | H78: 2 | I78: =IF(J78>J77, IF(H78<>H77,1, I77+1),I77) -> 1 | J78: =_xlfn.ISOWEEKNUM(B78) -> 44
A79: 78 | B79: 44869 | C79: =IF(OR(WEEKDAY(B79) = 7, WEEKDAY(B79) = 1), 1, 0) -> 0 | D79: 0 | E79: =IF((C79+D79)>0, 1, 0) -> 0 | F79: =TEXT(B79, "dddd") -> Friday | H79: 2 | I79: =IF(J79>J78, IF(H79<>H78,1, I78+1),I78) -> 1 | J79: =_xlfn.ISOWEEKNUM(B79) -> 44
A80: 79 | B80: 44870 | C80: =IF(OR(WEEKDAY(B80) = 7, WEEKDAY(B80) = 1), 1, 0) -> 1 | D80: 0 | E80: =IF((C80+D80)>0, 1, 0) -> 1 | F80: =TEXT(B80, "dddd") -> Saturday | H80: 2 | I80: =IF(J80>J79, IF(H80<>H79,1, I79+1),I79) -> 1 | J80: =_xlfn.ISOWEEKNUM(B80) -> 44
A81: 80 | B81: 44871 | C81: =IF(OR(WEEKDAY(B81) = 7, WEEKDAY(B81) = 1), 1, 0) -> 1 | D81: 0 | E81: =IF((C81+D81)>0, 1, 0) -> 1 | F81: =TEXT(B81, "dddd") -> Sunday | H81: 2 | I81: =IF(J81>J80, IF(H81<>H80,1, I80+1),I80) -> 1 | J81: =_xlfn.ISOWEEKNUM(B81) -> 44
A82: 81 | B82: 44872 | C82: =IF(OR(WEEKDAY(B82) = 7, WEEKDAY(B82) = 1), 1, 0) -> 0 | D82: 0 | E82: =IF((C82+D82)>0, 1, 0) -> 0 | F82: =TEXT(B82, "dddd") -> Monday | H82: 2 | I82: =IF(J82>J81, IF(H82<>H81,1, I81+1),I81) -> 2 | J82: =_xlfn.ISOWEEKNUM(B82) -> 45
A83: 82 | B83: 44873 | C83: =IF(OR(WEEKDAY(B83) = 7, WEEKDAY(B83) = 1), 1, 0) -> 0 | D83: 0 | E83: =IF((C83+D83)>0, 1, 0) -> 0 | F83: =TEXT(B83, "dddd") -> Tuesday | H83: 2 | I83: =IF(J83>J82, IF(H83<>H82,1, I82+1),I82) -> 2 | J83: =_xlfn.ISOWEEKNUM(B83) -> 45
A84: 83 | B84: 44874 | C84: =IF(OR(WEEKDAY(B84) = 7, WEEKDAY(B84) = 1), 1, 0) -> 0 | D84: 0 | E84: =IF((C84+D84)>0, 1, 0) -> 0 | F84: =TEXT(B84, "dddd") -> Wednesday | H84: 2 | I84: =IF(J84>J83, IF(H84<>H83,1, I83+1),I83) -> 2 | J84: =_xlfn.ISOWEEKNUM(B84) -> 45
A85: 84 | B85: 44875 | C85: =IF(OR(WEEKDAY(B85) = 7, WEEKDAY(B85) = 1), 1, 0) -> 0 | D85: 0 | E85: =IF((C85+D85)>0, 1, 0) -> 0 | F85: =TEXT(B85, "dddd") -> Thursday | H85: 2 | I85: =IF(J85>J84, IF(H85<>H84,1, I84+1),I84) -> 2 | J85: =_xlfn.ISOWEEKNUM(B85) -> 45
A86: 85 | B86: 44876 | C86: =IF(OR(WEEKDAY(B86) = 7, WEEKDAY(B86) = 1), 1, 0) -> 0 | D86: 0 | E86: =IF((C86+D86)>0, 1, 0) -> 0 | F86: =TEXT(B86, "dddd") -> Friday | H86: 2 | I86: =IF(J86>J85, IF(H86<>H85,1, I85+1),I85) -> 2 | J86: =_xlfn.ISOWEEKNUM(B86) -> 45
A87: 86 | B87: 44877 | C87: =IF(OR(WEEKDAY(B87) = 7, WEEKDAY(B87) = 1), 1, 0) -> 1 | D87: 0 | E87: =IF((C87+D87)>0, 1, 0) -> 1 | F87: =TEXT(B87, "dddd") -> Saturday | H87: 2 | I87: =IF(J87>J86, IF(H87<>H86,1, I86+1),I86) -> 2 | J87: =_xlfn.ISOWEEKNUM(B87) -> 45
... A129: 128 | B129: 44919 | C129: =IF(OR(WEEKDAY(B129) = 7, WEEKDAY(B129) = 1), 1, 0) -> 1 | D129: 0 | E129: =IF((C129+D129)>0, 1, 0) -> 1 | F129: =TEXT(B129, "dddd") -> Saturday | H129: 2 | I129: =IF(J129>J128, IF(H129<>H128,1, I128+1),I128) -> 8 | J129: =_xlfn.ISOWEEKNUM(B129) -> 51
A130: 129 | B130: 44920 | C130: =IF(OR(WEEKDAY(B130) = 7, WEEKDAY(B130) = 1), 1, 0) -> 1 | D130: 1 | E130: =IF((C130+D130)>0, 1, 0) -> 1 | F130: =TEXT(B130, "dddd") -> Sunday | G130: Kerstvakantie | H130: 2 | I130: =IF(J130>J129, IF(H130<>H129,1, I129+1),I129) -> 8 | J130: =_xlfn.ISOWEEKNUM(B130) -> 51
A131: 130 | B131: 44921 | C131: =IF(OR(WEEKDAY(B131) = 7, WEEKDAY(B131) = 1), 1, 0) -> 0 | D131: 1 | E131: =IF((C131+D131)>0, 1, 0) -> 1 | F131: =TEXT(B131, "dddd") -> Monday | G131: Kerstvakantie | H131: 2 | I131: =IF(J131>J130, IF(H131<>H130,1, I130+1),I130) -> 9 | J131: =_xlfn.ISOWEEKNUM(B131) -> 52
A132: 131 | B132: 44922 | C132: =IF(OR(WEEKDAY(B132) = 7, WEEKDAY(B132) = 1), 1, 0) -> 0 | D132: 1 | E132: =IF((C132+D132)>0, 1, 0) -> 1 | F132: =TEXT(B132, "dddd") -> Tuesday | G132: Kerstvakantie | H132: 2 | I132: =IF(J132>J131, IF(H132<>H131,1, I131+1),I131) -> 9 | J132: =_xlfn.ISOWEEKNUM(B132) -> 52
A133: 132 | B133: 44923 | C133: =IF(OR(WEEKDAY(B133) = 7, WEEKDAY(B133) = 1), 1, 0) -> 0 | D133: 1 | E133: =IF((C133+D133)>0, 1, 0) -> 1 | F133: =TEXT(B133, "dddd") -> Wednesday | G133: Kerstvakantie | H133: 2 | I133: =IF(J133>J132, IF(H133<>H132,1, I132+1),I132) -> 9 | J133: =_xlfn.ISOWEEKNUM(B133) -> 52
A134: 133 | B134: 44924 | C134: =IF(OR(WEEKDAY(B134) = 7, WEEKDAY(B134) = 1), 1, 0) -> 0 | D134: 1 | E134: =IF((C134+D134)>0, 1, 0) -> 1 | F134: =TEXT(B134, "dddd") -> Thursday | G134: Kerstvakantie | H134: 2 | I134: =IF(J134>J133, IF(H134<>H133,1, I133+1),I133) -> 9 | J134: =_xlfn.ISOWEEKNUM(B134) -> 52
A135: 134 | B135: 44925 | C135: =IF(OR(WEEKDAY(B135) = 7, WEEKDAY(B135) = 1), 1, 0) -> 0 | D135: 1 | E135: =IF((C135+D135)>0, 1, 0) -> 1 | F135: =TEXT(B135, "dddd") -> Friday | G135: Kerstvakantie | H135: 2 | I135: =IF(J135>J134, IF(H135<>H134,1, I134+1),I134) -> 9 | J135: =_xlfn.ISOWEEKNUM(B135) -> 52
A136: 135 | B136: 44926 | C136: =IF(OR(WEEKDAY(B136) = 7, WEEKDAY(B136) = 1), 1, 0) -> 1 | D136: 1 | E136: =IF((C136+D136)>0, 1, 0) -> 1 | F136: =TEXT(B136, "dddd") -> Saturday | G136: Kerstvakantie | H136: 2 | I136: =IF(J136>J135, IF(H136<>H135,1, I135+1),I135) -> 9 | J136: =_xlfn.ISOWEEKNUM(B136) -> 52
A137: 136 | B137: 44927 | C137: =IF(OR(WEEKDAY(B137) = 7, WEEKDAY(B137) = 1), 1, 0) -> 1 | D137: 1 | E137: =IF((C137+D137)>0, 1, 0) -> 1 | F137: =TEXT(B137, "dddd") -> Sunday | G137: Kerstvakantie | H137: 2 | I137: =IF(J137>J136, IF(H137<>H136,1, I136+1),I136) -> 9 | J137: =_xlfn.ISOWEEKNUM(B137) -> 52
A138: 137 | B138: 44928 | C138: =IF(OR(WEEKDAY(B138) = 7, WEEKDAY(B138) = 1), 1, 0) -> 0 | D138: 1 | E138: =IF((C138+D138)>0, 1, 0) -> 1 | F138: =TEXT(B138, "dddd") -> Monday | G138: Kerstvakantie | H138: 2 | I138: =IF(J138>J137, IF(H138<>H137,1, I137+1),I137) -> 9 | J138: =_xlfn.ISOWEEKNUM(B138) -> 1
A139: 138 | B139: 44929 | C139: =IF(OR(WEEKDAY(B139) = 7, WEEKDAY(B139) = 1), 1, 0) -> 0 | D139: 1 | E139: =IF((C139+D139)>0, 1, 0) -> 1 | F139: =TEXT(B139, "dddd") -> Tuesday | G139: Kerstvakantie | H139: 2 | I139: =IF(J139>J138, IF(H139<>H138,1, I138+1),I138) -> 9 | J139: =_xlfn.ISOWEEKNUM(B139) -> 1
A140: 139 | B140: 44930 | C140: =IF(OR(WEEKDAY(B140) = 7, WEEKDAY(B140) = 1), 1, 0) -> 0 | D140: 1 | E140: =IF((C140+D140)>0, 1, 0) -> 1 | F140: =TEXT(B140, "dddd") -> Wednesday | G140: Kerstvakantie | H140: 2 | I140: =IF(J140>J139, IF(H140<>H139,1, I139+1),I139) -> 9 | J140: =_xlfn.ISOWEEKNUM(B140) -> 1
A141: 140 | B141: 44931 | C141: =IF(OR(WEEKDAY(B141) = 7, WEEKDAY(B141) = 1), 1, 0) -> 0 | D141: 1 | E141: =IF((C141+D141)>0, 1, 0) -> 1 | F141: =TEXT(B141, "dddd") -> Thursday | G141: Kerstvakantie | H141: 2 | I141: =IF(J141>J140, IF(H141<>H140,1, I140+1),I140) -> 9 | J141: =_xlfn.ISOWEEKNUM(B141) -> 1
... A145: 144 | B145: 44935 | C145: =IF(OR(WEEKDAY(B145) = 7, WEEKDAY(B145) = 1), 1, 0) -> 0 | D145: 1 | E145: =IF((C145+D145)>0, 1, 0) -> 1 | F145: =TEXT(B145, "dddd") -> Monday | G145: Studiedag | H145: 3 | I145: =IF(J145>J144, IF(H145<>H144,1, I144+1),I144) -> 1 | J145: =_xlfn.ISOWEEKNUM(B145) -> 2
A146: 145 | B146: 44936 | C146: =IF(OR(WEEKDAY(B146) = 7, WEEKDAY(B146) = 1), 1, 0) -> 0 | D146: 0 | E146: =IF((C146+D146)>0, 1, 0) -> 0 | F146: =TEXT(B146, "dddd") -> Tuesday | H146: 3 | I146: =IF(J146>J145, IF(H146<>H145,1, I145+1),I145) -> 1 | J146: =_xlfn.ISOWEEKNUM(B146) -> 2
A147: 146 | B147: 44937 | C147: =IF(OR(WEEKDAY(B147) = 7, WEEKDAY(B147) = 1), 1, 0) -> 0 | D147: 0 | E147: =IF((C147+D147)>0, 1, 0) -> 0 | F147: =TEXT(B147, "dddd") -> Wednesday | H147: 3 | I147: =IF(J147>J146, IF(H147<>H146,1, I146+1),I146) -> 1 | J147: =_xlfn.ISOWEEKNUM(B147) -> 2
A148: 147 | B148: 44938 | C148: =IF(OR(WEEKDAY(B148) = 7, WEEKDAY(B148) = 1), 1, 0) -> 0 | D148: 0 | E148: =IF((C148+D148)>0, 1, 0) -> 0 | F148: =TEXT(B148, "dddd") -> Thursday | H148: 3 | I148: =IF(J148>J147, IF(H148<>H147,1, I147+1),I147) -> 1 | J148: =_xlfn.ISOWEEKNUM(B148) -> 2
A149: 148 | B149: 44939 | C149: =IF(OR(WEEKDAY(B149) = 7, WEEKDAY(B149) = 1), 1, 0) -> 0 | D149: 0 | E149: =IF((C149+D149)>0, 1, 0) -> 0 | F149: =TEXT(B149, "dddd") -> Friday | H149: 3 | I149: =IF(J149>J148, IF(H149<>H148,1, I148+1),I148) -> 1 | J149: =_xlfn.ISOWEEKNUM(B149) -> 2
A150: 149 | B150: 44940 | C150: =IF(OR(WEEKDAY(B150) = 7, WEEKDAY(B150) = 1), 1, 0) -> 1 | D150: 0 | E150: =IF((C150+D150)>0, 1, 0) -> 1 | F150: =TEXT(B150, "dddd") -> Saturday | H150: 3 | I150: =IF(J150>J149, IF(H150<>H149,1, I149+1),I149) -> 1 | J150: =_xlfn.ISOWEEKNUM(B150) -> 2
A151: 150 | B151: 44941 | C151: =IF(OR(WEEKDAY(B151) = 7, WEEKDAY(B151) = 1), 1, 0) -> 1 | D151: 0 | E151: =IF((C151+D151)>0, 1, 0) -> 1 | F151: =TEXT(B151, "dddd") -> Sunday | H151: 3 | I151: =IF(J151>J150, IF(H151<>H150,1, I150+1),I150) -> 1 | J151: =_xlfn.ISOWEEKNUM(B151) -> 2
A152: 151 | B152: 44942 | C152: =IF(OR(WEEKDAY(B152) = 7, WEEKDAY(B152) = 1), 1, 0) -> 0 | D152: 0 | E152: =IF((C152+D152)>0, 1, 0) -> 0 | F152: =TEXT(B152, "dddd") -> Monday | H152: 3 | I152: =IF(J152>J151, IF(H152<>H151,1, I151+1),I151) -> 2 | J152: =_xlfn.ISOWEEKNUM(B152) -> 3
A153: 152 | B153: 44943 | C153: =IF(OR(WEEKDAY(B153) = 7, WEEKDAY(B153) = 1), 1, 0) -> 0 | D153: 0 | E153: =IF((C153+D153)>0, 1, 0) -> 0 | F153: =TEXT(B153, "dddd") -> Tuesday | H153: 3 | I153: =IF(J153>J152, IF(H153<>H152,1, I152+1),I152) -> 2 | J153: =_xlfn.ISOWEEKNUM(B153) -> 3
A154: 153 | B154: 44944 | C154: =IF(OR(WEEKDAY(B154) = 7, WEEKDAY(B154) = 1), 1, 0) -> 0 | D154: 0 | E154: =IF((C154+D154)>0, 1, 0) -> 0 | F154: =TEXT(B154, "dddd") -> Wednesday | H154: 3 | I154: =IF(J154>J153, IF(H154<>H153,1, I153+1),I153) -> 2 | J154: =_xlfn.ISOWEEKNUM(B154) -> 3
A155: 154 | B155: 44945 | C155: =IF(OR(WEEKDAY(B155) = 7, WEEKDAY(B155) = 1), 1, 0) -> 0 | D155: 0 | E155: =IF((C155+D155)>0, 1, 0) -> 0 | F155: =TEXT(B155, "dddd") -> Thursday | H155: 3 | I155: =IF(J155>J154, IF(H155<>H154,1, I154+1),I154) -> 2 | J155: =_xlfn.ISOWEEKNUM(B155) -> 3
A156: 155 | B156: 44946 | C156: =IF(OR(WEEKDAY(B156) = 7, WEEKDAY(B156) = 1), 1, 0) -> 0 | D156: 0 | E156: =IF((C156+D156)>0, 1, 0) -> 0 | F156: =TEXT(B156, "dddd") -> Friday | H156: 3 | I156: =IF(J156>J155, IF(H156<>H155,1, I155+1),I155) -> 2 | J156: =_xlfn.ISOWEEKNUM(B156) -> 3
A157: 156 | B157: 44947 | C157: =IF(OR(WEEKDAY(B157) = 7, WEEKDAY(B157) = 1), 1, 0) -> 1 | D157: 0 | E157: =IF((C157+D157)>0, 1, 0) -> 1 | F157: =TEXT(B157, "dddd") -> Saturday | H157: 3 | I157: =IF(J157>J156, IF(H157<>H156,1, I156+1),I156) -> 2 | J157: =_xlfn.ISOWEEKNUM(B157) -> 3
... A193: 192 | B193: 44983 | C193: =IF(OR(WEEKDAY(B193) = 7, WEEKDAY(B193) = 1), 1, 0) -> 1 | D193: 0 | E193: =IF((C193+D193)>0, 1, 0) -> 1 | F193: =TEXT(B193, "dddd") -> Sunday | H193: 3 | I193: =IF(J193>J192, IF(H193<>H192,1, I192+1),I192) -> 7 | J193: =_xlfn.ISOWEEKNUM(B193) -> 8
A194: 193 | B194: 44984 | C194: =IF(OR(WEEKDAY(B194) = 7, WEEKDAY(B194) = 1), 1, 0) -> 0 | D194: 1 | E194: =IF((C194+D194)>0, 1, 0) -> 1 | F194: =TEXT(B194, "dddd") -> Monday | G194: Voorjaarsvakantie | H194: 3 | I194: =IF(J194>J193, IF(H194<>H193,1, I193+1),I193) -> 8 | J194: =_xlfn.ISOWEEKNUM(B194) -> 9
A195: 194 | B195: 44985 | C195: =IF(OR(WEEKDAY(B195) = 7, WEEKDAY(B195) = 1), 1, 0) -> 0 | D195: 1 | E195: =IF((C195+D195)>0, 1, 0) -> 1 | F195: =TEXT(B195, "dddd") -> Tuesday | G195: Voorjaarsvakantie | H195: 3 | I195: =IF(J195>J194, IF(H195<>H194,1, I194+1),I194) -> 8 | J195: =_xlfn.ISOWEEKNUM(B195) -> 9
A196: 195 | B196: 44986 | C196: =IF(OR(WEEKDAY(B196) = 7, WEEKDAY(B196) = 1), 1, 0) -> 0 | D196: 1 | E196: =IF((C196+D196)>0, 1, 0) -> 1 | F196: =TEXT(B196, "dddd") -> Wednesday | G196: Voorjaarsvakantie | H196: 3 | I196: =IF(J196>J195, IF(H196<>H195,1, I195+1),I195) -> 8 | J196: =_xlfn.ISOWEEKNUM(B196) -> 9
A197: 196 | B197: 44987 | C197: =IF(OR(WEEKDAY(B197) = 7, WEEKDAY(B197) = 1), 1, 0) -> 0 | D197: 1 | E197: =IF((C197+D197)>0, 1, 0) -> 1 | F197: =TEXT(B197, "dddd") -> Thursday | G197: Voorjaarsvakantie | H197: 3 | I197: =IF(J197>J196, IF(H197<>H196,1, I196+1),I196) -> 8 | J197: =_xlfn.ISOWEEKNUM(B197) -> 9
A198: 197 | B198: 44988 | C198: =IF(OR(WEEKDAY(B198) = 7, WEEKDAY(B198) = 1), 1, 0) -> 0 | D198: 1 | E198: =IF((C198+D198)>0, 1, 0) -> 1 | F198: =TEXT(B198, "dddd") -> Friday | G198: Voorjaarsvakantie | H198: 3 | I198: =IF(J198>J197, IF(H198<>H197,1, I197+1),I197) -> 8 | J198: =_xlfn.ISOWEEKNUM(B198) -> 9
A199: 198 | B199: 44989 | C199: =IF(OR(WEEKDAY(B199) = 7, WEEKDAY(B199) = 1), 1, 0) -> 1 | D199: 1 | E199: =IF((C199+D199)>0, 1, 0) -> 1 | F199: =TEXT(B199, "dddd") -> Saturday | G199: Voorjaarsvakantie | H199: 3 | I199: =IF(J199>J198, IF(H199<>H198,1, I198+1),I198) -> 8 | J199: =_xlfn.ISOWEEKNUM(B199) -> 9
A200: 199 | B200: 44990 | C200: =IF(OR(WEEKDAY(B200) = 7, WEEKDAY(B200) = 1), 1, 0) -> 1 | D200: 1 | E200: =IF((C200+D200)>0, 1, 0) -> 1 | F200: =TEXT(B200, "dddd") -> Sunday | G200: Voorjaarsvakantie | H200: 3 | I200: =IF(J200>J199, IF(H200<>H199,1, I199+1),I199) -> 8 | J200: =_xlfn.ISOWEEKNUM(B200) -> 9
A201: 200 | B201: 44991 | C201: =IF(OR(WEEKDAY(B201) = 7, WEEKDAY(B201) = 1), 1, 0) -> 0 | D201: 1 | E201: =IF((C201+D201)>0, 1, 0) -> 1 | F201: =TEXT(B201, "dddd") -> Monday | G201: Studiedag | H201: 4 | I201: =IF(J201>J200, IF(H201<>H200,1, I200+1),I200) -> 1 | J201: =_xlfn.ISOWEEKNUM(B201) -> 10
A202: 201 | B202: 44992 | C202: =IF(OR(WEEKDAY(B202) = 7, WEEKDAY(B202) = 1), 1, 0) -> 0 | D202: 0 | E202: =IF((C202+D202)>0, 1, 0) -> 0 | F202: =TEXT(B202, "dddd") -> Tuesday | H202: 4 | I202: =IF(J202>J201, IF(H202<>H201,1, I201+1),I201) -> 1 | J202: =_xlfn.ISOWEEKNUM(B202) -> 10
A203: 202 | B203: 44993 | C203: =IF(OR(WEEKDAY(B203) = 7, WEEKDAY(B203) = 1), 1, 0) -> 0 | D203: 0 | E203: =IF((C203+D203)>0, 1, 0) -> 0 | F203: =TEXT(B203, "dddd") -> Wednesday | H203: 4 | I203: =IF(J203>J202, IF(H203<>H202,1, I202+1),I202) -> 1 | J203: =_xlfn.ISOWEEKNUM(B203) -> 10
A204: 203 | B204: 44994 | C204: =IF(OR(WEEKDAY(B204) = 7, WEEKDAY(B204) = 1), 1, 0) -> 0 | D204: 0 | E204: =IF((C204+D204)>0, 1, 0) -> 0 | F204: =TEXT(B204, "dddd") -> Thursday | H204: 4 | I204: =IF(J204>J203, IF(H204<>H203,1, I203+1),I203) -> 1 | J204: =_xlfn.ISOWEEKNUM(B204) -> 10
A205: 204 | B205: 44995 | C205: =IF(OR(WEEKDAY(B205) = 7, WEEKDAY(B205) = 1), 1, 0) -> 0 | D205: 0 | E205: =IF((C205+D205)>0, 1, 0) -> 0 | F205: =TEXT(B205, "dddd") -> Friday | H205: 4 | I205: =IF(J205>J204, IF(H205<>H204,1, I204+1),I204) -> 1 | J205: =_xlfn.ISOWEEKNUM(B205) -> 10
A206: 205 | B206: 44996 | C206: =IF(OR(WEEKDAY(B206) = 7, WEEKDAY(B206) = 1), 1, 0) -> 1 | D206: 0 | E206: =IF((C206+D206)>0, 1, 0) -> 1 | F206: =TEXT(B206, "dddd") -> Saturday | H206: 4 | I206: =IF(J206>J205, IF(H206<>H205,1, I205+1),I205) -> 1 | J206: =_xlfn.ISOWEEKNUM(B206) -> 10
A207: 206 | B207: 44997 | C207: =IF(OR(WEEKDAY(B207) = 7, WEEKDAY(B207) = 1), 1, 0) -> 1 | D207: 0 | E207: =IF((C207+D207)>0, 1, 0) -> 1 | F207: =TEXT(B207, "dddd") -> Sunday | H207: 4 | I207: =IF(J207>J206, IF(H207<>H206,1, I206+1),I206) -> 1 | J207: =_xlfn.ISOWEEKNUM(B207) -> 10
A208: 207 | B208: 44998 | C208: =IF(OR(WEEKDAY(B208) = 7, WEEKDAY(B208) = 1), 1, 0) -> 0 | D208: 0 | E208: =IF((C208+D208)>0, 1, 0) -> 0 | F208: =TEXT(B208, "dddd") -> Monday | H208: 4 | I208: =IF(J208>J207, IF(H208<>H207,1, I207+1),I207) -> 2 | J208: =_xlfn.ISOWEEKNUM(B208) -> 11
A209: 208 | B209: 44999 | C209: =IF(OR(WEEKDAY(B209) = 7, WEEKDAY(B209) = 1), 1, 0) -> 0 | D209: 0 | E209: =IF((C209+D209)>0, 1, 0) -> 0 | F209: =TEXT(B209, "dddd") -> Tuesday | H209: 4 | I209: =IF(J209>J208, IF(H209<>H208,1, I208+1),I208) -> 2 | J209: =_xlfn.ISOWEEKNUM(B209) -> 11
A210: 209 | B210: 45000 | C210: =IF(OR(WEEKDAY(B210) = 7, WEEKDAY(B210) = 1), 1, 0) -> 0 | D210: 0 | E210: =IF((C210+D210)>0, 1, 0) -> 0 | F210: =TEXT(B210, "dddd") -> Wednesday | H210: 4 | I210: =IF(J210>J209, IF(H210<>H209,1, I209+1),I209) -> 2 | J210: =_xlfn.ISOWEEKNUM(B210) -> 11
A211: 210 | B211: 45001 | C211: =IF(OR(WEEKDAY(B211) = 7, WEEKDAY(B211) = 1), 1, 0) -> 0 | D211: 0 | E211: =IF((C211+D211)>0, 1, 0) -> 0 | F211: =TEXT(B211, "dddd") -> Thursday | H211: 4 | I211: =IF(J211>J210, IF(H211<>H210,1, I210+1),I210) -> 2 | J211: =_xlfn.ISOWEEKNUM(B211) -> 11
A212: 211 | B212: 45002 | C212: =IF(OR(WEEKDAY(B212) = 7, WEEKDAY(B212) = 1), 1, 0) -> 0 | D212: 0 | E212: =IF((C212+D212)>0, 1, 0) -> 0 | F212: =TEXT(B212, "dddd") -> Friday | H212: 4 | I212: =IF(J212>J211, IF(H212<>H211,1, I211+1),I211) -> 2 | J212: =_xlfn.ISOWEEKNUM(B212) -> 11
A213: 212 | B213: 45003 | C213: =IF(OR(WEEKDAY(B213) = 7, WEEKDAY(B213) = 1), 1, 0) -> 1 | D213: 0 | E213: =IF((C213+D213)>0, 1, 0) -> 1 | F213: =TEXT(B213, "dddd") -> Saturday | H213: 4 | I213: =IF(J213>J212, IF(H213<>H212,1, I212+1),I212) -> 2 | J213: =_xlfn.ISOWEEKNUM(B213) -> 11
... A254: 253 | B254: 45044 | C254: =IF(OR(WEEKDAY(B254) = 7, WEEKDAY(B254) = 1), 1, 0) -> 0 | D254: 0 | E254: =IF((C254+D254)>0, 1, 0) -> 0 | F254: =TEXT(B254, "dddd") -> Friday | H254: 4 | I254: =IF(J254>J253, IF(H254<>H253,1, I253+1),I253) -> 8 | J254: =_xlfn.ISOWEEKNUM(B254) -> 17
A255: 254 | B255: 45045 | C255: =IF(OR(WEEKDAY(B255) = 7, WEEKDAY(B255) = 1), 1, 0) -> 1 | D255: 1 | E255: =IF((C255+D255)>0, 1, 0) -> 1 | F255: =TEXT(B255, "dddd") -> Saturday | G255: Meivakantie | H255: 4 | I255: =IF(J255>J254, IF(H255<>H254,1, I254+1),I254) -> 8 | J255: =_xlfn.ISOWEEKNUM(B255) -> 17
A256: 255 | B256: 45046 | C256: =IF(OR(WEEKDAY(B256) = 7, WEEKDAY(B256) = 1), 1, 0) -> 1 | D256: 1 | E256: =IF((C256+D256)>0, 1, 0) -> 1 | F256: =TEXT(B256, "dddd") -> Sunday | G256: Meivakantie | H256: 4 | I256: =IF(J256>J255, IF(H256<>H255,1, I255+1),I255) -> 8 | J256: =_xlfn.ISOWEEKNUM(B256) -> 17
A257: 256 | B257: 45047 | C257: =IF(OR(WEEKDAY(B257) = 7, WEEKDAY(B257) = 1), 1, 0) -> 0 | D257: 1 | E257: =IF((C257+D257)>0, 1, 0) -> 1 | F257: =TEXT(B257, "dddd") -> Monday | G257: Meivakantie | H257: 4 | I257: =IF(J257>J256, IF(H257<>H256,1, I256+1),I256) -> 9 | J257: =_xlfn.ISOWEEKNUM(B257) -> 18
A258: 257 | B258: 45048 | C258: =IF(OR(WEEKDAY(B258) = 7, WEEKDAY(B258) = 1), 1, 0) -> 0 | D258: 1 | E258: =IF((C258+D258)>0, 1, 0) -> 1 | F258: =TEXT(B258, "dddd") -> Tuesday | G258: Meivakantie | H258: 4 | I258: =IF(J258>J257, IF(H258<>H257,1, I257+1),I257) -> 9 | J258: =_xlfn.ISOWEEKNUM(B258) -> 18
A259: 258 | B259: 45049 | C259: =IF(OR(WEEKDAY(B259) = 7, WEEKDAY(B259) = 1), 1, 0) -> 0 | D259: 1 | E259: =IF((C259+D259)>0, 1, 0) -> 1 | F259: =TEXT(B259, "dddd") -> Wednesday | G259: Meivakantie | H259: 4 | I259: =IF(J259>J258, IF(H259<>H258,1, I258+1),I258) -> 9 | J259: =_xlfn.ISOWEEKNUM(B259) -> 18
A260: 259 | B260: 45050 | C260: =IF(OR(WEEKDAY(B260) = 7, WEEKDAY(B260) = 1), 1, 0) -> 0 | D260: 1 | E260: =IF((C260+D260)>0, 1, 0) -> 1 | F260: =TEXT(B260, "dddd") -> Thursday | G260: Meivakantie | H260: 4 | I260: =IF(J260>J259, IF(H260<>H259,1, I259+1),I259) -> 9 | J260: =_xlfn.ISOWEEKNUM(B260) -> 18
A261: 260 | B261: 45051 | C261: =IF(OR(WEEKDAY(B261) = 7, WEEKDAY(B261) = 1), 1, 0) -> 0 | D261: 1 | E261: =IF((C261+D261)>0, 1, 0) -> 1 | F261: =TEXT(B261, "dddd") -> Friday | G261: Meivakantie | H261: 4 | I261: =IF(J261>J260, IF(H261<>H260,1, I260+1),I260) -> 9 | J261: =_xlfn.ISOWEEKNUM(B261) -> 18
A262: 261 | B262: 45052 | C262: =IF(OR(WEEKDAY(B262) = 7, WEEKDAY(B262) = 1), 1, 0) -> 1 | D262: 1 | E262: =IF((C262+D262)>0, 1, 0) -> 1 | F262: =TEXT(B262, "dddd") -> Saturday | G262: Meivakantie | H262: 4 | I262: =IF(J262>J261, IF(H262<>H261,1, I261+1),I261) -> 9 | J262: =_xlfn.ISOWEEKNUM(B262) -> 18
A263: 262 | B263: 45053 | C263: =IF(OR(WEEKDAY(B263) = 7, WEEKDAY(B263) = 1), 1, 0) -> 1 | D263: 1 | E263: =IF((C263+D263)>0, 1, 0) -> 1 | F263: =TEXT(B263, "dddd") -> Sunday | G263: Meivakantie | H263: 4 | I263: =IF(J263>J262, IF(H263<>H262,1, I262+1),I262) -> 9 | J263: =_xlfn.ISOWEEKNUM(B263) -> 18
A264: 263 | B264: 45054 | C264: =IF(OR(WEEKDAY(B264) = 7, WEEKDAY(B264) = 1), 1, 0) -> 0 | D264: 1 | E264: =IF((C264+D264)>0, 1, 0) -> 1 | F264: =TEXT(B264, "dddd") -> Monday | G264: Meivakantie | H264: 4 | I264: =IF(J264>J263, IF(H264<>H263,1, I263+1),I263) -> 10 | J264: =_xlfn.ISOWEEKNUM(B264) -> 19
A265: 264 | B265: 45055 | C265: =IF(OR(WEEKDAY(B265) = 7, WEEKDAY(B265) = 1), 1, 0) -> 0 | D265: 1 | E265: =IF((C265+D265)>0, 1, 0) -> 1 | F265: =TEXT(B265, "dddd") -> Tuesday | G265: Meivakantie | H265: 4 | I265: =IF(J265>J264, IF(H265<>H264,1, I264+1),I264) -> 10 | J265: =_xlfn.ISOWEEKNUM(B265) -> 19
A266: 265 | B266: 45056 | C266: =IF(OR(WEEKDAY(B266) = 7, WEEKDAY(B266) = 1), 1, 0) -> 0 | D266: 1 | E266: =IF((C266+D266)>0, 1, 0) -> 1 | F266: =TEXT(B266, "dddd") -> Wednesday | G266: Meivakantie | H266: 4 | I266: =IF(J266>J265, IF(H266<>H265,1, I265+1),I265) -> 10 | J266: =_xlfn.ISOWEEKNUM(B266) -> 19
... A271: 270 | B271: 45061 | C271: =IF(OR(WEEKDAY(B271) = 7, WEEKDAY(B271) = 1), 1, 0) -> 0 | D271: 1 | E271: =IF((C271+D271)>0, 1, 0) -> 1 | F271: =TEXT(B271, "dddd") -> Monday | G271: Studiedag | H271: 5 | I271: =IF(J271>J270, IF(H271<>H270,1, I270+1),I270) -> 1 | J271: =_xlfn.ISOWEEKNUM(B271) -> 20
A272: 271 | B272: 45062 | C272: =IF(OR(WEEKDAY(B272) = 7, WEEKDAY(B272) = 1), 1, 0) -> 0 | D272: 0 | E272: =IF((C272+D272)>0, 1, 0) -> 0 | F272: =TEXT(B272, "dddd") -> Tuesday | H272: 5 | I272: =IF(J272>J271, IF(H272<>H271,1, I271+1),I271) -> 1 | J272: =_xlfn.ISOWEEKNUM(B272) -> 20
A273: 272 | B273: 45063 | C273: =IF(OR(WEEKDAY(B273) = 7, WEEKDAY(B273) = 1), 1, 0) -> 0 | D273: 0 | E273: =IF((C273+D273)>0, 1, 0) -> 0 | F273: =TEXT(B273, "dddd") -> Wednesday | H273: 5 | I273: =IF(J273>J272, IF(H273<>H272,1, I272+1),I272) -> 1 | J273: =_xlfn.ISOWEEKNUM(B273) -> 20
...
